Unnamed: 0.1	topic_id	facet_id	facet	initial_request	question1	answer1	question2	answer2	question3	answer3	rewritten_search_query
	1	F0001	"Find the TIME magazine photo essay ""Barack Obama's Family Tree""."	Tell me about Obama family tree.	are you interested in seeing barack obamas family	yes am interested in obamas family	would you like to know barack obamas geneology	yes i want to know who made up his family	would you like to know about obamas ancestors	yes this is what am looking for	Tell me about Obama family tree. are you interested in seeing barack obamas family yes am interested in obamas family would you like to know barack obamas geneology yes i want to know who made up his family would you like to know about obamas ancestors yes this is what am looking for
	1	F0002	Where did Barack Obama's parents and grandparents come from?	Tell me about Obama family tree.	would you like to know barack obamas geneology	yes i want to know where obamas parents and grandparents came from	would you like to know about obamas ancestors	yes particualarly information about his parents and grandparents	are you looking for biological information on his family	yes specifically information about his parents and grandparents	Tell me about Obama family tree. would you like to know barack obamas geneology yes i want to know where obamas parents and grandparents came from would you like to know about obamas ancestors yes particualarly information about his parents and grandparents are you looking for biological information on his family yes specifically information about his parents and grandparents
	1	F0003	Find biographical information on Barack Obama's mother.	Tell me about Obama family tree.	are you interested in seeing barack obamas family	yes please find me information on barack obamas mother	would you like to know about obamas ancestors	yes specifically his mother	are you looking for biological information on his family	yes i am specifically looking for biographical information about his morther	Tell me about Obama family tree. are you interested in seeing barack obamas family yes please find me information on barack obamas mother would you like to know about obamas ancestors yes specifically his mother are you looking for biological information on his family yes i am specifically looking for biographical information about his morther
	10	F0004	What are some low-cost broadband internet providers?	Where can I find cheap internet	are you interested in lowcost internet providers	yes i am looking for some examples of lowcost isps	are you looking for any bundles or deals	yes just anything from cheap isps	are you looking for information on any specific internet technology	yes broadband	Where can I find cheap internet are you interested in lowcost internet providers yes i am looking for some examples of lowcost isps are you looking for any bundles or deals yes just anything from cheap isps are you looking for information on any specific internet technology yes broadband
	10	F0005	Do any internet providers still sell dial-up?	Where can I find cheap internet	are you interested in finding cheap items on the internet	yes i would like to no if any isps sell dial up at a low price	are you interested in lowcost internet providers	yes i am interested if there are any providers who still sell dialup	are you looking for information on any specific internet technology	yes dialup	Where can I find cheap internet are you interested in finding cheap items on the internet yes i would like to no if any isps sell dial up at a low price are you interested in lowcost internet providers yes i am interested if there are any providers who still sell dialup are you looking for information on any specific internet technology yes dialup
	10	F0006	Who can provide inexpensive digital cable television bundled with internet service?	Where can I find cheap internet	do you already have a phone service	yes but which providers bundle cable with internet service	what companies have the lowestcost internet service	yes but more than that not just internet service in and of itself	are you interested in lowcost internet providers	yes i am interested	Where can I find cheap internet do you already have a phone service yes but which providers bundle cable with internet service what companies have the lowestcost internet service yes but more than that not just internet service in and of itself are you interested in lowcost internet providers yes i am interested
	10	F0007	Find me some providers of free wireless internet access.	Where can I find cheap internet	do you already have a phone service	yes i do have phone service	or maybe free internet	yes how can i get free internet	are you interested in lowcost internet providers	yes i am looking for low cost internet providers	Where can I find cheap internet do you already have a phone service yes i do have phone service or maybe free internet yes how can i get free internet are you interested in lowcost internet providers yes i am looking for low cost internet providers
	10	F0008	I want to find cheap DSL providers.	Where can I find cheap internet	or maybe free internet	yes free or low cost	what companies have the lowestcost internet service	yes	are you interested in lowcost internet providers	yes specifically those offering dsl service	Where can I find cheap internet or maybe free internet yes free or low cost what companies have the lowestcost internet service yes are you interested in lowcost internet providers yes specifically those offering dsl service
	10	F0009	Is there a way to get internet access without phone service?	Where can I find cheap internet	are you looking for information on any specific internet technology	yes specifically related to accessing the internet					Where can I find cheap internet are you looking for information on any specific internet technology yes specifically related to accessing the internet
	101	F0010	Find information about the Ritz Carlton resort at Lake Las Vegas.	Find me information about the Ritz Carlton Lake Las Vegas.	are you looking for a specific web site	yes for the ritz carlton resort at lake las vegas	would you like the location of the ritz carlton lake las vegas	yes along with other information	would you like to know the capacity of ritz carlton lake las vegas	yes and other information	Find me information about the Ritz Carlton Lake Las Vegas. are you looking for a specific web site yes for the ritz carlton resort at lake las vegas would you like the location of the ritz carlton lake las vegas yes along with other information would you like to know the capacity of ritz carlton lake las vegas yes and other information
	101	F0011	Find a site where I can determine room price and availability.	Find me information about the Ritz Carlton Lake Las Vegas.	are you wanting a room at the ritz carlton in las vegas	yes i am looking for information on the room price	are you wanting the rates for the ritz carlton in las vegas	yes i need room prices and availability			Find me information about the Ritz Carlton Lake Las Vegas. are you wanting a room at the ritz carlton in las vegas yes i am looking for information on the room price are you wanting the rates for the ritz carlton in las vegas yes i need room prices and availability
	101	F0012	Find directions to the Ritz Carlton Lake Las Vegas.	Find me information about the Ritz Carlton Lake Las Vegas.	are you looking for a specific web site	yes the ritz carlton located in lake las vegas for directions	would you like the location of the ritz carlton lake las vegas	yes i would like the location of the ritz carlton lake las vegas	would you like to know where ritz carlton lake las vegas is on a map	yes i need directions to the ritz carlton lake las vegas	Find me information about the Ritz Carlton Lake Las Vegas. are you looking for a specific web site yes the ritz carlton located in lake las vegas for directions would you like the location of the ritz carlton lake las vegas yes i would like the location of the ritz carlton lake las vegas would you like to know where ritz carlton lake las vegas is on a map yes i need directions to the ritz carlton lake las vegas
	101	F0013	Find reviews of the Ritz Carlton Lake Las Vegas.	Find me information about the Ritz Carlton Lake Las Vegas.	would you like to read some reviews of the ritz carlton lake las vegas	yes id like to read those reviews					Find me information about the Ritz Carlton Lake Las Vegas. would you like to read some reviews of the ritz carlton lake las vegas yes id like to read those reviews
	102	F0014	Find general information about Fickle Creek Farm in North Carolina	What is Fickle Creek Farm	do you want the history of fickle creek farm	yes i would like the history of fickle creek farm	do you want to know the animal population at fickle creek farm	yes along with other general information	do you want to know the location of fickle creek farm	yes along with other general information	What is Fickle Creek Farm do you want the history of fickle creek farm yes i would like the history of fickle creek farm do you want to know the animal population at fickle creek farm yes along with other general information do you want to know the location of fickle creek farm yes along with other general information
	102	F0015	Where is Fickle Creek Farm, and how can I go there?	What is Fickle Creek Farm	are you looking for specific information regarding fickle creek farm	yes i am looking for its location and directions on how to get there	would you like to know where fickle creek farm is on a map	yes and i also need directions on how to get there			What is Fickle Creek Farm are you looking for specific information regarding fickle creek farm yes i am looking for its location and directions on how to get there would you like to know where fickle creek farm is on a map yes and i also need directions on how to get there
	102	F0016	What products do they grow and/or raise there?	What is Fickle Creek Farm	are you looking for specific information regarding fickle creek farm	yes what products do they grow there					What is Fickle Creek Farm are you looking for specific information regarding fickle creek farm yes what products do they grow there
	102	F0017	Where can I buy products that come from Fickle Creek Farm?	What is Fickle Creek Farm	are you looking for a place which sales products from fickle creek farm	yes thats what i want	are you looking for specific information regarding fickle creek farm	yes where to buy thier products			What is Fickle Creek Farm are you looking for a place which sales products from fickle creek farm yes thats what i want are you looking for specific information regarding fickle creek farm yes where to buy thier products
	102	F0018	Find information about staying at the bed and breakfast at Fickle Creek Farm.	What is Fickle Creek Farm	are you looking for information about staying at fickle creek farm	yes i am looking for information about staying at fickle creek farm	are you looking for specific information regarding fickle creek farm	yes i want information about staying there			What is Fickle Creek Farm are you looking for information about staying at fickle creek farm yes i am looking for information about staying at fickle creek farm are you looking for specific information regarding fickle creek farm yes i want information about staying there
	103	F0019	Find historical information about Madam C. J. Walker.	Tell me about madam cj walker	would you like to know the birthplace of madam cj walker	yes	would you like to see facts about madam cj walkers early life	yes that would be historical	do you want more information on the history of madam cj walker	yes that is precisely what i want	Tell me about madam cj walker would you like to know the birthplace of madam cj walker yes would you like to see facts about madam cj walkers early life yes that would be historical do you want more information on the history of madam cj walker yes that is precisely what i want
	103	F0020	Find information about the business that C. J. Walker started.	Tell me about madam cj walker	would you like to see facts about madam cj walkers early life	yes	do you want more information on the history of madam cj walker	yes specifically information about the business that cj walker started	do you want to know what madam cj walker invented	yes and i want information about the business they started	Tell me about madam cj walker would you like to see facts about madam cj walkers early life yes do you want more information on the history of madam cj walker yes specifically information about the business that cj walker started do you want to know what madam cj walker invented yes and i want information about the business they started
	103	F0021	Find information about C. J. Walker's involvement in the political and social issues of her day.	Tell me about madam cj walker	do you want more information on the history of madam cj walker	yes make sure to find her political issues	would you like historical information on madam cj walker	yes but focus on political and social work			Tell me about madam cj walker do you want more information on the history of madam cj walker yes make sure to find her political issues would you like historical information on madam cj walker yes but focus on political and social work
	104	F0022	Find the official legal rules and procedures pertaining to child support in Indiana.	Child support in Indiana?	are you interested in getting details on finding a lawyer for child support	yes but general legal rules	do you owe child support in indiana	yes	do you want to know about a specific indiana child support law	yes what are my legal rights as a mother with two children to child support	Child support in Indiana? are you interested in getting details on finding a lawyer for child support yes but general legal rules do you owe child support in indiana yes do you want to know about a specific indiana child support law yes what are my legal rights as a mother with two children to child support
	104	F0023	Help me calculate my child support obligation in Indiana.	Child support in Indiana?	are you interested in indiana child support	yes i need help calculating it	are you interested in a calculator for child support payments	yes that would be a big help	do you owe child support in indiana	yes	Child support in Indiana? are you interested in indiana child support yes i need help calculating it are you interested in a calculator for child support payments yes that would be a big help do you owe child support in indiana yes
	104	F0024	Find law firms that offer services relevant to child support in Indiana.	Child support in Indiana?	are you interested in indiana child support	yes	are you interested in getting details on finding a lawyer for child support	yes i want this information	do you owe child support in indiana	right now i just want to find a law firm that offers child support services in indiana	Child support in Indiana? are you interested in indiana child support yes are you interested in getting details on finding a lawyer for child support yes i want this information do you owe child support in indiana right now i just want to find a law firm that offers child support services in indiana
	105	F0025	What medical services are available in Sonoma County, California?	Tell me about sonoma county medical services.	would you like the different services that are provided	yes please	do you want information on the differenct services that are provided	yes			Tell me about sonoma county medical services. would you like the different services that are provided yes please do you want information on the differenct services that are provided yes
	105	F0026	I'm looking for the home page of the County Medical Services Program (CMSP) of Sonoma County, California.	Tell me about sonoma county medical services.	do you need any specific information on health insurance	yes the homepage of county medical services program of sonoma county					Tell me about sonoma county medical services. do you need any specific information on health insurance yes the homepage of county medical services program of sonoma county
	105	F0027	I am looking for more information about health care coverage for low-income residents ofSonoma County, CA.	Tell me about sonoma county medical services.	are you looking for specific program information	yes coverage for lowincome people	do you need any specific information on health insurance	yes low income health insurance in sonoma county ca	do you want information on the differenct services that are provided	yes	Tell me about sonoma county medical services. are you looking for specific program information yes coverage for lowincome people do you need any specific information on health insurance yes low income health insurance in sonoma county ca do you want information on the differenct services that are provided yes
	106	F0028	Find testimonials of Universal Animal Cuts nutritional supplement.	I'm looking for universal animal cuts reviews	would you like to see the top reviews for universal animal cuts	yes					I'm looking for universal animal cuts reviews would you like to see the top reviews for universal animal cuts yes
	106	F0029	Are Animal Cuts safe to use, and are they effective?	I'm looking for universal animal cuts reviews	would you like to see the lowest reviews for universal animal cuts	yes	were you interested in the side effects of universal animal cuts	yes that would be great			I'm looking for universal animal cuts reviews would you like to see the lowest reviews for universal animal cuts yes were you interested in the side effects of universal animal cuts yes that would be great
	106	F0030	Sites that sell Universal Animal Cuts that include product reviews.	I'm looking for universal animal cuts reviews	would you like to see comparable products to universal animal cuts	yes with reviews	would you like to see the top reviews for universal animal cuts	yes			I'm looking for universal animal cuts reviews would you like to see comparable products to universal animal cuts yes with reviews would you like to see the top reviews for universal animal cuts yes
	107	F0031	Find demographic information about Cass County, MO.	tell me about cass county missouri	would you like to know more about the city	yes demographic information	are you looking for a specific part of missouri	yes im looking for demographic info on cass county mo			tell me about cass county missouri would you like to know more about the city yes demographic information are you looking for a specific part of missouri yes im looking for demographic info on cass county mo
	107	F0032	What was the 2008 budget for Cass County, MO?	tell me about cass county missouri	is there any specific information that you are looking for	yes the 2008 budget for cass county mo					tell me about cass county missouri is there any specific information that you are looking for yes the 2008 budget for cass county mo
	107	F0033	I am looking for newcomer information for Cass County, Missouri.	tell me about cass county missouri	are you interested in a list of homes for sale in cass county	yes i need newcomer information for cass county missouri	is there any specific information that you are looking for	yes information for someone new to the area	are you looking for a specific part of missouri	yes i am looking for information on cass county	tell me about cass county missouri are you interested in a list of homes for sale in cass county yes i need newcomer information for cass county missouri is there any specific information that you are looking for yes information for someone new to the area are you looking for a specific part of missouri yes i am looking for information on cass county
	107	F0034	Information about zoning regulations in Cass County, Missouri.	tell me about cass county missouri	are you looking for a specific part of missouri	yes cass county					tell me about cass county missouri are you looking for a specific part of missouri yes cass county
	107	F0035	What tourist attractions are in Cass County, MO?	tell me about cass county missouri	is there any specific information that you are looking for	yes what tourist attractions are in cass county mo	there are some interesting historical facts about cass county shall i show them to you	yes	would you like to know more about the city	yes specifically tourist attractions	tell me about cass county missouri is there any specific information that you are looking for yes what tourist attractions are in cass county mo there are some interesting historical facts about cass county shall i show them to you yes would you like to know more about the city yes specifically tourist attractions
	107	F0036	Historical facts about Cass County, Missouri.	tell me about cass county missouri	there are some interesting historical facts about cass county shall i show them to you	yes	are you looking for a specific part of missouri	yes cass county			tell me about cass county missouri there are some interesting historical facts about cass county shall i show them to you yes are you looking for a specific part of missouri yes cass county
	108	F0037	Find biographical information about Ralph Owen Brewster.	Tell me about of Ralph Owen Brester.	are you interested in learning more about ralph owen brewseter	yes and his biography	would you like to know the political positions ralph owen brewster held	yes	would you like to know what political party ralph owen brewster was affiliated with	yes and other information about him	Tell me about of Ralph Owen Brester. are you interested in learning more about ralph owen brewseter yes and his biography would you like to know the political positions ralph owen brewster held yes would you like to know what political party ralph owen brewster was affiliated with yes and other information about him
	108	F0038	What elected offices did Ralph Owen Brewster hold?	Tell me about of Ralph Owen Brester.	are you interested in learning more about ralph owen brewseter	yes and what offices did he hold	would you like to know the political positions ralph owen brewster held	yes please give me a list of the elected offices held by ralph owen brewster	would you like to know about brewsters college education degree and work history	yes i would like to know what elected offices he held	Tell me about of Ralph Owen Brester. are you interested in learning more about ralph owen brewseter yes and what offices did he hold would you like to know the political positions ralph owen brewster held yes please give me a list of the elected offices held by ralph owen brewster would you like to know about brewsters college education degree and work history yes i would like to know what elected offices he held
	108	F0039	What was the relationship between Howard Hughes and Ralph Owen Brewster?	Tell me about of Ralph Owen Brester.	are you interested in learning more about ralph owen brewseter	yes especially about his relationship with howard hughes					Tell me about of Ralph Owen Brester. are you interested in learning more about ralph owen brewseter yes especially about his relationship with howard hughes
	109	F0040	What medical services are available at the Mayo Clinic in Jacksonville, FL?	I'm looking for information about mayo clinic Jacksonville FL	would you like to know more about the mayo clinic facilities and services	yes the services					I'm looking for information about mayo clinic Jacksonville FL would you like to know more about the mayo clinic facilities and services yes the services
	109	F0041	How does one request an appointment at the Mayo Clinic in Jacksonville, Florida?	I'm looking for information about mayo clinic Jacksonville FL	which department are you interested in at mayo clinic jacksonville fl	yes	would you like to request an appointment	yes			I'm looking for information about mayo clinic Jacksonville FL which department are you interested in at mayo clinic jacksonville fl yes would you like to request an appointment yes
	109	F0042	Find the contact information for the Mayo Clinic in Jacksonville, FL.	I'm looking for information about mayo clinic Jacksonville FL	would you like to know more about the mayo clinic facilities and services	yes tell me the ratings mayo clinic facilities and services	would you like to know the phone number of mayo clinic jacksonville fl	yes i would	would you like to request an appointment	yes i would like to make an appointment	I'm looking for information about mayo clinic Jacksonville FL would you like to know more about the mayo clinic facilities and services yes tell me the ratings mayo clinic facilities and services would you like to know the phone number of mayo clinic jacksonville fl yes i would would you like to request an appointment yes i would like to make an appointment
	109	F0043	Housing information for outpatients of the Mayo Clinic in Jacksonville, FL.	I'm looking for information about mayo clinic Jacksonville FL	would you like to know more about the mayo clinic facilities and services	yes i would like to specifically know about mayo clinic in jacksonville fls housing information for outpatients	would you like to know the address of mayo clinic jacksonville fl	yes	are you located in jacksonville fl	yes	I'm looking for information about mayo clinic Jacksonville FL would you like to know more about the mayo clinic facilities and services yes i would like to specifically know about mayo clinic in jacksonville fls housing information for outpatients would you like to know the address of mayo clinic jacksonville fl yes are you located in jacksonville fl yes
	11	F0044	Who are some companies that offer GMAT prep classes?	How to prepare for the GMAT?	would you like to see a price range for gmat prep classes	yes i would like to see price range	are you looking for an online or inperson gmat prep class	yes can you name some companies offering test preperation services			How to prepare for the GMAT? would you like to see a price range for gmat prep classes yes i would like to see price range are you looking for an online or inperson gmat prep class yes can you name some companies offering test preperation services
	11	F0045	I'm looking for some free sample GMAT exams to practice on.	How to prepare for the GMAT?	are you looking for gmat prep classes near you	yes i am looking for gmat prep classes near my current location	are you looking for some sample tests	yes i would like sample test for gmat exams	do you feel unprepared for the gmat test	yes thats why id like some sample exams	How to prepare for the GMAT? are you looking for gmat prep classes near you yes i am looking for gmat prep classes near my current location are you looking for some sample tests yes i would like sample test for gmat exams do you feel unprepared for the gmat test yes thats why id like some sample exams
	11	F0046	I'd like to find some tips to help me do well on the GMAT.	How to prepare for the GMAT?	would you like to know more about the gmat test	yes i would like tips on passing the gmat	are you looking for some sample tests	yes i would like sample tests			How to prepare for the GMAT? would you like to know more about the gmat test yes i would like tips on passing the gmat are you looking for some sample tests yes i would like sample tests
	11	F0047	I'm looking for the BeatTheGMAT blog and forums.	How to prepare for the GMAT?	are you looking for a specific web site	yes im looking for beatthegmat					How to prepare for the GMAT? are you looking for a specific web site yes im looking for beatthegmat
	11	F0048	Take me to the VeritasPrep home page.	How to prepare for the GMAT?	any specific company on your mind	yes veritasprep	are you looking for a specific web site	yes i want the prep test website	do you feel unprepared for the gmat test	yes i would like to take a prep class	How to prepare for the GMAT? any specific company on your mind yes veritasprep are you looking for a specific web site yes i want the prep test website do you feel unprepared for the gmat test yes i would like to take a prep class
	11	F0049	What's the difference between the GRE and the GMAT?	How to prepare for the GMAT?	would you like to know what distinguishes gmat from gre	yes					How to prepare for the GMAT? would you like to know what distinguishes gmat from gre yes
	110	F0050	What are the boundaries of the political jurisdictions in Brazil?	where to go if I made a crime in Brazil	would you like to know about brazil political jurisdictions boundaries	yes	do you need to know where to find a map of brazil	yes but it also needs to show political jurisdictions of brazil			where to go if I made a crime in Brazil would you like to know about brazil political jurisdictions boundaries yes do you need to know where to find a map of brazil yes but it also needs to show political jurisdictions of brazil
	110	F0051	I am looking for information about taking a vacation trip to Brazil.	where to go if I made a crime in Brazil	are you planning a trip to brazil	yes i am looking to take a vacation in brazil	would you like to know information about vacation in brazil	yes			where to go if I made a crime in Brazil are you planning a trip to brazil yes i am looking to take a vacation in brazil would you like to know information about vacation in brazil yes
	110	F0052	I want to buy a road map of Brazil.	where to go if I made a crime in Brazil	are you planning a trip to brazil	yes so i would like to know where can i buy a road map of brazil	do you need to know where to find a map of brazil	yes i owuld like to buy one	do you want a map of the roads in brazil	yes exactly	where to go if I made a crime in Brazil are you planning a trip to brazil yes so i would like to know where can i buy a road map of brazil do you need to know where to find a map of brazil yes i owuld like to buy one do you want a map of the roads in brazil yes exactly
	111	F0053	What treatments are available for dogs diagnosed with lymphoma?	I'd like to learn about lymphoma in dogs	do you want to know the cost of treatment	yes i want to know the cost of treatment for lymphona in dogs	are you looking for treatment options	yes for lymphoma in dogs	do you need information on the prognosis of lymphoma in dogs	yes i would like information on the prognosis of lymphoma in dogs	I'd like to learn about lymphoma in dogs do you want to know the cost of treatment yes i want to know the cost of treatment for lymphona in dogs are you looking for treatment options yes for lymphoma in dogs do you need information on the prognosis of lymphoma in dogs yes i would like information on the prognosis of lymphoma in dogs
	111	F0054	What are the symptoms of lymphoma in dogs?	I'd like to learn about lymphoma in dogs	would you like to know about risk factors of lymphoma in dogs	sure but i need to know the symptoms of lymphoma in dogs as well	are you looking for the symptoms of lymphoma in dogs	yes that is what i am looking for	do you need information on the prognosis of lymphoma in dogs	yes i need information on the progress of lymphoma in dogs	I'd like to learn about lymphoma in dogs would you like to know about risk factors of lymphoma in dogs sure but i need to know the symptoms of lymphoma in dogs as well are you looking for the symptoms of lymphoma in dogs yes that is what i am looking for do you need information on the prognosis of lymphoma in dogs yes i need information on the progress of lymphoma in dogs
	111	F0055	What are the risk factors or causes of lymphoma in dogs?	I'd like to learn about lymphoma in dogs	would you like to know about risk factors of lymphoma in dogs	yes	do you need information on the prognosis of lymphoma in dogs	yes and also the risk factors too	do you want to know about the latest research in lymphoma in dogs	yes	I'd like to learn about lymphoma in dogs would you like to know about risk factors of lymphoma in dogs yes do you need information on the prognosis of lymphoma in dogs yes and also the risk factors too do you want to know about the latest research in lymphoma in dogs yes
	112	F0056	reviews of Kenmore gas water heaters	Is Kenmore heater good	are you iinterested in a kenmore gas water heater	yes i need some reviews of kenmore gas water heaters	would you like reviews on the kenmore gas water heater	yes exactly	do you want to compare different models	yes id like to compare different models of kenmore gas water heaters using reviews	Is Kenmore heater good are you iinterested in a kenmore gas water heater yes i need some reviews of kenmore gas water heaters would you like reviews on the kenmore gas water heater yes exactly do you want to compare different models yes id like to compare different models of kenmore gas water heaters using reviews
	112	F0057	owner manuals for Kenmore (Sears) gas water heaters	Is Kenmore heater good	are you iinterested in a kenmore gas water heater	yes i would like the owners manual	would you like to know who carries this product	yes	are you looking for the instruction of the kenmore sears gas water heaters	yes im looking for instruction manuals	Is Kenmore heater good are you iinterested in a kenmore gas water heater yes i would like the owners manual would you like to know who carries this product yes are you looking for the instruction of the kenmore sears gas water heaters yes im looking for instruction manuals
	112	F0058	information about Kenmore gas water heaters: specifically, features, energy consumption and safety thereof	Is Kenmore heater good	are you iinterested in a kenmore gas water heater	yes and its specifics	are you looking for the instruction of the kenmore sears gas water heaters	yes if they have features energy consumption and safety of the heaters			Is Kenmore heater good are you iinterested in a kenmore gas water heater yes and its specifics are you looking for the instruction of the kenmore sears gas water heaters yes if they have features energy consumption and safety of the heaters
	112	F0059	retailers of and price information for Kenmore gas water heaters	Is Kenmore heater good	are you iinterested in a kenmore gas water heater	yes i need to know the price information for the kenmore gas water heaters	would you like to know how much a kenmore gas water heater is	yes and i also need a nearby retailer	would you like to know who carries this product	yes	Is Kenmore heater good are you iinterested in a kenmore gas water heater yes i need to know the price information for the kenmore gas water heaters would you like to know how much a kenmore gas water heater is yes and i also need a nearby retailer would you like to know who carries this product yes
	113	F0060	retailers, including price information, of the HP Mini 2140 notebook computer	Tell me more about HP mini 2140	do you want to know the price of hp mini 2140	yes but i also want to know who sells it	do you want to know the specs of hp mini 2140	yeah i need to know who sells the hp mini 2140 notebook computer and for how much			Tell me more about HP mini 2140 do you want to know the price of hp mini 2140 yes but i also want to know who sells it do you want to know the specs of hp mini 2140 yeah i need to know who sells the hp mini 2140 notebook computer and for how much
	113	F0061	product reviews for the HP Mini 2140 notebook computer	Tell me more about HP mini 2140	do you want to read reviews of hp mini 2140	yes i would like to read reviews of hp mini 2140	do you want reviews of the hp mini 2140	yes			Tell me more about HP mini 2140 do you want to read reviews of hp mini 2140 yes i would like to read reviews of hp mini 2140 do you want reviews of the hp mini 2140 yes
	113	F0062	technical specifications of the HP Mini 2140 notebook computer	Tell me more about HP mini 2140	do you need technical specifications for the hp mini 2140	yes i need technical specifications of the hp mini 2140	do you want to know the specs of hp mini 2140	yes i want to know the specs of the hp mini 2140			Tell me more about HP mini 2140 do you need technical specifications for the hp mini 2140 yes i need technical specifications of the hp mini 2140 do you want to know the specs of hp mini 2140 yes i want to know the specs of the hp mini 2140
	114	F0063	How does one build an adobe house?	Tell about an adobe indian house?	do you want information about the construction of adobe houses	yes please	do you want to know about pueblo hopi or american indian houses	yes and how they built them	do you want to learn how an adobe indian house is made	yes	Tell about an adobe indian house? do you want information about the construction of adobe houses yes please do you want to know about pueblo hopi or american indian houses yes and how they built them do you want to learn how an adobe indian house is made yes
	114	F0064	information about Indian tribes that used adobe houses	Tell about an adobe indian house?	are you looking for pictures of adobe indian houses	yes and which tribes used them	are you looking for a tour of adobe indian houses	yes that would be nice	do you want to know about pueblo hopi or american indian houses	yes if they used adobe houses	Tell about an adobe indian house? are you looking for pictures of adobe indian houses yes and which tribes used them are you looking for a tour of adobe indian houses yes that would be nice do you want to know about pueblo hopi or american indian houses yes if they used adobe houses
	114	F0065	I'd like to order books or videos/CDs about how to construct adobe buildings.	Tell about an adobe indian house?	are you looking for pictures of adobe indian houses	yes and books and videos on how to build them	do you want information about the construction of adobe houses	yes i am looking for books or videos about constructing adobe buildings	do you want to know about pueblo hopi or american indian houses	yes specifically how to build adobe houses	Tell about an adobe indian house? are you looking for pictures of adobe indian houses yes and books and videos on how to build them do you want information about the construction of adobe houses yes i am looking for books or videos about constructing adobe buildings do you want to know about pueblo hopi or american indian houses yes specifically how to build adobe houses
	115	F0066	career opportunities at PNL: what openings are currently available, what educational background is required, what prior experience is needed	Tell me about the pacific northwest laboratory.	do you need information on employment opportunities	yes i would like to know what is available and if i need a specific degree to work pnl	is there any specific information that you would like to know about employment requirements at pnl	yes what openings are available and what educational background and experience are needed	are you referring to the specific company	yes the company pnl and its career opportunities	Tell me about the pacific northwest laboratory. do you need information on employment opportunities yes i would like to know what is available and if i need a specific degree to work pnl is there any specific information that you would like to know about employment requirements at pnl yes what openings are available and what educational background and experience are needed are you referring to the specific company yes the company pnl and its career opportunities
	115	F0067	types of research projects performed at PNL	Tell me about the pacific northwest laboratory.	are you referring to the specific company	yes the company pnl	do you need any specific information about pnl	yes about which research projects do pnl perform			Tell me about the pacific northwest laboratory. are you referring to the specific company yes the company pnl do you need any specific information about pnl yes about which research projects do pnl perform
	115	F0068	home page of the Pacific Northwest National Laboratory	Tell me about the pacific northwest laboratory.	are you looking for a specific web site	yes the home page of the pacific northwest national laboratory	are you looking for any specific facilities	yes i am needing the pacific northwest national laboratory	are you referring to the specific company	yes pacfific northwest national laboratory	Tell me about the pacific northwest laboratory. are you looking for a specific web site yes the home page of the pacific northwest national laboratory are you looking for any specific facilities yes i am needing the pacific northwest national laboratory are you referring to the specific company yes pacfific northwest national laboratory
	115	F0069	information about the scientific user facilities of the laboratory	Tell me about the pacific northwest laboratory.	are you looking for any specific facilities	yes the scientific user facilities	do you need any specific information about pnl	yes i need information about the scientific user facilities of the laboratory			Tell me about the pacific northwest laboratory. are you looking for any specific facilities yes the scientific user facilities do you need any specific information about pnl yes i need information about the scientific user facilities of the laboratory
	115	F0070	Who operates (manages) PNL?	Tell me about the pacific northwest laboratory.	are you referring to the specific company	yes pacific northwest laboratory	do you need any specific information about pnl	yes who operates or manages pnl			Tell me about the pacific northwest laboratory. are you referring to the specific company yes pacific northwest laboratory do you need any specific information about pnl yes who operates or manages pnl
	116	F0071	Find information about the California Franchise Tax Board.	What is California Franchise Tax Board	do you wish to do an entity search	yes do one on the california franchise tax board	do you want contact information for the board	yes and other general information on them	do you want information on the tax board	yes i do	What is California Franchise Tax Board do you wish to do an entity search yes do one on the california franchise tax board do you want contact information for the board yes and other general information on them do you want information on the tax board yes i do
	116	F0072	How do I register as a tax preparer?	What is California Franchise Tax Board	do you need specific forms to fill out	yes as long as they relate to how to register as a tax preparer	do you want contact information for the board	yes and steps on how to register as a tax preparer			What is California Franchise Tax Board do you need specific forms to fill out yes as long as they relate to how to register as a tax preparer do you want contact information for the board yes and steps on how to register as a tax preparer
	116	F0073	Find contact information for the California FTB.	What is California Franchise Tax Board	do you wish to do an entity search	yes if it reveals the contact information for the california ftb	do you want a phone number	yes plus other contact information	do you want contact information for the board	yes i do	What is California Franchise Tax Board do you wish to do an entity search yes if it reveals the contact information for the california ftb do you want a phone number yes plus other contact information do you want contact information for the board yes i do
	116	F0074	Find tax forms and other information on filing individual taxes.	What is California Franchise Tax Board	are you looking for legal forms	yes i am looking for tax forms and information about filing	do you need specific forms to fill out	yes i need forms to file taxes			What is California Franchise Tax Board are you looking for legal forms yes i am looking for tax forms and information about filing do you need specific forms to fill out yes i need forms to file taxes
	117	F0075	What specific health problems arise from exposure to asbestos?	What are specific dangers of asbestos?	would you like to know about health problems that arise from exposure to asbestos	yes exactly	would you like to know about the dangers of asbestos removal	yes id like to know more about the specific health problems that can arise from asbestos exposure	would you like to know whether asbestos exposure cause cancer	yes as well as other potential risk	What are specific dangers of asbestos? would you like to know about health problems that arise from exposure to asbestos yes exactly would you like to know about the dangers of asbestos removal yes id like to know more about the specific health problems that can arise from asbestos exposure would you like to know whether asbestos exposure cause cancer yes as well as other potential risk
	117	F0076	Find basic information about the dangers of asbestos.	What are specific dangers of asbestos?	are you asking about the dangers of asbestos siding	yes and other types of asbestos as well	what kind of information are you looking for news or research on the dangers of asbestos	yes the latter the dangers of asbestos	would you like to know about health problems that arise from exposure to asbestos	yes along with any other dangers	What are specific dangers of asbestos? are you asking about the dangers of asbestos siding yes and other types of asbestos as well what kind of information are you looking for news or research on the dangers of asbestos yes the latter the dangers of asbestos would you like to know about health problems that arise from exposure to asbestos yes along with any other dangers
	117	F0077	Find mortality rates due to asbestos exposure.	What are specific dangers of asbestos?	what kind of information are you looking for news or research on the dangers of asbestos	yes i would like to know the mortality rates of asbestos exposure	are you looking for some statistics regarding the exposure of asbestos	yes the death rates related to asbestos exposure			What are specific dangers of asbestos? what kind of information are you looking for news or research on the dangers of asbestos yes i would like to know the mortality rates of asbestos exposure are you looking for some statistics regarding the exposure of asbestos yes the death rates related to asbestos exposure
	118	F0078	"What is ""Poem in Your Pocket Day""?"	What is Poem in Your Pocket Day?	do you need information related to celebrating the poem in your pocket day	yes i want to know what poem in your pocket day is					What is Poem in Your Pocket Day? do you need information related to celebrating the poem in your pocket day yes i want to know what poem in your pocket day is
	118	F0079	Find poems written for Poem In Your Pocket Day.	What is Poem in Your Pocket Day?	are you interested in the canadian holiday	yes but specifically in subject matter related to that day	do you need printable poems	yes	are you looking for examples of poems to carry for poem in your pocket day	yes i am looking for example of poems to carry	What is Poem in Your Pocket Day? are you interested in the canadian holiday yes but specifically in subject matter related to that day do you need printable poems yes are you looking for examples of poems to carry for poem in your pocket day yes i am looking for example of poems to carry
	118	F0080	Find ideas for how to celebrate Poem in Your Pocket Day and National Poetry Month.	What is Poem in Your Pocket Day?	do you need printable poems	yes that would help me celebrate poem in your pocket day	are you looking for activities for the day	yes specifically for poem in your pocket day	are you looking for examples of poems to carry for poem in your pocket day	yes and other ideas on how to celebrate the day	What is Poem in Your Pocket Day? do you need printable poems yes that would help me celebrate poem in your pocket day are you looking for activities for the day yes specifically for poem in your pocket day are you looking for examples of poems to carry for poem in your pocket day yes and other ideas on how to celebrate the day
	118	F0081	Find specific events in New York City connected to Poem In Your Pocket Day.	What is Poem in Your Pocket Day?	are you looking for activities for the day	yes in new york city	did you want the know what the reasoning for having poem in your pocket day is	yes i would like to know	did you want to know if there are activities for poem in your pocket day near you	yes im looking for events in new york city	What is Poem in Your Pocket Day? are you looking for activities for the day yes in new york city did you want the know what the reasoning for having poem in your pocket day is yes i would like to know did you want to know if there are activities for poem in your pocket day near you yes im looking for events in new york city
	119	F0082	Get help on writing a thank-you letter after a job interview.	How to write a thank you letter after an interview?	are you interested in example of thank you letters for interview	yes	would you like to know more about writing interview thank you letters	yes	are you interested in interview thank you letters	yes	How to write a thank you letter after an interview? are you interested in example of thank you letters for interview yes would you like to know more about writing interview thank you letters yes are you interested in interview thank you letters yes
	119	F0083	Find examples of thank-you letters for sending after an interview.	How to write a thank you letter after an interview?	are you interested in example of thank you letters for interview	yes i would like examples of thank you letters to send after an interview	would you like to know more about writing interview thank you letters	yes	are you interested in interview thank you letters	yes finding examples would be a good start	How to write a thank you letter after an interview? are you interested in example of thank you letters for interview yes i would like examples of thank you letters to send after an interview would you like to know more about writing interview thank you letters yes are you interested in interview thank you letters yes finding examples would be a good start
	119	F0084	How can I best end a job interview positively?	How to write a thank you letter after an interview?	are you interested in example of thank you letters for interview	yes i need examples of thank you letters after interviews	are you interested in learning how to write a thank you letter after an interview	yes i would like to have this information related to post job interview	are you looking for an interview preparation guide	yes i would like information on the right way to end an interview	How to write a thank you letter after an interview? are you interested in example of thank you letters for interview yes i need examples of thank you letters after interviews are you interested in learning how to write a thank you letter after an interview yes i would like to have this information related to post job interview are you looking for an interview preparation guide yes i would like information on the right way to end an interview
	12	F0085	I'm looking for DJs that specialize in hip-hop music.	how to hire disc jockey	is there a certain type of dj you are looking for	yes i am looking for a dj that plays hip hop music	are you looking for different kinds of djs	yes but they need to specialize in hiphop music	are you looking for djs	yes i am looking for djs that specialize in hiphop music	how to hire disc jockey is there a certain type of dj you are looking for yes i am looking for a dj that plays hip hop music are you looking for different kinds of djs yes but they need to specialize in hiphop music are you looking for djs yes i am looking for djs that specialize in hiphop music
	12	F0086	I want to hire a DJ for a wedding.	how to hire disc jockey	do you want to go to a djs website	yes but wedding djs	is there a certain type of dj you are looking for	yes i which to hire a dj for a wedding	are you looking for djs in your area	yes	how to hire disc jockey do you want to go to a djs website yes but wedding djs is there a certain type of dj you are looking for yes i which to hire a dj for a wedding are you looking for djs in your area yes
	12	F0087	How do I become a radio disc jockey?	how to hire disc jockey	would you like to know how to become a dj	yes i would like to know how to become a dj	would you like to read about dj employment	yes i want to know how to become a dj			how to hire disc jockey would you like to know how to become a dj yes i would like to know how to become a dj would you like to read about dj employment yes i want to know how to become a dj
	12	F0088	What jobs are available for disc jockeys?	how to hire disc jockey	would you like to read about dj employment	yes					how to hire disc jockey would you like to read about dj employment yes
	120	F0089	Looking for information on how to watch television programming on your computer.	TV on computer	are you looking for netflix	yes and another options	do you want to find online tv streaming services	yes and how to watch tv on my computer	do you want to know technical information about tv on computer	yes how to watch television on my computer	TV on computer are you looking for netflix yes and another options do you want to find online tv streaming services yes and how to watch tv on my computer do you want to know technical information about tv on computer yes how to watch television on my computer
	120	F0090	How much does it cost to get TV programs online?	TV on computer	do you want to find online tv streaming services	yes and the costs	do you want to purchase streaming services	yes i am interested in the price			TV on computer do you want to find online tv streaming services yes and the costs do you want to purchase streaming services yes i am interested in the price
	120	F0091	Get technical help for watching TV programs on the computer.	TV on computer	do you want to find online tv streaming services	yes and the steps for watching tv on the computer	do you want to know what sites you can watch tv on the computer at	yes and the steps on how to watch tv on the computer	would you like to know how to watch tv on your computer	yes	TV on computer do you want to find online tv streaming services yes and the steps for watching tv on the computer do you want to know what sites you can watch tv on the computer at yes and the steps on how to watch tv on the computer would you like to know how to watch tv on your computer yes
	120	F0092	Find television channels and shows that I can watch online on my computer.	TV on computer	are you interested in buying a tv with a computer included	yes	do you want to find online tv streaming services	yes i would like to stream channels and shows that i can watch on my computer	do you want to know what sites you can watch tv on the computer at	yes i want to watch television shows on my computer	TV on computer are you interested in buying a tv with a computer included yes do you want to find online tv streaming services yes i would like to stream channels and shows that i can watch on my computer do you want to know what sites you can watch tv on the computer at yes i want to watch television shows on my computer
	121	F0093	"Find out what the ""sit and reach test"" is."	Tell me about the sit and reach test.	do you want general information about the test	yes i want to know what it is	do you want to know how to perform this test	yes id like to know about this test	do you want to know the purpose of the test	yes and what is the test specifically	Tell me about the sit and reach test. do you want general information about the test yes i want to know what it is do you want to know how to perform this test yes id like to know about this test do you want to know the purpose of the test yes and what is the test specifically
	121	F0094	How is this test used in physical rehabilitation treatment?	Tell me about the sit and reach test.	would you like to know where the test is used in	yes i want to know how it is used in physical rehabilitation treatment	do you want general information about the test	yes general information about the sit and reach test	do you want to know the purpose of the test	yes i would like to know the reason behind the sit and reach test	Tell me about the sit and reach test. would you like to know where the test is used in yes i want to know how it is used in physical rehabilitation treatment do you want general information about the test yes general information about the sit and reach test do you want to know the purpose of the test yes i would like to know the reason behind the sit and reach test
	121	F0095	How is the sit and reach test properly done?	Tell me about the sit and reach test.	are you looking for information on how its scored	yes	do you need instructions to do the test	yes and the proper performance of the test	do you want general information about the test	yes	Tell me about the sit and reach test. are you looking for information on how its scored yes do you need instructions to do the test yes and the proper performance of the test do you want general information about the test yes
	121	F0096	What does the sit and reach test measure?	Tell me about the sit and reach test.	are you looking for information on how its scored	yes and what exactly it measures	do you want general information about the test	yes i want to know what it measures	do you want to know the purpose of the test	yes i want to know what it measures	Tell me about the sit and reach test. are you looking for information on how its scored yes and what exactly it measures do you want general information about the test yes i want to know what it measures do you want to know the purpose of the test yes i want to know what it measures
	122	F0097	What is the history of the Culpeper National Cemetery?	Tell me more about Culpeper National Cemetry	would you like to see news about culpeper national cemetary	yes including the history of the cemetary	do you want to know the history of culpeper national cemetery	yes i do	would you like to know the history of culpeper national cemetary	yes	Tell me more about Culpeper National Cemetry would you like to see news about culpeper national cemetary yes including the history of the cemetary do you want to know the history of culpeper national cemetery yes i do would you like to know the history of culpeper national cemetary yes
	122	F0098	Where is the Culpeper National Cemetery located?	Tell me more about Culpeper National Cemetry	would you like to know the way to culpeper national cemetary	yes that is what i want	do you need directions to culpeper national cemetery	yes	do you need the address of culpeper national cemetery	yes	Tell me more about Culpeper National Cemetry would you like to know the way to culpeper national cemetary yes that is what i want do you need directions to culpeper national cemetery yes do you need the address of culpeper national cemetery yes
	122	F0099	information regarding who can be buried at Culpeper National Cemetery	Tell me more about Culpeper National Cemetry	do you want to know the history of culpeper national cemetery	sure can you tell me everything about it					Tell me more about Culpeper National Cemetry do you want to know the history of culpeper national cemetery sure can you tell me everything about it
	123	F0100	What is von Willebrand Disease?	What is von Willebrand Disease?	would you like to learn about the symptoms of von willebrand disease	yes and i would like general information	are you interested in the types of von willebrand disease	yes and just general information about it	are you looking for specific information about von willebrand disease	yes	What is von Willebrand Disease? would you like to learn about the symptoms of von willebrand disease yes and i would like general information are you interested in the types of von willebrand disease yes and just general information about it are you looking for specific information about von willebrand disease yes
	123	F0101	What are the symptoms of von Willebrand Disease?	What is von Willebrand Disease?	would you like to learn about the symptoms of von willebrand disease	yes i am interested in the symptoms and the side effects of von willebrand disease	are you looking for specific information about von willebrand disease	yes the symptoms	do you want information about von willebrand disease in dogs	yes what are the symptoms	What is von Willebrand Disease? would you like to learn about the symptoms of von willebrand disease yes i am interested in the symptoms and the side effects of von willebrand disease are you looking for specific information about von willebrand disease yes the symptoms do you want information about von willebrand disease in dogs yes what are the symptoms
	123	F0102	What treatments exist for von Willebrand Disease?	What is von Willebrand Disease?	are you interested in learning about treatments for von willebrand disease	yes	are you looking for specific information about von willebrand disease	yes i want to find the treatment options for von wilebrand disease	do you want to know how von willebrand disease is treated	yes	What is von Willebrand Disease? are you interested in learning about treatments for von willebrand disease yes are you looking for specific information about von willebrand disease yes i want to find the treatment options for von wilebrand disease do you want to know how von willebrand disease is treated yes
	124	F0103	Find information about the Bowflex Power Pro.	Tell me about Bowflex Power Pro.	would you like to learn more about how to exercise with the bowflex power pro	yes	would you like to see specs on this equipment	yes i would like to see specs on the bowflex power pro	are you interested in where the bowflex power pro is produced	yes i would be interested on where the bowflex power pro is produced	Tell me about Bowflex Power Pro. would you like to learn more about how to exercise with the bowflex power pro yes would you like to see specs on this equipment yes i would like to see specs on the bowflex power pro are you interested in where the bowflex power pro is produced yes i would be interested on where the bowflex power pro is produced
	124	F0104	Find reviews of the Bowflex Power Pro.	Tell me about Bowflex Power Pro.	would you like to see some reviews	yes i want reviews of the bowflex power pro	are you looking for any specific information on bowflex power pro	yes i want to find reviews	do you want to know about reviews on the bowflex power pro	yes i do	Tell me about Bowflex Power Pro. would you like to see some reviews yes i want reviews of the bowflex power pro are you looking for any specific information on bowflex power pro yes i want to find reviews do you want to know about reviews on the bowflex power pro yes i do
	124	F0105	Find recall notices for the Bowflex Power Pro.	Tell me about Bowflex Power Pro.	are you wondering if there has been a recall notice	yes can you tell me					Tell me about Bowflex Power Pro. are you wondering if there has been a recall notice yes can you tell me
	124	F0106	Find a retailer from whom I can buy a Bowflex Power Pro.	Tell me about Bowflex Power Pro.	are you looking for any specific information on bowflex power pro	yes i am looking for a retailer i can buy a bowflex power pro from	do you want to buy some parts for this equipment	yes i do	would you like to know where to buy one	yes i would	Tell me about Bowflex Power Pro. are you looking for any specific information on bowflex power pro yes i am looking for a retailer i can buy a bowflex power pro from do you want to buy some parts for this equipment yes i do would you like to know where to buy one yes i would
	125	F0107	What is the difference between butter and margarine?	butter and margarine	would you like to know the differences between butter and margarine	yes what is the difference between butter and margarine	are you looking for butter and margarine comparison	yes compare butter and margarine	are you looking for health facts of butter and mararine	yes that is also help but i am interested in the major differences of both types of fats	butter and margarine would you like to know the differences between butter and margarine yes what is the difference between butter and margarine are you looking for butter and margarine comparison yes compare butter and margarine are you looking for health facts of butter and mararine yes that is also help but i am interested in the major differences of both types of fats
	125	F0108	What is the difference in regards to cholesterol, calorie count, and other nutritional qualities.	butter and margarine	are you interested in the the nutritional value of butter and margarine	yes	would you like to know the differences between butter and margarine	yes cholesterol calorie count and the other nutritional qualities	are you looking for butter and margarine comparison	yes i am specifically nutritional differences	butter and margarine are you interested in the the nutritional value of butter and margarine yes would you like to know the differences between butter and margarine yes cholesterol calorie count and the other nutritional qualities are you looking for butter and margarine comparison yes i am specifically nutritional differences
	125	F0109	How are butter and margarine made?	butter and margarine	would you like to know about butter and margarine making process	yes	are you looking for the history of butter and margarine	yesi want to know how they are made and how they differ			butter and margarine would you like to know about butter and margarine making process yes are you looking for the history of butter and margarine yesi want to know how they are made and how they differ
	126	F0110	Find a map of the inside of the US Capitol.	Find me a map of the US Capitol	are you interested in a map of capitol hill	yes	are you referring to washington dc	yes a map ofthe inside of the us capitol	do you want a map of washington dc	yes	Find me a map of the US Capitol are you interested in a map of capitol hill yes are you referring to washington dc yes a map ofthe inside of the us capitol do you want a map of washington dc yes
	126	F0111	Find a map of the area around the US Capitol, including nearby sites to visit.	Find me a map of the US Capitol	are you interested in a map of capitol hill	yes i want a map of the area around the us capitol including nearby sites to visit	are you referring to washington dc	yes i need to find a map of the us capitol	do you want a map of washington dc	yes and one which includees popular tourist sites and things to do	Find me a map of the US Capitol are you interested in a map of capitol hill yes i want a map of the area around the us capitol including nearby sites to visit are you referring to washington dc yes i need to find a map of the us capitol do you want a map of washington dc yes and one which includees popular tourist sites and things to do
	127	F0112	Find information for tourists about Dutchess County, NY.	I'm looking for information on duchess county tourism	are you looking for information related to tourism	yes i am	are you seeking an event calendar for dutchess county	yes and other tourist information			I'm looking for information on duchess county tourism are you looking for information related to tourism yes i am are you seeking an event calendar for dutchess county yes and other tourist information
	127	F0113	Find the homepage of Dutchess County (NY) Tourism.	I'm looking for information on duchess county tourism	are you looking for information related to tourism	yes to be specific i want a certain tourism website	did you want to know about the dutchess county tourism center	yes i want a link to their homepage			I'm looking for information on duchess county tourism are you looking for information related to tourism yes to be specific i want a certain tourism website did you want to know about the dutchess county tourism center yes i want a link to their homepage
	128	F0114	What do atypical squamous cells mean on a pap smear test?	Tell me about atypical squamous cells	are you interested in a desciption of aytypical squamous cells	yes and it must be related to pap smear tests	are you interested in atypical squamous cells in a test result	yes on a pap smear test	do you want to learn about atypical squamous cells in a pap smear	yes	Tell me about atypical squamous cells are you interested in a desciption of aytypical squamous cells yes and it must be related to pap smear tests are you interested in atypical squamous cells in a test result yes on a pap smear test do you want to learn about atypical squamous cells in a pap smear yes
	128	F0115	Find information on cervical cancer, atypical squamous cells, and human papillomavirus (HPV).	Tell me about atypical squamous cells	are you interested in a desciption of aytypical squamous cells	yes but i also need information on cervical cancer and hpv	are you interested in atypical squamous cells in a test result	yes and i need information also about cervical caner and hpv	do you want to learn about atypical squamous cells in a pap smear	yes and about hpv	Tell me about atypical squamous cells are you interested in a desciption of aytypical squamous cells yes but i also need information on cervical cancer and hpv are you interested in atypical squamous cells in a test result yes and i need information also about cervical caner and hpv do you want to learn about atypical squamous cells in a pap smear yes and about hpv
	128	F0116	How often may atypical squamous cells predict cervical cancer?	Tell me about atypical squamous cells	are you interested in a desciption of aytypical squamous cells	yes im wanting to know how often they can predict cancer	are you interested in atypical squamous cells in a test result	yesand if they can predict cancer	do you want to learn about atypical squamous cells in a pap smear	yes	Tell me about atypical squamous cells are you interested in a desciption of aytypical squamous cells yes im wanting to know how often they can predict cancer are you interested in atypical squamous cells in a test result yesand if they can predict cancer do you want to learn about atypical squamous cells in a pap smear yes
	129	F0117	Find general information about Iowa's food stamps program.	Tell me information about Iowa's food stamp program	would you like a website about this topic	yes	are you looking for more information on food stamps in iowa	yes is there a website to view			Tell me information about Iowa's food stamp program would you like a website about this topic yes are you looking for more information on food stamps in iowa yes is there a website to view
	129	F0118	How do I apply for Iowa's Food Assistance (food stamps) Program?	Tell me information about Iowa's food stamp program	do you need to apply for food stamps in iowa	yes exactly so how do i do it	regarding food stamps in iowa are you looking for eligibility information	yes and also how would i apply	would you like a website about this topic	yes that would do	Tell me information about Iowa's food stamp program do you need to apply for food stamps in iowa yes exactly so how do i do it regarding food stamps in iowa are you looking for eligibility information yes and also how would i apply would you like a website about this topic yes that would do
	129	F0119	Find the homepage for Iowa's Food Assistance Program?	Tell me information about Iowa's food stamp program	regarding food stamps in iowa are you looking for eligibility information	yes i need to know if i qualify	would you like a website about this topic	yes	are you looking for a specific web site	yes i am looking for the iowa food assistance program website	Tell me information about Iowa's food stamp program regarding food stamps in iowa are you looking for eligibility information yes i need to know if i qualify would you like a website about this topic yes are you looking for a specific web site yes i am looking for the iowa food assistance program website
	129	F0120	Find statistics for the food stamp program in Iowa.	Tell me information about Iowa's food stamp program	are you looking for more information on food stamps in iowa	yes					Tell me information about Iowa's food stamp program are you looking for more information on food stamps in iowa yes
	13	F0121	Take me to the Google Maps homepage.	map	do you want themed maps	yes take me to themed maps	would you like to see google maps homepage	yes please take me to the google maps homepage	are you interested in satellite maps	yes i would like google maps	map do you want themed maps yes take me to themed maps would you like to see google maps homepage yes please take me to the google maps homepage are you interested in satellite maps yes i would like google maps
	13	F0122	I want to find free printable maps.	map	are you interested in cartography	yes specifically where i can find free printable maps	do you want a tourist map	yes ones that i can print			map are you interested in cartography yes specifically where i can find free printable maps do you want a tourist map yes ones that i can print
	13	F0123	I want to find sources for satellite maps and live satellite photos.	map	are you interested in satellite maps	yes i am	do you want a map of your local area	yes			map are you interested in satellite maps yes i am do you want a map of your local area yes
	13	F0124	I'm looking for an online world atlas.	map	are you looking for a world atlas	yes i am looking for an online world atlas	do you have map apps on your phone	yes i have map apps on my phone which i mostly used for travelling			map are you looking for a world atlas yes i am looking for an online world atlas do you have map apps on your phone yes i have map apps on my phone which i mostly used for travelling
	130	F0125	Find information about the planet Uranus.	What are characteristics of Uranus	do you want to read an encyclopedia entry on uranus	sure that maybe helpful	are you wondering the size of uranus	yes and other general information	are you wondering the temperature of uranus	yes and i would like to know other information about uranus as well	What are characteristics of Uranus do you want to read an encyclopedia entry on uranus sure that maybe helpful are you wondering the size of uranus yes and other general information are you wondering the temperature of uranus yes and i would like to know other information about uranus as well
	130	F0127	Find information on Uranus suitable for elementary-to-middle school students, such as lesson content or interactive sites.	What are characteristics of Uranus	do you want to read an encyclopedia entry on uranus	yes one for elementarymiddle school students	are you looking for learning material for school	yes specifically for students at the elementary school to junior high school level	are you wondering the temperature of uranus	yes plus other facts suitable for elementary to middle school students	What are characteristics of Uranus do you want to read an encyclopedia entry on uranus yes one for elementarymiddle school students are you looking for learning material for school yes specifically for students at the elementary school to junior high school level are you wondering the temperature of uranus yes plus other facts suitable for elementary to middle school students
	130	F0128	What do we know about Uranus, versus what open questions are there about the planet?	What are characteristics of Uranus	are there any specific details that you are trying to find out	yes i want to know what open questions we have about uranus versus what we know for facts	are you wondering the size of uranus	yes i want to know about uranus	do you want to know how old it is estimated to be	yes and other things we know along with stuff we are curious but ignorant about	What are characteristics of Uranus are there any specific details that you are trying to find out yes i want to know what open questions we have about uranus versus what we know for facts are you wondering the size of uranus yes i want to know about uranus do you want to know how old it is estimated to be yes and other things we know along with stuff we are curious but ignorant about
	131	F0129	"What does the phrase, ""equal opportunity employer"" mean?"	What is equal opportunity employer?	would you like to know the history of the equal opportunity employer act	yes	would you like to know what the equal opportunity employer act is	yes i am specifically interested in the definition of the term equal opportunity employer	do you want to know what being an equal opportunity employer means	yes	What is equal opportunity employer? would you like to know the history of the equal opportunity employer act yes would you like to know what the equal opportunity employer act is yes i am specifically interested in the definition of the term equal opportunity employer do you want to know what being an equal opportunity employer means yes
	131	F0130	Whom can I contact if I think I am being discriminated against by an equal opportunity employer?	What is equal opportunity employer?	are you looking for a specific web page	yes i would like to know who to contact about being discriminated against by an equal opportunity employer	are you looking for anything specific in terms of equal opportunity discrimination	yes im trying to find out who to contact if i think im being discriminated against	are you looking for specific information regarding an equal opportunity employer	yes i am looking for how to report a violation of the equal opportunity employer act	What is equal opportunity employer? are you looking for a specific web page yes i would like to know who to contact about being discriminated against by an equal opportunity employer are you looking for anything specific in terms of equal opportunity discrimination yes im trying to find out who to contact if i think im being discriminated against are you looking for specific information regarding an equal opportunity employer yes i am looking for how to report a violation of the equal opportunity employer act
	131	F0131	Find the homepage of the Equal Employment Opportunity Commission.	What is equal opportunity employer?	are you looking for a specific web page	yes i am looking for the equal employment opportunity commission homepage					What is equal opportunity employer? are you looking for a specific web page yes i am looking for the equal employment opportunity commission homepage
	132	F0132	lyrics of songs written for Mothers' Day	I'm interested in mothers day songs	are you looking for any specific lyrics	yes im looking for lyrics for mothers day songs					I'm interested in mothers day songs are you looking for any specific lyrics yes im looking for lyrics for mothers day songs
	132	F0133	names of artists who have recorded songs about Mother's Day	I'm interested in mothers day songs	would you like to know about specific artists related to mothers day	yes exactly what i want to know	are you looking for a playlist of mothers days songs	yes and the names of the artists			I'm interested in mothers day songs would you like to know about specific artists related to mothers day yes exactly what i want to know are you looking for a playlist of mothers days songs yes and the names of the artists
	133	F0134	"Who said ""all men are created equal""?"	all men are created equal	would you like to learn about the author of that quote	yes i want to know who said it and why	would you like to learn about the origin of that quote	yes who said that quote	would you like to learn more about the declaration of independence	yes if it has all men were created equal in it	all men are created equal would you like to learn about the author of that quote yes i want to know who said it and why would you like to learn about the origin of that quote yes who said that quote would you like to learn more about the declaration of independence yes if it has all men were created equal in it
	133	F0135	information about the drafting of the Declaration of Independence	all men are created equal	would you like to learn about the author of that quote	yes	would you like to learn more about the declaration of independence	yes exactly	would you like to know more about the declaration of independence	yes tell me more about its drafting	all men are created equal would you like to learn about the author of that quote yes would you like to learn more about the declaration of independence yes exactly would you like to know more about the declaration of independence yes tell me more about its drafting
	133	F0136	image of the Declaration of Independence at the National Archives	all men are created equal	are you looking for declaration of independence at the national archives	yes im looking for a picture of that	would you like to learn more about the declaration of independence	yes i would like to see an image of the declaration of independence from the national archives	would you like to know more about the declaration of independence	yes can you show me a photo of the declaration of independence	all men are created equal are you looking for declaration of independence at the national archives yes im looking for a picture of that would you like to learn more about the declaration of independence yes i would like to see an image of the declaration of independence from the national archives would you like to know more about the declaration of independence yes can you show me a photo of the declaration of independence
	133	F0137	"How has the phrase ""all men are created equal"" been interpreted over time by the US surpreme Court?"	all men are created equal	would you like to know its interpretation by the us supreme court	yes					all men are created equal would you like to know its interpretation by the us supreme court yes
	133	F0138	quotes about independence	all men are created equal	are you looking for declaration of independence at the national archives	yes i need the specific quotes about the equality					all men are created equal are you looking for declaration of independence at the national archives yes i need the specific quotes about the equality
	134	F0139	What different types of electronic skeet shooting games are available?	Tell me about electronic skeet shoot.	what would you like to know about electronic skeet shoot	yes specifically what games are available	would you like the instructions for electronic skeet shoot	yes along with descriptions of different types	would you like to know different types of it	yes	Tell me about electronic skeet shoot. what would you like to know about electronic skeet shoot yes specifically what games are available would you like the instructions for electronic skeet shoot yes along with descriptions of different types would you like to know different types of it yes
	134	F0140	product reviews for electronic skeet shooting games	Tell me about electronic skeet shoot.	would you like to know different types of it	yes along with reviews of each and comparison informative	are you looking for reviews related to it	yes i am looking for reviews			Tell me about electronic skeet shoot. would you like to know different types of it yes along with reviews of each and comparison informative are you looking for reviews related to it yes i am looking for reviews
	134	F0141	retailers selling electronic skeet shooting games with price information	Tell me about electronic skeet shoot.	would you like to see the retailers selling it	yes i would like to see the retailers who sell skeet games	are you interested where to find one	yes i need information on where to find one			Tell me about electronic skeet shoot. would you like to see the retailers selling it yes i would like to see the retailers who sell skeet games are you interested where to find one yes i need information on where to find one
	134	F0142	information about product recalls for electronic skeet shooting games	Tell me about electronic skeet shoot.	are you looking for product recalls	yes i would like information about product recalls for electronic skeet shooting games	are you wanting to know what it is	yes			Tell me about electronic skeet shoot. are you looking for product recalls yes i would like information about product recalls for electronic skeet shooting games are you wanting to know what it is yes
	135	F0144	information on the feud between Speke and Burton over the discovery of the source of the Nile river	Tell me about source of the nile	are you interested in the origin of the nile	yes and i want to learn about the fued between speke and burton	are you referring to the nile river	yes i want information on the feud between speke and burton over the discovery of the source of the river	do you want a map	yes i want a map containing the nile river	Tell me about source of the nile are you interested in the origin of the nile yes and i want to learn about the fued between speke and burton are you referring to the nile river yes i want information on the feud between speke and burton over the discovery of the source of the river do you want a map yes i want a map containing the nile river
	135	F0145	map of the Nile River basin	Tell me about source of the nile	are you referring to the nile river	yes the nile river and its basin	do you want a map	yes	is there any specific information about the river that would interest you	yes a map of its river basin	Tell me about source of the nile are you referring to the nile river yes the nile river and its basin do you want a map yes is there any specific information about the river that would interest you yes a map of its river basin
	136	F0146	What are the registration requirements for enrolling at American Military University?	Tell me about american military university.	would you like to know how to get to the american military university	yes by showing me the registration requirements	are you referring to the american military university as in the actual school	yes im looking for entrance requirements	are you wanting to know more about the entrance requirements	yes	Tell me about american military university. would you like to know how to get to the american military university yes by showing me the registration requirements are you referring to the american military university as in the actual school yes im looking for entrance requirements are you wanting to know more about the entrance requirements yes
	136	F0147	reviews and commentary on the quality of education received by students at American Military University	Tell me about american military university.	would you like to read some reviews about american military university	yes	are you referring to the american military university as in the actual school	yes am referring to the actual school			Tell me about american military university. would you like to read some reviews about american military university yes are you referring to the american military university as in the actual school yes am referring to the actual school
	136	F0148	find the home page of the American Military University	Tell me about american military university.	are you looking for a specific web page	yes the home page of the american military university would be nice	are you referring to the american military university as in the actual school	yes			Tell me about american military university. are you looking for a specific web page yes the home page of the american military university would be nice are you referring to the american military university as in the actual school yes
	137	F0149	Looking for locations and dates of rock and gem shows.	tell me about rock and gem shows	are you curious about rock and gem shows	yes locations and dates	would you like directions to local rock and gem shows	yes when is the next rock concert in pittsburgh pennsylvania	would you like to know about rock and gem shows in washington	yes i would like to know locations and dates of rock and gem shows	tell me about rock and gem shows are you curious about rock and gem shows yes locations and dates would you like directions to local rock and gem shows yes when is the next rock concert in pittsburgh pennsylvania would you like to know about rock and gem shows in washington yes i would like to know locations and dates of rock and gem shows
	137	F0150	rock and gem shows that offer lapidary classes	tell me about rock and gem shows	are you curious about rock and gem shows	yes i am interested in the gem shows that offer lapidary classes	would you like a list of rock and gem shows in 2019	yes i want a list of rock and gem shows that offer lapidary classes	would you like to learn about rock and gem shows in oregon	yes specificallyshows that offer lapidary classes	tell me about rock and gem shows are you curious about rock and gem shows yes i am interested in the gem shows that offer lapidary classes would you like a list of rock and gem shows in 2019 yes i want a list of rock and gem shows that offer lapidary classes would you like to learn about rock and gem shows in oregon yes specificallyshows that offer lapidary classes
	137	F0151	information on clubs that host rock and gem shows	tell me about rock and gem shows	would you like to know about rock and gem shows in washington	yes also please provide any other rock and gem show clubs	would you like to learn about rock and gem shows in oregon	yes	are you interested in finding rock and gem shows near you	yes clubs that have them	tell me about rock and gem shows would you like to know about rock and gem shows in washington yes also please provide any other rock and gem show clubs would you like to learn about rock and gem shows in oregon yes are you interested in finding rock and gem shows near you yes clubs that have them
	138	F0152	contact information for Jax Chemical Company	I'm looking for information on jax chemical company	do you need contact information	yes please	do you need info on jax chemical company	yes specifically for contacting them	do you need the address of jax chemical company	yes in addition to the rest of their contact information	I'm looking for information on jax chemical company do you need contact information yes please do you need info on jax chemical company yes specifically for contacting them do you need the address of jax chemical company yes in addition to the rest of their contact information
	138	F0153	find the home page of the Jax Chemical Company	I'm looking for information on jax chemical company	do you want a jax chemical company coupon	yes	would you like to see their homepage	yes let me see their homepage	do you need info on jax chemical company	yes i need their homepage	I'm looking for information on jax chemical company do you want a jax chemical company coupon yes would you like to see their homepage yes let me see their homepage do you need info on jax chemical company yes i need their homepage
	138	F0154	What type of surface treatment products does Jax Chemical Company manufacture?	I'm looking for information on jax chemical company	are you interested in a specific type of product	yes surface treatment products that jax chemical company manufactures	would you like to see their homepage	yes and i specifically would like to see what products they have for treating surfaces	do you need info on jax chemical company	yes i need information on their products	I'm looking for information on jax chemical company are you interested in a specific type of product yes surface treatment products that jax chemical company manufactures would you like to see their homepage yes and i specifically would like to see what products they have for treating surfaces do you need info on jax chemical company yes i need information on their products
	138	F0155	Who are retailers that sell Jax Chemical Company's Green Patina solution?	I'm looking for information on jax chemical company	are you interested in a specific type of product	yes i am looking for green patina solution	would you like to see their homepage	yes so i can search for information on their retailers	are you looking for some retailers	yes i am looking for retailers who sell jax chemical companys green patina solution	I'm looking for information on jax chemical company are you interested in a specific type of product yes i am looking for green patina solution would you like to see their homepage yes so i can search for information on their retailers are you looking for some retailers yes i am looking for retailers who sell jax chemical companys green patina solution
	139	F0156	discussion of the impending sale of the Rocky Mountain News	Tell me more about Rocky Mountain News	would you like to read recent news about the rocky mountain news	yes i want to know about the sale of the newspaper	are you specifically interested in the paper published in denver co	yes	do you want historical or recent news events	yes	Tell me more about Rocky Mountain News would you like to read recent news about the rocky mountain news yes i want to know about the sale of the newspaper are you specifically interested in the paper published in denver co yes do you want historical or recent news events yes
	139	F0157	home page of the Rocky Mountain News	Tell me more about Rocky Mountain News	would you like to read recent news about the rocky mountain news	yes on their home page	are you looking for a specific web site	yes the rocky mountain news	are you talking about news in colorado	yes	Tell me more about Rocky Mountain News would you like to read recent news about the rocky mountain news yes on their home page are you looking for a specific web site yes the rocky mountain news are you talking about news in colorado yes
	139	F0158	Who are the sports reporters for the Rocky Mountain News?	Tell me more about Rocky Mountain News	would you like to see a list of reporters of the rocky mountain news	yes exactly	are you specifically interested in the paper published in denver co	yes	are you talking about news in colorado	yes sports news	Tell me more about Rocky Mountain News would you like to see a list of reporters of the rocky mountain news yes exactly are you specifically interested in the paper published in denver co yes are you talking about news in colorado yes sports news
	14	F0159	Go to the Discovery Channel's dinosaur site, which has pictures of dinosaurs and games.	I'm interested in dinosaurs	are you interested in home decor items that are dinosaur related	absolutely not i want to see dinosaurs on the discovery channel	are you looking for a dinosaur costume or game	yes	are you looking for a specific web site about dinosaurs	yes im looking for discovery channels dinosaur site	I'm interested in dinosaurs are you interested in home decor items that are dinosaur related absolutely not i want to see dinosaurs on the discovery channel are you looking for a dinosaur costume or game yes are you looking for a specific web site about dinosaurs yes im looking for discovery channels dinosaur site
	14	F0160	I'm looking for free pictures of dinosaurs.	I'm interested in dinosaurs	are you looking for a specific web site about dinosaurs	yes a website that has free pictures					I'm interested in dinosaurs are you looking for a specific web site about dinosaurs yes a website that has free pictures
	14	F0161	I want to find pictures of dinosaurs that I can color in, as in a coloring book.	I'm interested in dinosaurs	are you interested in coloring books	yes dinosaur coloring books					I'm interested in dinosaurs are you interested in coloring books yes dinosaur coloring books
	14	F0162	I'm looking for a list of all (or many of) the different kinds of dinosaurs, with pictures.	I'm interested in dinosaurs	are you looking for dinosaur books	yes if they contain pictures of all the different kinds of dinosaurs	do you want a list of dinosaur names	yes i would also like the list to include pictures of the dinosaurs			I'm interested in dinosaurs are you looking for dinosaur books yes if they contain pictures of all the different kinds of dinosaurs do you want a list of dinosaur names yes i would also like the list to include pictures of the dinosaurs
	140	F0164	home page for East Ridge High School in Chattanooga, Tennessee	Information about east ridge high school.	are you looking for a specific web site	yes i want the home page for east rigde high school	are you seaching for east ridge high school community education	yes i am			Information about east ridge high school. are you looking for a specific web site yes i want the home page for east rigde high school are you seaching for east ridge high school community education yes i am
	140	F0165	information about the sports program at East Ridge High School in Clermont, Florida	Information about east ridge high school.	are you looking for east ridge high school activities	yes the sports programs	are you looking for a specific web site	yes i am looking for the page for the sports program at east ridge high school in clermont florida	are you searching for east ridge high school located in clermont fl	yes	Information about east ridge high school. are you looking for east ridge high school activities yes the sports programs are you looking for a specific web site yes i am looking for the page for the sports program at east ridge high school in clermont florida are you searching for east ridge high school located in clermont fl yes
	140	F0166	description of the sports facilities at East Ridge High School in Woodbury, MN	Information about east ridge high school.	are you looking for east ridge high school activities	yes on their sports facilities	are you looking for information about the sports facilities at the school	yes give me a description of them			Information about east ridge high school. are you looking for east ridge high school activities yes on their sports facilities are you looking for information about the sports facilities at the school yes give me a description of them
	141	F0167	information and procedures for registering vehicles in Virginia	How to register dmv in va?	are you searching for required documentation for vehicle registration	yes					How to register dmv in va? are you searching for required documentation for vehicle registration yes
	141	F0168	Where are offices of the Virginia Department of Motor Vehicles located and what are their hours of operation?	How to register dmv in va?	would you like directions to the va dmv registration	yes also what hours ar they opn	would you like hours for va dmv registration	yes i would like to know the hours but i also need to know their locations	are you looking for physical locations of dmv offices	yes but needing the office hours also	How to register dmv in va? would you like directions to the va dmv registration yes also what hours ar they opn would you like hours for va dmv registration yes i would like to know the hours but i also need to know their locations are you looking for physical locations of dmv offices yes but needing the office hours also
	141	F0169	home page of the Virginia Department of Motor Vehicles	How to register dmv in va?	are you looking for a specific web page	yes the website home page for va dmv	are you searching for required documentation for vehicle registration	yes	do you want to obtain forms from the dmv	yes i would like a form	How to register dmv in va? are you looking for a specific web page yes the website home page for va dmv are you searching for required documentation for vehicle registration yes do you want to obtain forms from the dmv yes i would like a form
	142	F0170	information about the sales tax in Illinois: what is the rate and what is it levied on	Find me information about the sales tax in Illinois.	do you want to know what the illinois state tax rate is	yes as well as what products it is levied on	may i tell you how much the state income tax in illinois is	yes please			Find me information about the sales tax in Illinois. do you want to know what the illinois state tax rate is yes as well as what products it is levied on may i tell you how much the state income tax in illinois is yes please
	142	F0171	information on the state income tax in Illinois	Find me information about the sales tax in Illinois.	are you interested in how the illinois state tax is determined	yes give me information about the state income tax in illinois	would you like know who collects illinois state tax	yes	are you looking for a specific form	yes im trying to file my state taxes	Find me information about the sales tax in Illinois. are you interested in how the illinois state tax is determined yes give me information about the state income tax in illinois would you like know who collects illinois state tax yes are you looking for a specific form yes im trying to file my state taxes
	142	F0172	find a site where I can download Illinois state tax forms	Find me information about the sales tax in Illinois.	are you interested in how to pay your illinois state tax	yes i need to find out where to download the illinois state tax forms	are you looking for a specific form	yes i am looking for illinois state tax forms			Find me information about the sales tax in Illinois. are you interested in how to pay your illinois state tax yes i need to find out where to download the illinois state tax forms are you looking for a specific form yes i am looking for illinois state tax forms
	143	F0173	locations and reviews of health clubs in Arkadelphia, Arkansas	Tell me more on health clubs in Arkansas	would you like information on yelp	yes can i get the location and review please	would you like to know some website address	yes as long as they have consumers reviews	are you looking for any specific information about arkadelphia health club	yes reviews and locations	Tell me more on health clubs in Arkansas would you like information on yelp yes can i get the location and review please would you like to know some website address yes as long as they have consumers reviews are you looking for any specific information about arkadelphia health club yes reviews and locations
	143	F0174	information regarding the locations of and services/facilities provided by the Arkadelphia Health Club	Tell me more on health clubs in Arkansas	would you like to know subsrition pricing to arkadelphia health club	yes and also their location	are you looking for a health club or a country club	yes the arkadelhpia health club	are you looking for any specific information about arkadelphia health club	yes i want locations and services provided	Tell me more on health clubs in Arkansas would you like to know subsrition pricing to arkadelphia health club yes and also their location are you looking for a health club or a country club yes the arkadelhpia health club are you looking for any specific information about arkadelphia health club yes i want locations and services provided
	144	F0175	information on where I could buy a new or used trombone	where can I buy a trombone?	would you like to see music stores in your area	yes if they have used trombones	would you like to see trombones for sale on amazon	yes i want to see trombones for sale	would you like to see trombones for sale on ebay	yes	where can I buy a trombone? would you like to see music stores in your area yes if they have used trombones would you like to see trombones for sale on amazon yes i want to see trombones for sale would you like to see trombones for sale on ebay yes
	144	F0176	good places to sell a used trombone	where can I buy a trombone?	are you interested in selling a trombone you own	yes	would you like to see music stores in your area	yes i want music stores	are you looking for a place to sell a used trombone	yes	where can I buy a trombone? are you interested in selling a trombone you own yes would you like to see music stores in your area yes i want music stores are you looking for a place to sell a used trombone yes
	145	F0177	information on vines that can be grown in shady areas	Tell me about vines for shade.	are you putting the ivy on a trellis	yes	do you want to know how many species are there of vines for shade	yes	do you want to know how to plant a vine for shade	yes	Tell me about vines for shade. are you putting the ivy on a trellis yes do you want to know how many species are there of vines for shade yes do you want to know how to plant a vine for shade yes
	145	F0178	ideas on using plant vines to shade an area on or around my house from the sun, like training them on an inexpensive trellis or up a wall or fence	Tell me about vines for shade.	are you looking for a flowering ivy	yes	do you want to knwo vest vines for shade	yes	do you want to know how to plant a vine for shade	yes	Tell me about vines for shade. are you looking for a flowering ivy yes do you want to knwo vest vines for shade yes do you want to know how to plant a vine for shade yes
	146	F0179	What services are provided by the Sherwood Regional Library?	What can I do in sherwood regional library	are you looking for any specific information about the library	yes what services they provide	do you want to call	yes i would	do you want to know the hours of operation	yes and the other services provided	What can I do in sherwood regional library are you looking for any specific information about the library yes what services they provide do you want to call yes i would do you want to know the hours of operation yes and the other services provided
	146	F0180	driving directions to the Sherwood Regional library	What can I do in sherwood regional library	would you like directions to the sherwood regional library	yes driving directions to get there					What can I do in sherwood regional library would you like directions to the sherwood regional library yes driving directions to get there
	146	F0181	What are the hours of operation of the Sherwood Regional Library?	What can I do in sherwood regional library	are you looking for any specific information about the library	yes i want to know what time they open and close during the weekend	would you like to see the hours of the sherwood regional library	yes i would	do you want to know the hours of operation	yes	What can I do in sherwood regional library are you looking for any specific information about the library yes i want to know what time they open and close during the weekend would you like to see the hours of the sherwood regional library yes i would do you want to know the hours of operation yes
	147	F0183	What states levy a tax against tangible personal property?	tell me about tangible personal property tax	would you like to see a list of states which receive tangible personal property tax	yes i do	do you want to know the tangible personal property tax	yes i need the states			tell me about tangible personal property tax would you like to see a list of states which receive tangible personal property tax yes i do do you want to know the tangible personal property tax yes i need the states
	147	F0184	When is the tangible personal property tax due?	tell me about tangible personal property tax	do you want to know the tangible personal property tax	yes					tell me about tangible personal property tax do you want to know the tangible personal property tax yes
	148	F0185	find information/timeline about Martha Stewart's insider trading case	What is martha stewart and imclone?	would you be interested in learning more about martha stewart and imclones history	yes	are you interested in something specific about martha stewart and imclone	yes can you give me a rundown and timeline of martha stewards insider trading case	are you looking for a specific web site	yes a site that gives me information on martha stewarts trading case	What is martha stewart and imclone? would you be interested in learning more about martha stewart and imclones history yes are you interested in something specific about martha stewart and imclone yes can you give me a rundown and timeline of martha stewards insider trading case are you looking for a specific web site yes a site that gives me information on martha stewarts trading case
	148	F0186	find sites that support Martha Stewart with respect to the insider trading case	What is martha stewart and imclone?	are you interested in martha stewarts role in the company	yes i would like to know martha stewarts role in imclone	would you be interested in learning more about martha stewart and imclones history	yes i would like to have this information			What is martha stewart and imclone? are you interested in martha stewarts role in the company yes i would like to know martha stewarts role in imclone would you be interested in learning more about martha stewart and imclones history yes i would like to have this information
	148	F0187	opinions regarding the insider trading case brought against Martha Stewart	What is martha stewart and imclone?	would you be interested in learning more about martha stewart and imclones history	yes along with opinions of the case	are you interested in something specific about martha stewart and imclone	yes i want to read opinions about the insider trading case			What is martha stewart and imclone? would you be interested in learning more about martha stewart and imclones history yes along with opinions of the case are you interested in something specific about martha stewart and imclone yes i want to read opinions about the insider trading case
	148	F0188	looking for information on Martha Stewart's involvement with ImClone	What is martha stewart and imclone?	are you interested in martha stewarts role in the company	yes	would you be interested in learning more about martha stewart and imclones history	yes exactly	would you like to know what more about the history of martha stewart and imclone	yes i would like to know more about that topic	What is martha stewart and imclone? are you interested in martha stewarts role in the company yes would you be interested in learning more about martha stewart and imclones history yes exactly would you like to know what more about the history of martha stewart and imclone yes i would like to know more about that topic
	149	F0189	How likely is a volcanic eruption at Yellowstone National Park, and what would be the effects of such an eruption?	Tell me about uplift at yellowstone national park	are you interested in a specific aspect of uplift at yellowstone national park	yes a volcanic eruption	would you like to know more about geothermal activities at yellowstone national park	yes	would you like to know more about what would occur if the supervolcano underneath yellowstone national park errupted	yes	Tell me about uplift at yellowstone national park are you interested in a specific aspect of uplift at yellowstone national park yes a volcanic eruption would you like to know more about geothermal activities at yellowstone national park yes would you like to know more about what would occur if the supervolcano underneath yellowstone national park errupted yes
	149	F0190	information on ground elevation changes and movement resulting from ongoing low-level geothermal activity at Yellowstone National Park	Tell me about uplift at yellowstone national park	are you interested in a specific aspect of uplift at yellowstone national park	yes the ground elevation changes and movement resulting from ongoing lowlevel geothermal activity	would you like to see a ground map showing the uplift of yellowstone national park	yes	can i tell you about the north american plate that moves causing the eventual destruction of the volcano in yellowstone park	yes please	Tell me about uplift at yellowstone national park are you interested in a specific aspect of uplift at yellowstone national park yes the ground elevation changes and movement resulting from ongoing lowlevel geothermal activity would you like to see a ground map showing the uplift of yellowstone national park yes can i tell you about the north american plate that moves causing the eventual destruction of the volcano in yellowstone park yes please
	149	F0191	home page for the Yellowstone Volcano Observatory	Tell me about uplift at yellowstone national park	would you like to see a ground map showing the uplift of yellowstone national park	yes	are you looking for a specific web site	yes i want the yellowstone volcano observatory website	do you want to know what the current uplift is at yellowstone national park	yes	Tell me about uplift at yellowstone national park would you like to see a ground map showing the uplift of yellowstone national park yes are you looking for a specific web site yes i want the yellowstone volcano observatory website do you want to know what the current uplift is at yellowstone national park yes
	15	F0192	I'm looking for college football and basketball scores.	Give me espn sports information.	are you looking for information on a specific league	yes i am looking for ncaa football and basketball scores	do you wnat sports scores	yes i want college and basketball scores	are you looking for information on a specific sport	yes i want scores for both football and basketball games	Give me espn sports information. are you looking for information on a specific league yes i am looking for ncaa football and basketball scores do you wnat sports scores yes i want college and basketball scores are you looking for information on a specific sport yes i want scores for both football and basketball games
	15	F0193	I want to find NBA basketball standings.	Give me espn sports information.	are you looking for information on a specific league	yes i need nba standings	are you looking for information on a specific sport	yes find nba standings			Give me espn sports information. are you looking for information on a specific league yes i need nba standings are you looking for information on a specific sport yes find nba standings
	15	F0194	I'm looking for baseball scores and information on upcoming live broadcast games.	Give me espn sports information.	do you wnat sports scores	yes i want scores	are you looking for information on a specific sport	yes baseball	do you want information about a specific espn sports program	yes i want information about baseball	Give me espn sports information. do you wnat sports scores yes i want scores are you looking for information on a specific sport yes baseball do you want information about a specific espn sports program yes i want information about baseball
	15	F0195	I'm looking for information on NASCAR races.	Give me espn sports information.	are you looking for information on a specific sport	yes i need information on nascar races	are you looking for standings of a specific sport	yes nascar	do you want information about a specific espn sports program	yes i want information on nascar races	Give me espn sports information. are you looking for information on a specific sport yes i need information on nascar races are you looking for standings of a specific sport yes nascar do you want information about a specific espn sports program yes i want information on nascar races
	15	F0196	I'm looking for information on fantasy football leagues.	Give me espn sports information.	are you looking for information on a specific sport	yes am looking for information on fantasy football leagues	are you looking for standings of a specific sport	yes fantasy football leagues	do you want information about a specific espn sports program	yes fantasy football leagues	Give me espn sports information. are you looking for information on a specific sport yes am looking for information on fantasy football leagues are you looking for standings of a specific sport yes fantasy football leagues do you want information about a specific espn sports program yes fantasy football leagues
	150	F0197	What are the requirements to become a Tennessee Highway Patrol State Trooper?	How can one can become highway patrol	are you curious about the employment opportunies at the tennesse highway patrol	right now i am only interested in what is required to become a tennessee highway patrol state trooper					How can one can become highway patrol are you curious about the employment opportunies at the tennesse highway patrol right now i am only interested in what is required to become a tennessee highway patrol state trooper
	150	F0198	information about the responsibilities of the Tennessee Highway Patrol	How can one can become highway patrol	do you want to know how many employees work for the tn highway patrol	yes i would like to know all general information about the tn highway patrol	would you like to know more about their responsibilities	yes i would like more information on the responsibilities of the tennessee highway patrol	are you looking for a specific web site	yes tennesee highway patrol	How can one can become highway patrol do you want to know how many employees work for the tn highway patrol yes i would like to know all general information about the tn highway patrol would you like to know more about their responsibilities yes i would like more information on the responsibilities of the tennessee highway patrol are you looking for a specific web site yes tennesee highway patrol
	150	F0199	home page of the Tennessee Highway Patrol	How can one can become highway patrol	do you want to know if the tennessee highway patrol has reported any accidents	yes	would you like to know more about their responsibilities	yes i would like to know more about their services and responsibilites	are you interested in how much a patrol officer makes per year	yes but i would like to be connected to the tn highway patrol homepage	How can one can become highway patrol do you want to know if the tennessee highway patrol has reported any accidents yes would you like to know more about their responsibilities yes i would like to know more about their services and responsibilites are you interested in how much a patrol officer makes per year yes but i would like to be connected to the tn highway patrol homepage
	150	F0200	I want to fill in the customer satisfaction survey about my interaction with a Tennessee Highway Patrol State Trooper.	How can one can become highway patrol	are you interested to fill a survey for them	yes i do					How can one can become highway patrol are you interested to fill a survey for them yes i do
	151	F0201	What is a 403b plan?	What is a 403b?	would you like to know more about a 403b retirement account	yes i want to know what the plan is	would you like to see the difference between a 403b and 401k account	sure that will work	are you looking for the information how 403b plan works	yes i want to know what a 403b is	What is a 403b? would you like to know more about a 403b retirement account yes i want to know what the plan is would you like to see the difference between a 403b and 401k account sure that will work are you looking for the information how 403b plan works yes i want to know what a 403b is
	151	F0202	Who is eligible for a 403b plan?	What is a 403b?	would you like to see resources for retirement investing	yes i want information about 403b plans	are you looking for the information how 403b plan works	yes i would like to know who is eligible for one	do need to see any specific information about 403b eligibility	yesi who is eligible for the 403b	What is a 403b? would you like to see resources for retirement investing yes i want information about 403b plans are you looking for the information how 403b plan works yes i would like to know who is eligible for one do need to see any specific information about 403b eligibility yesi who is eligible for the 403b
	151	F0203	What are the rules for a 403b retirement plan?	What is a 403b?	would you like to know more about a 403b retirement account	yes i want to know the laws surrounding it	are you looking for the information how 403b plan works	yes i want to know what the rules are	are you looking for withdrawal rules for 403b plan	yes and other relevant rules	What is a 403b? would you like to know more about a 403b retirement account yes i want to know the laws surrounding it are you looking for the information how 403b plan works yes i want to know what the rules are are you looking for withdrawal rules for 403b plan yes and other relevant rules
	151	F0204	What is the difference between 401k and 403b retirement plans?	What is a 403b?	would you like to see the difference between a 403b and 401k account	yes	are you looking for the information how 403b plan works	yes and the difference from 401k	are you trying to find out the difference between 401k and 403b	yes	What is a 403b? would you like to see the difference between a 403b and 401k account yes are you looking for the information how 403b plan works yes and the difference from 401k are you trying to find out the difference between 401k and 403b yes
	151	F0205	What are the withdrawal limitations for a 403b retirement plan?	What is a 403b?	are you interested in any specific rules	yes what are the withdrawal limitations for a 403b retirement plan	would you like to know more about a 403b retirement account	yes specifically more about the withdrawal limitations for a 403b	are you looking for the information how 403b plan works	yes	What is a 403b? are you interested in any specific rules yes what are the withdrawal limitations for a 403b retirement plan would you like to know more about a 403b retirement account yes specifically more about the withdrawal limitations for a 403b are you looking for the information how 403b plan works yes
	152	F0206	What home remedies are there for angular cheilitis?	How to cure angular cheilitis	have you been diagnosed with angular cheilitis	yes can you give me some home remedies	are you interested in home remedies for angular cheilitis	yes thats what id like to know	are you interested in what can cause angular cheilitis	yes tell me what congenital conditions causes it	How to cure angular cheilitis have you been diagnosed with angular cheilitis yes can you give me some home remedies are you interested in home remedies for angular cheilitis yes thats what id like to know are you interested in what can cause angular cheilitis yes tell me what congenital conditions causes it
	152	F0207	What causes angular cheilitis?	How to cure angular cheilitis	do you want to know how to avoid angular cheilitis	yes that would be perfect	are you interested in what can cause angular cheilitis	yes	are you looking for websites that describe angular cheilits	yes if they include the causes	How to cure angular cheilitis do you want to know how to avoid angular cheilitis yes that would be perfect are you interested in what can cause angular cheilitis yes are you looking for websites that describe angular cheilits yes if they include the causes
	152	F0208	What is the common name for angular cheilitis?	How to cure angular cheilitis	are you looking for a common name for angular cheilitis	yes	are you looking for webmd websites or mayo clinic websites about angular cheilits	yes if it gives the common name			How to cure angular cheilitis are you looking for a common name for angular cheilitis yes are you looking for webmd websites or mayo clinic websites about angular cheilits yes if it gives the common name
	152	F0209	How do you treat severe angular cheilitis?	How to cure angular cheilitis	are you looking for webmd websites or mayo clinic websites about angular cheilits	yes	are you looking for best treatments for angular cheilitis	yes i would like to know how to treat it			How to cure angular cheilitis are you looking for webmd websites or mayo clinic websites about angular cheilits yes are you looking for best treatments for angular cheilitis yes i would like to know how to treat it
	153	F0210	Find general information on tourist activities in Pennsylvania's Pocono Mountains.	Tell me about Pocono	would you like to book a flight to pocono couples retreat	yes and other general activities and informstion	are you referring to pocono mountains	yes i am			Tell me about Pocono would you like to book a flight to pocono couples retreat yes and other general activities and informstion are you referring to pocono mountains yes i am
	153	F0211	Find a map showing lodgings in the Poconos PA region.	Tell me about Pocono	are you interested in lodgings	yes in the poconos pa area	are you referring to pocono mountains	yes			Tell me about Pocono are you interested in lodgings yes in the poconos pa area are you referring to pocono mountains yes
	153	F0212	Find information about the Pocono Raceway in Pennsylvania.	Tell me about Pocono	would you like to know more about pocono raceway	yes i would like information on the raceway					Tell me about Pocono would you like to know more about pocono raceway yes i would like information on the raceway
	153	F0213	Find information about the Split Rock Resort in the Poconos.	Tell me about Pocono	are you interested in lodgings	yes am interested in lodgings at the resort	what would you like to learn about the poconos	yes specifically the split rock resort			Tell me about Pocono are you interested in lodgings yes am interested in lodgings at the resort what would you like to learn about the poconos yes specifically the split rock resort
	154	F0214	Find information on nutritional or health benefits of figs.	figs	are you interested in figs health benefits	yes	are you interested in the calorie count or other nutrition information for the fruit	yes			figs are you interested in figs health benefits yes are you interested in the calorie count or other nutrition information for the fruit yes
	154	F0215	Find recipes that use figs.	figs	would you like to watch videos about how figs grow andor how to prepare them	yes i would like this information on how to prepare figs	are you interested in recipes you can make with figs fresh or dried	yes doesnt matter whether fresh or dried	are you looking for recipes with figs	yes	figs would you like to watch videos about how figs grow andor how to prepare them yes i would like this information on how to prepare figs are you interested in recipes you can make with figs fresh or dried yes doesnt matter whether fresh or dried are you looking for recipes with figs yes
	154	F0216	Find information on the different varieties of figs.	figs	would you like to know what figs taste like	yes what do they taste like	would you like to see a list of different kind of figs with images	yes i would like to see more about them			figs would you like to know what figs taste like yes what do they taste like would you like to see a list of different kind of figs with images yes i would like to see more about them
	154	F0217	Find information on growing figs.	figs	are you interested in the calorie count or other nutrition information for the fruit	yes	would you like to know more about growing figs	yes	would you like to know the climate figs are found in	yes and any other information regarding the cultivation of figs	figs are you interested in the calorie count or other nutrition information for the fruit yes would you like to know more about growing figs yes would you like to know the climate figs are found in yes and any other information regarding the cultivation of figs
	155	F0218	Find a picture of the Last Supper painting by Leonardo da Vinci.	Find me information about the Last Supper painting.	would you like to see a picture of the painting	yes that is what i am looking for					Find me information about the Last Supper painting. would you like to see a picture of the painting yes that is what i am looking for
	155	F0219	Are tickets available online to view da Vinci's Last Supper in Milan, Italy?	Find me information about the Last Supper painting.	would you like to purchase tickets to view the painting in milan	yes					Find me information about the Last Supper painting. would you like to purchase tickets to view the painting in milan yes
	155	F0220	What is the significance of da Vinci's interpretation of the Last Supper in Catholicism?	Find me information about the Last Supper painting.	are you interested in who painted the last supper painting	yes and its significance on catholicism	do you want a book about the last supper painting	yes a book about the last supper painting would help know the significance			Find me information about the Last Supper painting. are you interested in who painted the last supper painting yes and its significance on catholicism do you want a book about the last supper painting yes a book about the last supper painting would help know the significance
	156	F0221	What online programs are offered by the University of Phoenix?	I need information about the University of Phoenix.	do you need admission information for the university of phoenix	yes for online programs	is there any specific information that you need about online courses held by university of phoenix	yes i want to now what online programs are offered			I need information about the University of Phoenix. do you need admission information for the university of phoenix yes for online programs is there any specific information that you need about online courses held by university of phoenix yes i want to now what online programs are offered
	156	F0222	Find reviews of the programs at the University of Phoenix.	I need information about the University of Phoenix.	are you looking for reviews of the university of phoenix	yes					I need information about the University of Phoenix. are you looking for reviews of the university of phoenix yes
	156	F0223	Who are the main online competitors of the University of Phoenix?	I need information about the University of Phoenix.	are you interested in comparing university of phoenix with other universities in any specific aspect	yes i am looking to compare university of phoenix with its biggest competitors					I need information about the University of Phoenix. are you interested in comparing university of phoenix with other universities in any specific aspect yes i am looking to compare university of phoenix with its biggest competitors
	156	F0224	Find homepages of faculty members at the University of Phoenix.	I need information about the University of Phoenix.	do you need the website for the university of phoenix	yes i need to homespages for the faculty members					I need information about the University of Phoenix. do you need the website for the university of phoenix yes i need to homespages for the faculty members
	157	F0225	Find a listing of Beatles songs.	I'm looking for information on the beatles rock band	are you looking to find out about the albums of the beatles	yes i am looking specifically for a list of songs	do you want a list of their songs	yes			I'm looking for information on the beatles rock band are you looking to find out about the albums of the beatles yes i am looking specifically for a list of songs do you want a list of their songs yes
	157	F0226	What is the history of the Beatles rock band?	I'm looking for information on the beatles rock band	would you like a history of the band	yes i would like some information about the beatles	are you interested in learning the history of the beatles	yes i would like to know how they started and the band members			I'm looking for information on the beatles rock band would you like a history of the band yes i would like some information about the beatles are you interested in learning the history of the beatles yes i would like to know how they started and the band members
	157	F0227	What albums did the Beatles release?	I'm looking for information on the beatles rock band	are you looking to find out about the albums of the beatles	yes					I'm looking for information on the beatles rock band are you looking to find out about the albums of the beatles yes
	158	F0229	How does a septic system work?	How should I use the septic system design	are you looking for the basics of septic system design	yes	are you interested in a standard gravity type of design 3 feet of absorbant soil	yes as well as other designs and how they work			How should I use the septic system design are you looking for the basics of septic system design yes are you interested in a standard gravity type of design 3 feet of absorbant soil yes as well as other designs and how they work
	158	F0230	What alternatives are there for the design of a septic system?	How should I use the septic system design	are you interested in an avanced treatment below ground design	yes and other designs					How should I use the septic system design are you interested in an avanced treatment below ground design yes and other designs
	158	F0231	What maintenance does a septic system require?	How should I use the septic system design	are you looking for the basics of septic system design	yes i would like to know the basic design and hot it relates to necessary maintenance for septic systems	would you like to know how it functions	yes i would like to know about that	are you interested in an advanced treatment above ground design	yes i am interested in septic system design and would also like to know what maintenance is required	How should I use the septic system design are you looking for the basics of septic system design yes i would like to know the basic design and hot it relates to necessary maintenance for septic systems would you like to know how it functions yes i would like to know about that are you interested in an advanced treatment above ground design yes i am interested in septic system design and would also like to know what maintenance is required
	158	F0232	I need a septic system contractor.	How should I use the septic system design	are you looking for the business near you	yes	are you trying to find a contractor	yes i looking for contractors	are you looking for engineers in such field	yes i am looking for a sepetic system engineer	How should I use the septic system design are you looking for the business near you yes are you trying to find a contractor yes i looking for contractors are you looking for engineers in such field yes i am looking for a sepetic system engineer
	159	F0233	What K-12 schools are in Porterville, CA?	Find information on Porterville.	are you interested in schools in poterville	yes the k12 schools in poterville					Find information on Porterville. are you interested in schools in poterville yes the k12 schools in poterville
	159	F0234	What colleges or post-secondary institutions are in Porterville, CA?	Find information on Porterville.	are you interested in schools in poterville	yes colleges and postsecondary institutions	are you looking for a specific place here	yes colleges and postsecondary institutions			Find information on Porterville. are you interested in schools in poterville yes colleges and postsecondary institutions are you looking for a specific place here yes colleges and postsecondary institutions
	159	F0235	What medical care is available in Porterville, CA?	Find information on Porterville.	do you need information about medical services	yes i need more information about medical care available in porterville california	are you looking for a specific place here	yes im looking for medical care centers			Find information on Porterville. do you need information about medical services yes i need more information about medical care available in porterville california are you looking for a specific place here yes im looking for medical care centers
	159	F0236	Find information about the Panthers sports teams at Porterville High School in California.	Find information on Porterville.	are you interested in schools in poterville	yes specifically sports teams at their high school					Find information on Porterville. are you interested in schools in poterville yes specifically sports teams at their high school
	159	F0237	Find the homepage of the Porterville Recorder newspaper.	Find information on Porterville.	is there any specific web page on your mind	yes i want the homepage of the porterville reporter newspaper					Find information on Porterville. is there any specific web page on your mind yes i want the homepage of the porterville reporter newspaper
	16	F0238	Take me to the Arizona Game and Fish Department homepage.	I'm looking for information about game and fish in Arizona.	are you looking for a specific web page	yes can you take me to the arizona game and fish departments home page	would you like to see information on fishing in arizona	yes by specifically taking me to the arizona game and fish webpage	are you looking for a specific web site	yes	I'm looking for information about game and fish in Arizona. are you looking for a specific web page yes can you take me to the arizona game and fish departments home page would you like to see information on fishing in arizona yes by specifically taking me to the arizona game and fish webpage are you looking for a specific web site yes
	16	F0239	What are the regulations for hunting and fishing in Arizona?	I'm looking for information about game and fish in Arizona.	do you want to get a hunting or fishing license in arizona	yes	would you like information on arizona wildlife	yes as it pertains to hunting and fishing in the stae	would you like to see information on fishing in arizona	yes specifically regulations from arizona fish and wildlife	I'm looking for information about game and fish in Arizona. do you want to get a hunting or fishing license in arizona yes would you like information on arizona wildlife yes as it pertains to hunting and fishing in the stae would you like to see information on fishing in arizona yes specifically regulations from arizona fish and wildlife
	16	F0240	I'm looking for the Arizona Fishing Report site.	I'm looking for information about game and fish in Arizona.	are you looking for a specific web page	yes the arizona fishing report page	would you like the arizona state fish and game comissions contact information	yes i would like contact information on the arizona state fish and game commission	would you like to see information on fishing in arizona	yes the arizona fishing report	I'm looking for information about game and fish in Arizona. are you looking for a specific web page yes the arizona fishing report page would you like the arizona state fish and game comissions contact information yes i would like contact information on the arizona state fish and game commission would you like to see information on fishing in arizona yes the arizona fishing report
	16	F0241	I'd like to find guides and outfitters for hunting trips in Arizona.	I'm looking for information about game and fish in Arizona.	are you looking for a specific web page	yes id like the website that has guides and outfitters for hunting trips in arizona	would like to go hunting or fishing in arizona	yes also hunting guides and shops in arizona	would you like information on arizona wildlife	yes specificaaly about hunting it	I'm looking for information about game and fish in Arizona. are you looking for a specific web page yes id like the website that has guides and outfitters for hunting trips in arizona would like to go hunting or fishing in arizona yes also hunting guides and shops in arizona would you like information on arizona wildlife yes specificaaly about hunting it
	160	F0242	Find kabob recipes.	What are the best recepies for grilling	do you want more informaiton about grilling vegtables	yes as it relates to kabob recipes	are you interested in kabob recipes	yes	are you interested in grilling a specefic food	yes i am looking for kabob recipes	What are the best recepies for grilling do you want more informaiton about grilling vegtables yes as it relates to kabob recipes are you interested in kabob recipes yes are you interested in grilling a specefic food yes i am looking for kabob recipes
	160	F0243	Find tips on grilling vegetables.	What are the best recepies for grilling	do you want more informaiton about grilling vegtables	yes i do	do you want to know more about the grilling process	yes for grilling vegetables	are you interested in grilling a specefic food	yes vegetables	What are the best recepies for grilling do you want more informaiton about grilling vegtables yes i do do you want to know more about the grilling process yes for grilling vegetables are you interested in grilling a specefic food yes vegetables
	160	F0244	Find tips on grilling fish.	What are the best recepies for grilling	do you want to know more about the grilling process	yes	do you want to see cookbooks for grilling	yes	are you interested in grilling a specefic food	yes grilled fish	What are the best recepies for grilling do you want to know more about the grilling process yes do you want to see cookbooks for grilling yes are you interested in grilling a specefic food yes grilled fish
	160	F0245	Find instructions for grilling chicken.	What are the best recepies for grilling	are you interested in a recipe for grilled chicken	yes complete with instructions	are you interested in grilling a specefic food	yes chicken			What are the best recepies for grilling are you interested in a recipe for grilled chicken yes complete with instructions are you interested in grilling a specefic food yes chicken
	160	F0246	Find the Grilling Magazine website.	What are the best recepies for grilling	are you looking for the magazine the grilling	yes i need their website					What are the best recepies for grilling are you looking for the magazine the grilling yes i need their website
	160	F0247	Find information on gas barbecue grills and cooking on a gas grill.	What are the best recepies for grilling	do you want to know about grilling meat	yes i am looking for infomation on cooking on gas grills	are you looking for a recipe for grilled fish	yes for a gas grill	are you interested in grilling a specefic food	yes how about steak	What are the best recepies for grilling do you want to know about grilling meat yes i am looking for infomation on cooking on gas grills are you looking for a recipe for grilled fish yes for a gas grill are you interested in grilling a specefic food yes how about steak
	161	F0248	What are some small space decorating dos and don'ts?	Tell me about furniture for small spaces.	do you need any specific tips on decoration	yes suggestions for what to do and what not to do when decorating a small space	do you need information about furniture arrangement	yes for small spaces			Tell me about furniture for small spaces. do you need any specific tips on decoration yes suggestions for what to do and what not to do when decorating a small space do you need information about furniture arrangement yes for small spaces
	161	F0249	What is the effect of mirrored surfaces in small spaces?	Tell me about furniture for small spaces.	are you looking for information about any specific decoration technique	yes id like to know the effect mirrored surfaces has on small spaces	do you need any specific tips on decoration	yes how should i use mirrors in a small space			Tell me about furniture for small spaces. are you looking for information about any specific decoration technique yes id like to know the effect mirrored surfaces has on small spaces do you need any specific tips on decoration yes how should i use mirrors in a small space
	161	F0250	How does furniture arrangement create an illusion of more space?	Tell me about furniture for small spaces.	do you need any specific tips on decoration	yes i would like to know how furniture can make a room look bigger	do you need information about furniture arrangement	yes i would like to know how to create the illusion of extra space			Tell me about furniture for small spaces. do you need any specific tips on decoration yes i would like to know how furniture can make a room look bigger do you need information about furniture arrangement yes i would like to know how to create the illusion of extra space
	162	F0252	"What are ""do not resuscitate"" orders and how do you get one in place?"	Tell me more about dnr	are you interested in the medical term dnr	yes i want to know what dnr orders are and how to get one in place	do you mean do not resuscitate	yes			Tell me more about dnr are you interested in the medical term dnr yes i want to know what dnr orders are and how to get one in place do you mean do not resuscitate yes
	162	F0253	What is required to get a hunting license online from the Michigan Department of Natural Resources?	Tell me more about dnr	do you mean the department of natural resources	yes the michigan department of natural resources	would you like to know more about hunting rules	yes would like more information on how to obtain a hunting license as well as hunting rules			Tell me more about dnr do you mean the department of natural resources yes the michigan department of natural resources would you like to know more about hunting rules yes would like more information on how to obtain a hunting license as well as hunting rules
	162	F0254	What are the Maryland Department of Natural Resources' regulations for deer hunting?	Tell me more about dnr	are you referring to the the department of natural resources in maryland	yes	do you mean the department of natural resources	yes in maryland for deer hunting	would you like to know more about hunting rules	yes the rules for hunting deer in maryland	Tell me more about dnr are you referring to the the department of natural resources in maryland yes do you mean the department of natural resources yes in maryland for deer hunting would you like to know more about hunting rules yes the rules for hunting deer in maryland
	163	F0255	Provide Arkansas tourist information.	What to do in Arkansas	are you interested in learning about arkansas	yes i am interested in learning about arkansas tourist information	do you want to go to arkansas	yes for tourism	are you looking for arkansas football	yes and other tourist attractions	What to do in Arkansas are you interested in learning about arkansas yes i am interested in learning about arkansas tourist information do you want to go to arkansas yes for tourism are you looking for arkansas football yes and other tourist attractions
	163	F0256	Show a map of Arkansas.	What to do in Arkansas	do you need a map of arkansas	yes that is what i need					What to do in Arkansas do you need a map of arkansas yes that is what i need
	163	F0258	Find information on colleges and universities in Arkansas.	What to do in Arkansas	are you interested in learning about arkansas	yes i would like a list of colleges and universities located in arkansas	would you like to read about colleges in arkansas	yes i would like information about colleges and universities in arkansas			What to do in Arkansas are you interested in learning about arkansas yes i would like a list of colleges and universities located in arkansas would you like to read about colleges in arkansas yes i would like information about colleges and universities in arkansas
	164	F0259	What hobby stores carry trains?	I'm looking for information on hobby stores	is this a hobby for an adult	yes	are you looking for a specific hobby store	yes one that carries trains			I'm looking for information on hobby stores is this a hobby for an adult yes are you looking for a specific hobby store yes one that carries trains
	164	F0260	Find a list of hobby stores in Maryland.	I'm looking for information on hobby stores	are you looking for hobby stores located in maryland	yes i am looking for hobby stores	do you want stores with physical locations or online stores	yes i would like physical stores			I'm looking for information on hobby stores are you looking for hobby stores located in maryland yes i am looking for hobby stores do you want stores with physical locations or online stores yes i would like physical stores
	164	F0261	Where can I buy radio-controlled planes?	I'm looking for information on hobby stores	are you looking for a radiocontrolled plane	yes please tell me where to buy them	are you looking for a specific hobby store	yes one that sells radiocontrolled planes			I'm looking for information on hobby stores are you looking for a radiocontrolled plane yes please tell me where to buy them are you looking for a specific hobby store yes one that sells radiocontrolled planes
	164	F0262	What is the website for HobbyTown USA?	I'm looking for information on hobby stores	are you looking for hobby stores located in maryland	yes but limit it to hobbytown					I'm looking for information on hobby stores are you looking for hobby stores located in maryland yes but limit it to hobbytown
	165	F0263	Find a picture of a blue-throated hummingbird.	I’m looking for blue throated hummingbird	are you looking for any specific photos	yes id like to see a photo of a bluethroated hummingbird	do you want to know what they look like	yes i would like to have a picture of this bird			I’m looking for blue throated hummingbird are you looking for any specific photos yes id like to see a photo of a bluethroated hummingbird do you want to know what they look like yes i would like to have a picture of this bird
	165	F0264	What is the scientific name of the blue-throated hummingbird?	I’m looking for blue throated hummingbird	are you wanting to know its scientific name	yes exactly					I’m looking for blue throated hummingbird are you wanting to know its scientific name yes exactly
	165	F0265	What are the migration patterns of the blue-throated hummingbird?	I’m looking for blue throated hummingbird	would you like to know anything specific related to it life style	yes i want to know its migration patterns	would you like to know where it originates from	yes i need this information	would you like to know where you can find them	yes i would like to know the migration patterns of the blue throated hummingbirds	I’m looking for blue throated hummingbird would you like to know anything specific related to it life style yes i want to know its migration patterns would you like to know where it originates from yes i need this information would you like to know where you can find them yes i would like to know the migration patterns of the blue throated hummingbirds
	165	F0266	The blue-throated hummingbird is native to what areas?	I’m looking for blue throated hummingbird	would you like to know anything specific related to it life style	yes i want to know where its native to	would you like to know where it originates from	yes i would like to know where the blue throated hummingbird originated from	would you like to know where you can find them	yes	I’m looking for blue throated hummingbird would you like to know anything specific related to it life style yes i want to know where its native to would you like to know where it originates from yes i would like to know where the blue throated hummingbird originated from would you like to know where you can find them yes
	166	F0267	What type of careers are there for computer programmers?	Tell me information about computer programming.	do you need any specific information about its job market	yes in regards to computer programming	are you looking for information on jobs	yes			Tell me information about computer programming. do you need any specific information about its job market yes in regards to computer programming are you looking for information on jobs yes
	166	F0268	List online computer programming tutorials.	Tell me information about computer programming.	are you looking to see how much computer programming lessons cost	yes and any online tutorials	do you want to know how to do computer programming	yes im looking for online tutorials	are you interested in coding courses online	yes	Tell me information about computer programming. are you looking to see how much computer programming lessons cost yes and any online tutorials do you want to know how to do computer programming yes im looking for online tutorials are you interested in coding courses online yes
	166	F0269	What's in a computer science degree program?	Tell me information about computer programming.	do you want to know how to do computer programming	yes specifically what are the degree requirements for a typical cs program	are you looking for computer programming schools near you	yes i want to know about their degree programs			Tell me information about computer programming. do you want to know how to do computer programming yes specifically what are the degree requirements for a typical cs program are you looking for computer programming schools near you yes i want to know about their degree programs
	166	F0270	What is the average salary for a computer programmer?	Tell me information about computer programming.	do you need any specific information about its job market	yes i am looking for specific economic information	are you looking for information on jobs	yes specifically about working as a computer programmer			Tell me information about computer programming. do you need any specific information about its job market yes i am looking for specific economic information are you looking for information on jobs yes specifically about working as a computer programmer
	166	F0271	What computer programming languages are there?	Tell me information about computer programming.	do you want to know how to do computer programming	yes what sorts of computer programming languages are there	are you looking for information on different computer programming languages	yes what are the diffrent computer programing languages			Tell me information about computer programming. do you want to know how to do computer programming yes what sorts of computer programming languages are there are you looking for information on different computer programming languages yes what are the diffrent computer programing languages
	167	F0272	Find information on Barbados history.	Tell me about Barbados.	are you interested in barbados	yes i want to see barbados history	are you interested in facts about barbados	yes i want to learn more about the history of barbados	are you interested in the history of barbados	yes	Tell me about Barbados. are you interested in barbados yes i want to see barbados history are you interested in facts about barbados yes i want to learn more about the history of barbados are you interested in the history of barbados yes
	167	F0273	Find a map of Barbados.	Tell me about Barbados.	are you interested in barbados	yes please find a map of barbados	are you interested in facts about barbados	yes specifically i am interested in finding a map of barbados	would you like a map of barbados	yes	Tell me about Barbados. are you interested in barbados yes please find a map of barbados are you interested in facts about barbados yes specifically i am interested in finding a map of barbados would you like a map of barbados yes
	167	F0274	What does the Barbados flag look like?	Tell me about Barbados.	are you interested in barbados	yes im interested in their flag					Tell me about Barbados. are you interested in barbados yes im interested in their flag
	167	F0275	Suggest tourist activities in Barbados.	Tell me about Barbados.	are you interested in barbados	yes tourist activities in barbados	are you interested in visiting barbados	yes and you want to have suggestions about tourists activities			Tell me about Barbados. are you interested in barbados yes tourist activities in barbados are you interested in visiting barbados yes and you want to have suggestions about tourists activities
	167	F0276	Find the Barbados Underground homepage.	Tell me about Barbados.	are you looking for a specific website	yes	would you like a map of barbados	yes i would like to see a geographical map of barbados			Tell me about Barbados. are you looking for a specific website yes would you like a map of barbados yes i would like to see a geographical map of barbados
	167	F0277	Find information on Barbados Prime Minister David Thompson.	Tell me about Barbados.	would you like the latest news of barbados	yes specifically about minister david thompson	would you like to know about david thompson	yes	are you interested in facts about barbados	yes specifically on the prime minister david thompson	Tell me about Barbados. would you like the latest news of barbados yes specifically about minister david thompson would you like to know about david thompson yes are you interested in facts about barbados yes specifically on the prime minister david thompson
	168	F0278	What are the causes of lipoma tumors in humans?	What are the causes of lipoma tumors	are you trying to locate the causes for lipoma	yes i want to know what causes lipoma tumors in humans	would you like to know what causes lipoma tumors	yes	are you searching for the information in regard to lipoma symptoms	yes i want to know what causes them	What are the causes of lipoma tumors are you trying to locate the causes for lipoma yes i want to know what causes lipoma tumors in humans would you like to know what causes lipoma tumors yes are you searching for the information in regard to lipoma symptoms yes i want to know what causes them
	168	F0280	Which animals are known to present lipomas?	What are the causes of lipoma tumors	are you trying to locate the causes for lipoma	yes in particular which animals are known to present causes	are you referring to a medical condition for your pet	yes i want to know which animals present lipomas			What are the causes of lipoma tumors are you trying to locate the causes for lipoma yes in particular which animals are known to present causes are you referring to a medical condition for your pet yes i want to know which animals present lipomas
	168	F0281	Find pictures of lipoma tumors.	What are the causes of lipoma tumors	are you searching for an image for lipoma	yes i am searching for images of lipoma tumors					What are the causes of lipoma tumors are you searching for an image for lipoma yes i am searching for images of lipoma tumors
	168	F0282	What are the treatments for malignant lipolysis?	What are the causes of lipoma tumors	do you need treatment information for lipoma	yes	are you referring to malignant lipolysis	yes i need to know what the treatments are			What are the causes of lipoma tumors do you need treatment information for lipoma yes are you referring to malignant lipolysis yes i need to know what the treatments are
	169	F0283	What were the major battles in the US civil war?	What should I know about the civil war	are you looking for a union victory	yes along with other major battles	are you looking for large battles	yes i want to know all the major battles	are you looking for the american civil war	yes specifically what were the major battles	What should I know about the civil war are you looking for a union victory yes along with other major battles are you looking for large battles yes i want to know all the major battles are you looking for the american civil war yes specifically what were the major battles
	169	F0284	What famous generals fought in the US civil war?	What should I know about the civil war	are you looking for a specific battle	yes the civil war	are you looking for the american civil war	yes i want to learn about famous generals who fought in the american civil war			What should I know about the civil war are you looking for a specific battle yes the civil war are you looking for the american civil war yes i want to learn about famous generals who fought in the american civil war
	169	F0285	Find a timeline or map of US civil war battles.	What should I know about the civil war	are you looking for the american civil war	yes specifically battles in timeline or map format	do you need a list of civil war battles	yes in a timeline or on a map			What should I know about the civil war are you looking for the american civil war yes specifically battles in timeline or map format do you need a list of civil war battles yes in a timeline or on a map
	169	F0286	What movies have been made about US civil war battles?	What should I know about the civil war	are you looking for the american civil war	yes the united states civil war					What should I know about the civil war are you looking for the american civil war yes the united states civil war
	17	F0287	I want to find information on the World Series of Poker.	I'm interested in poker tournaments	are you looking for the world series of poker	yes i need more information on it	do you want to know who won the last world series of poker	yes and give me other information on the world series of poker	where would you like to find poker tournaments	yes but in particular i would like any information onthe world series of poker	I'm interested in poker tournaments are you looking for the world series of poker yes i need more information on it do you want to know who won the last world series of poker yes and give me other information on the world series of poker where would you like to find poker tournaments yes but in particular i would like any information onthe world series of poker
	17	F0288	I'm looking for a schedule of poker tournaments in Las Vegas.	I'm interested in poker tournaments	do you want to find local tournaments near you	yes poker tournaments in las vegas					I'm interested in poker tournaments do you want to find local tournaments near you yes poker tournaments in las vegas
	17	F0289	Take me to the Full Tilt Poker website.	I'm interested in poker tournaments	do you want to play in online poker tournaments	yes on the full tilt poker website					I'm interested in poker tournaments do you want to play in online poker tournaments yes on the full tilt poker website
	17	F0290	I'm looking for a schedule of poker tournaments in Atlantic City.	I'm interested in poker tournaments	do you want to find local tournaments near you	yes local poker tournaments	do you want to watch a tournament online	yes i want to watch the atlantic city poker tournament online			I'm interested in poker tournaments do you want to find local tournaments near you yes local poker tournaments do you want to watch a tournament online yes i want to watch the atlantic city poker tournament online
	17	F0291	I want to find Texas Hold-Em tournaments.	I'm interested in poker tournaments	would you like a schedule of poker tournaments	yes but only regaurding texas holdem tournaments	do you want to find local tournaments near you	yes specifically tournaments for texas holdem	do you want to play in online poker tournaments	yes but i want to find out specifically about texas holdem tournements	I'm interested in poker tournaments would you like a schedule of poker tournaments yes but only regaurding texas holdem tournaments do you want to find local tournaments near you yes specifically tournaments for texas holdem do you want to play in online poker tournaments yes but i want to find out specifically about texas holdem tournements
	17	F0292	Find books on tournament poker playing.	I'm interested in poker tournaments	are you interested in learning how to play poker	yes im interested in how they play poker in tournaments					I'm interested in poker tournaments are you interested in learning how to play poker yes im interested in how they play poker in tournaments
	170	F0293	Find kids' scooters for sale.	Tell me about scooters.	there are some cool deals available shall i show them	yes please	are you looking for locations that have the scooters	yes i am looking for a kids scooter			Tell me about scooters. there are some cool deals available shall i show them yes please are you looking for locations that have the scooters yes i am looking for a kids scooter
	170	F0294	Find the homepage of Hoveround scooters.	Tell me about scooters.	would you like to explore more on scooters	yes particularly hoveround scooters	do you have a specific brand name on your mind	yes i want to go to the official homepage of hoveround scooters			Tell me about scooters. would you like to explore more on scooters yes particularly hoveround scooters do you have a specific brand name on your mind yes i want to go to the official homepage of hoveround scooters
	170	F0295	What brands of mobility scooters are available?	Tell me about scooters.	would you like to explore more on scooters	yes particularly in brands					Tell me about scooters. would you like to explore more on scooters yes particularly in brands
	170	F0296	Find mopeds for sale.	Tell me about scooters.	there are some cool deals available shall i show them	yes please	would you like to explore more on scooters	yes im looking for scooters that are for sale	do you need a retailer near you	yes i am interested in purchasing a moped	Tell me about scooters. there are some cool deals available shall i show them yes please would you like to explore more on scooters yes im looking for scooters that are for sale do you need a retailer near you yes i am interested in purchasing a moped
	171	F0297	What movies has Ron Howard directed?	Tell me about ron howard.	do you want to know more about ron howards directing career	yes	are you looking for a list of movies ron howard directed	yes	are you trying to find films that ron howard directed	yes im trying to find films that ron howard directed	Tell me about ron howard. do you want to know more about ron howards directing career yes are you looking for a list of movies ron howard directed yes are you trying to find films that ron howard directed yes im trying to find films that ron howard directed
	171	F0298	Find biographical information on director Ron Howard.	Tell me about ron howard.	are you interested in ron howards life story and career highlights	yes	would you like to know how many movies ron howard has directed	yes and general information about his life too	would you want to know about ron howards acting career	yes and other biographical information	Tell me about ron howard. are you interested in ron howards life story and career highlights yes would you like to know how many movies ron howard has directed yes and general information about his life too would you want to know about ron howards acting career yes and other biographical information
	171	F0299	What television shows did Ron Howard act in?	Tell me about ron howard.	would you want to know about ron howards acting career	yes specifically his television career					Tell me about ron howard. would you want to know about ron howards acting career yes specifically his television career
	171	F0300	Who are Ron Howard's family members: parents, wife, any children?	Tell me about ron howard.	are you interested in ron howards life story and career highlights	yes specifically his personal life	do you want to know how old ron howard is	yes i would love to know how old ron howard is	are you interested in ron howards personal life	yes specifically i would like to know the names of his family members	Tell me about ron howard. are you interested in ron howards life story and career highlights yes specifically his personal life do you want to know how old ron howard is yes i would love to know how old ron howard is are you interested in ron howards personal life yes specifically i would like to know the names of his family members
	172	F0301	What training is required to become a paralegal?	I'm looking for information on becoming a paralegal	do you want to know the qualifications necessary to become a paralegal	yes the training qulaifications	would you like to become a paralegal	yes what training do i need	are you looking for specific courses	yes i only want courses that are required to become a paralegal	I'm looking for information on becoming a paralegal do you want to know the qualifications necessary to become a paralegal yes the training qulaifications would you like to become a paralegal yes what training do i need are you looking for specific courses yes i only want courses that are required to become a paralegal
	172	F0302	What ABA-approved certificate programs are there?	I'm looking for information on becoming a paralegal	are you interested in law school	yes precisely	are you looking for a specific web page	yes a page with aba approved certificate programs			I'm looking for information on becoming a paralegal are you interested in law school yes precisely are you looking for a specific web page yes a page with aba approved certificate programs
	172	F0303	Find the homepage of the paralegal association.	I'm looking for information on becoming a paralegal	are you looking for a specific web page	yes i would like to find the homepage of the website for the paralegal association					I'm looking for information on becoming a paralegal are you looking for a specific web page yes i would like to find the homepage of the website for the paralegal association
	172	F0304	What are the duties of a paralegal?	I'm looking for information on becoming a paralegal	do you want to know the responsibilities of a paralegal	yes this is the information i need to have	would you like to know more about the duties of a paralegal	yes i would like to know what the duties and responsibilites of a paralegal are			I'm looking for information on becoming a paralegal do you want to know the responsibilities of a paralegal yes this is the information i need to have would you like to know more about the duties of a paralegal yes i would like to know what the duties and responsibilites of a paralegal are
	173	F0305	Find information on hip fractures in the elderly.	Find information on hip fractures	are you interested in any specific statistics for fractures	yes specifically in the elderly	are you interested in the age breakdown of common hip fracture sufferers	yes and additional information on hip fractures in the elderly	are you interested in treatments for hip fractures	yes and other information on hip fractures that occur in the elderly	Find information on hip fractures are you interested in any specific statistics for fractures yes specifically in the elderly are you interested in the age breakdown of common hip fracture sufferers yes and additional information on hip fractures in the elderly are you interested in treatments for hip fractures yes and other information on hip fractures that occur in the elderly
	173	F0306	How do you treat a hip fracture and what is the prognosis for recovery?	Find information on hip fractures	are you interested in treatments for hip fractures	yes	are you referring to the injury	yes hip injury its treatment and prognosis	do you need info on remedies	yes specifically for hip fractures	Find information on hip fractures are you interested in treatments for hip fractures yes are you referring to the injury yes hip injury its treatment and prognosis do you need info on remedies yes specifically for hip fractures
	173	F0307	How many hip fractures occur annually in the US?	Find information on hip fractures	are you interested in any specific statistics for fractures	yes i would like to know the amount of hip fractures that occur in the us yearly	are you referring to the injury	yes i which to know how many hip fravtures are reported yearly			Find information on hip fractures are you interested in any specific statistics for fractures yes i would like to know the amount of hip fractures that occur in the us yearly are you referring to the injury yes i which to know how many hip fravtures are reported yearly
	174	F0308	Where can I learn about rock painting or buy a rock-painting kit?	I want to learn about rock art.	are you going to purchase any specific tools	yes and i need to learn about rock painting	do you want the history of rock art	yes i want to learn about the history of rock painting	do you want to know how to perform rock art	yes	I want to learn about rock art. are you going to purchase any specific tools yes and i need to learn about rock painting do you want the history of rock art yes i want to learn about the history of rock painting do you want to know how to perform rock art yes
	174	F0309	Where can I buy tools for stone carving or engraving?	I want to learn about rock art.	are you trying to make art rock	yes and i would liek to buy tools for stone carving andor engraving					I want to learn about rock art. are you trying to make art rock yes and i would liek to buy tools for stone carving andor engraving
	174	F0310	Find information on cave paintings in France.	I want to learn about rock art.	are you looking for examples of rock art	yes specifically information on french cave paintings	are you looking for information about cave painting in any location	yes france	do you want pictures of rock art	yes cave paintings from france	I want to learn about rock art. are you looking for examples of rock art yes specifically information on french cave paintings are you looking for information about cave painting in any location yes france do you want pictures of rock art yes cave paintings from france
	174	F0311	Where can I buy rock and roll posters?	I want to learn about rock art.	do you want to buy rock art	yes where can i purchase a rock and roll poster	do you wnat to decorate with rock art	yes i want to find out where i can purchase rock and roll posters	are you referring to a music genre	yes specifically the rock and roll genre	I want to learn about rock art. do you want to buy rock art yes where can i purchase a rock and roll poster do you wnat to decorate with rock art yes i want to find out where i can purchase rock and roll posters are you referring to a music genre yes specifically the rock and roll genre
	174	F0312	Find information on the artwork used on rock music album covers.	I want to learn about rock art.	would you like to know anything specific about rock music	yes information on the album art	are you referring to a music genre	yes	do you want pictures of rock art	yes and information the album art	I want to learn about rock art. would you like to know anything specific about rock music yes information on the album art are you referring to a music genre yes do you want pictures of rock art yes and information the album art
	175	F0314	Do the signs of a heart attack differ between men and women?	What are signs of a heartattack?	do you know what a heart attack is	yes i want to know about how the signs differ by sex					What are signs of a heartattack? do you know what a heart attack is yes i want to know about how the signs differ by sex
	175	F0315	What are the early signs of a heart attack?	What are signs of a heartattack?	would you like to know about early signs of a heart attack	yes please tell me the early signs of a heart attack	do you know what a heart attack is	yes i need information about the early signs of one			What are signs of a heartattack? would you like to know about early signs of a heart attack yes please tell me the early signs of a heart attack do you know what a heart attack is yes i need information about the early signs of one
	176	F0316	How do you weather strip automobile windows and doors?	Tell me about weather stripping	are you interested in weather strips for doors	yes but for automobile doors	would you like to learn about weather stripping	yes specifically on doors and cars	do you want to learn how to install weater strips on windows	yes i need to know how to install weather strips on car windows	Tell me about weather stripping are you interested in weather strips for doors yes but for automobile doors would you like to learn about weather stripping yes specifically on doors and cars do you want to learn how to install weater strips on windows yes i need to know how to install weather strips on car windows
	176	F0317	What is the best way to seal or weather strip my garage door?	Tell me about weather stripping	are you interested in weather strips for doors	yes garage doors	would you like to learn about weather stripping	yes for my garage door	do you want to learn how to install weather strips on doors	yes installing on my garage door	Tell me about weather stripping are you interested in weather strips for doors yes garage doors would you like to learn about weather stripping yes for my garage door do you want to learn how to install weather strips on doors yes installing on my garage door
	176	F0318	How do I weather strip my sliding glass door?	Tell me about weather stripping	would you like to learn about weather stripping	yes	do you want to learn how to install weater strips on windows	yes i need information on installing weather strips on large sliding glass windows or doors	do you want to learn how to install weather strips on doors	yes i would like information on how to install weather strips on doors	Tell me about weather stripping would you like to learn about weather stripping yes do you want to learn how to install weater strips on windows yes i need information on installing weather strips on large sliding glass windows or doors do you want to learn how to install weather strips on doors yes i would like information on how to install weather strips on doors
	177	F0319	What are the different types of long term care insurance policies?	what is the best long term care insurance	are you interested in more information on the best long term care insurance	yes					what is the best long term care insurance are you interested in more information on the best long term care insurance yes
	177	F0320	What companies offer long term care insurance policies?	what is the best long term care insurance	are you interested in getting a quote for coverage	right now i just want to know which companies offer it					what is the best long term care insurance are you interested in getting a quote for coverage right now i just want to know which companies offer it
	177	F0321	How much does long term insurance cost?	what is the best long term care insurance	would you like to find out the different types of payment options for the best long term care insurance	yes i want to know the price for long term insurance	are you interested in getting a quote for coverage	yes i am interested in the cost of long term insurance	are you interested in more information on the best long term care insurance	yes specifically the cost	what is the best long term care insurance would you like to find out the different types of payment options for the best long term care insurance yes i want to know the price for long term insurance are you interested in getting a quote for coverage yes i am interested in the cost of long term insurance are you interested in more information on the best long term care insurance yes specifically the cost
	177	F0322	What ratings has AM Best given to long term care insurance polices?	what is the best long term care insurance	are you interested in comparing coverage prices	yes make sure these coverages also have am best awarded to them	are you interested in more information on the best long term care insurance	yes	are you looking for a specific insurance company	yes am best	what is the best long term care insurance are you interested in comparing coverage prices yes make sure these coverages also have am best awarded to them are you interested in more information on the best long term care insurance yes are you looking for a specific insurance company yes am best
	178	F0323	What time and temperature should be used to roast a pork tenderloin?	How to cook pork tenderlion	would you like to see pork tenderloin recipes	yes especially if they tell me cook temperatures and times	do you need to cook a pork tenderloin	yes how long and how hot should i cook it			How to cook pork tenderlion would you like to see pork tenderloin recipes yes especially if they tell me cook temperatures and times do you need to cook a pork tenderloin yes how long and how hot should i cook it
	178	F0324	Find recipes for pork tenderloin marinades and dry rubs.	How to cook pork tenderlion	are you interested in a pork recipe	yes recipes for marinades and dry rubs	would you like to make a rub for pork tenderloin	yes but i need to find a recipe	would you like to marinate your pork tenderloin	yes im looking for marinade recipes	How to cook pork tenderlion are you interested in a pork recipe yes recipes for marinades and dry rubs would you like to make a rub for pork tenderloin yes but i need to find a recipe would you like to marinate your pork tenderloin yes im looking for marinade recipes
	178	F0325	Find recipes for pork tenderloin cooked in a crockpot.	How to cook pork tenderlion	are you interested in a pork recipe	yes for pork tenderloin cooked in a crock pot	would you like to make a rub for pork tenderloin	yes but i need a recipe	would you like to see pork tenderloin recipes	yes specifically ones for a crockpot	How to cook pork tenderlion are you interested in a pork recipe yes for pork tenderloin cooked in a crock pot would you like to make a rub for pork tenderloin yes but i need a recipe would you like to see pork tenderloin recipes yes specifically ones for a crockpot
	178	F0326	How do I grill a pork tenderloin on a gas grill?	How to cook pork tenderlion	are you interested in a pork recipe	yes i want to know how to cook tenderloin on a gas grill	do you need to cook a pork tenderloin	yes on a gas grill	how would you like to cook your pork tenderloin	yes i want to know how to grill it on a gas grill	How to cook pork tenderlion are you interested in a pork recipe yes i want to know how to cook tenderloin on a gas grill do you need to cook a pork tenderloin yes on a gas grill how would you like to cook your pork tenderloin yes i want to know how to grill it on a gas grill
	179	F0327	Find a timeline for African Americans in the United States.	Tell me about black history.	do you want to know famous black people	yes a time line of famous african americans in united states history	do you want to know major landmark dates	yes a timeline dates figures events	are you interested in black history	yes specifically a timeline of black america	Tell me about black history. do you want to know famous black people yes a time line of famous african americans in united states history do you want to know major landmark dates yes a timeline dates figures events are you interested in black history yes specifically a timeline of black america
	179	F0328	Find activities for children for Black History month.	Tell me about black history.	are you interested in black history	yes i am looking for activities for children for black history month	are you looking for a specific event or activity	yes activities for black history month			Tell me about black history. are you interested in black history yes i am looking for activities for children for black history month are you looking for a specific event or activity yes activities for black history month
	179	F0329	Find names of famous African American inventors.	Tell me about black history.	do you want to know famous black people	yes i would like to find a list of renowned african american inventors	are you interested in black history	yes but specifically inventors	are you looking for black history books	yes i am	Tell me about black history. do you want to know famous black people yes i would like to find a list of renowned african american inventors are you interested in black history yes but specifically inventors are you looking for black history books yes i am
	179	F0330	Find Maya Angelou's poetry.	Tell me about black history.	are you looking for something to read	yes poetry written by maya angelou	do you want to know about a specific person	yes poetry by maya angelou			Tell me about black history. are you looking for something to read yes poetry written by maya angelou do you want to know about a specific person yes poetry by maya angelou
	18	F0331	I want to find online guides, tips, and checklists for planning a wedding.	I'm looking for a wedding budget calculator	are you looking for advice on wedding budgeting	yes i want tips for planning a wedding	did you want something online that does calculations for you	yes i am looking for a wedding budget calculator			I'm looking for a wedding budget calculator are you looking for advice on wedding budgeting yes i want tips for planning a wedding did you want something online that does calculations for you yes i am looking for a wedding budget calculator
	18	F0332	I am looking for spreadsheets or templates to help me tabulate a budget for a wedding.	I'm looking for a wedding budget calculator	would you like to find an app for wedding budgeting	yes i would be interested in an app for wedding budgeting	are you looking for advice on wedding budgeting	yes i want to find some spreadsheets to help me budget	did you want something online that does calculations for you	yes i want that	I'm looking for a wedding budget calculator would you like to find an app for wedding budgeting yes i would be interested in an app for wedding budgeting are you looking for advice on wedding budgeting yes i want to find some spreadsheets to help me budget did you want something online that does calculations for you yes i want that
	18	F0333	I want to find some example wedding budgets.	I'm looking for a wedding budget calculator	are you interested in a service for wedding budgeting	yes i would like some examples of wedding budgets	would you like to see articles about wedding budgeting	yes	did you want something online that does calculations for you	yes it would be helpful if the wedding budget did the calculations for me	I'm looking for a wedding budget calculator are you interested in a service for wedding budgeting yes i would like some examples of wedding budgets would you like to see articles about wedding budgeting yes did you want something online that does calculations for you yes it would be helpful if the wedding budget did the calculations for me
	18	F0334	I'm looking for information on planning a wedding shower, like theme ideas and budget guidelines.	I'm looking for a wedding budget calculator	would you like to see articles about wedding budgeting	yes some wedding budget guidelines would help	are you looking for advice on wedding budgeting	yes and theme ideas	did you want to see a wedding budget based on your income	yes and budget guidelines would be helpful	I'm looking for a wedding budget calculator would you like to see articles about wedding budgeting yes some wedding budget guidelines would help are you looking for advice on wedding budgeting yes and theme ideas did you want to see a wedding budget based on your income yes and budget guidelines would be helpful
	18	F0335	How can I plan an inexpensive wedding?	I'm looking for a wedding budget calculator	would you like to see articles about wedding budgeting	yes specifically i need info on planning an inexpensive wedding	are you looking for advice on wedding budgeting	yes	did you want to see a wedding budget based on your income	yes	I'm looking for a wedding budget calculator would you like to see articles about wedding budgeting yes specifically i need info on planning an inexpensive wedding are you looking for advice on wedding budgeting yes did you want to see a wedding budget based on your income yes
	180	F0336	Find inexpensive hotels in New York City.	Tell me about hotels in New York.	are you interested in new york hotel prices	yes i am interested in the least expensive new york hotel prices	do you need a list of available new york hotels	yes the least expensive ones			Tell me about hotels in New York. are you interested in new york hotel prices yes i am interested in the least expensive new york hotel prices do you need a list of available new york hotels yes the least expensive ones
	180	F0337	Where are hotels on Long Island, New York?	Tell me about hotels in New York.	would you like to book a new york hotel	yes on long island	are you looking for a chain or botique hotel	yes and any other hotels in general in long island new york	do you need a list of available new york hotels	yes specifically in long island	Tell me about hotels in New York. would you like to book a new york hotel yes on long island are you looking for a chain or botique hotel yes and any other hotels in general in long island new york do you need a list of available new york hotels yes specifically in long island
	180	F0338	I want to book a room in a hotel that's on Times Square in New York City.	Tell me about hotels in New York.	are you interested in new york hotel prices	yes for hotels near times square	would you like to book a new york hotel	yes i want to book a hotel in times square in new york city	do you need help finding your new york hotel	yes i need to book a room	Tell me about hotels in New York. are you interested in new york hotel prices yes for hotels near times square would you like to book a new york hotel yes i want to book a hotel in times square in new york city do you need help finding your new york hotel yes i need to book a room
	180	F0339	What luxury hotels are in New York city?	Tell me about hotels in New York.	do you need a list of available new york hotels	yes but i am looking specifically for a luxury hotel	do you need direction to your new york hotel	yes i do			Tell me about hotels in New York. do you need a list of available new york hotels yes but i am looking specifically for a luxury hotel do you need direction to your new york hotel yes i do
	181	F0340	What is a good way to begin collecting old coins?	I’m interested in old coins	are you looking to purchase old or collector coins	yes i want to know how to start collecting them	do you want to buy old coins	yes i want to find out what is the best way to begin an old coin collection	do you want to sell old coins	yes after they increase in value	I’m interested in old coins are you looking to purchase old or collector coins yes i want to know how to start collecting them do you want to buy old coins yes i want to find out what is the best way to begin an old coin collection do you want to sell old coins yes after they increase in value
	181	F0341	What is the value of a rare wheat US penny?	I’m interested in old coins	is there a specific type of coin that interests you	yes the wheat us penny	would you like information on the worth of coins	yes i want to know the worth of a rare wheat us penny	are you interested in specific old coins	yes a rare wheat us penny	I’m interested in old coins is there a specific type of coin that interests you yes the wheat us penny would you like information on the worth of coins yes i want to know the worth of a rare wheat us penny are you interested in specific old coins yes a rare wheat us penny
	182	F0343	What are the ways you can quit smoking?	How can I quick smoking	are you looking for information on how to quit smoking	yes	are you wondering how other people have quit smoking	yes			How can I quick smoking are you looking for information on how to quit smoking yes are you wondering how other people have quit smoking yes
	182	F0344	What are the benefits of quitting smoking?	How can I quick smoking	would you like to know about the benefits of quitting smoking	yes the benefits of quitting smoking	are you trying to quit smoking	yes			How can I quick smoking would you like to know about the benefits of quitting smoking yes the benefits of quitting smoking are you trying to quit smoking yes
	182	F0345	Can you quit smoking using the cold turkey method?	How can I quick smoking	are you looking for information on how to quit smoking	yes specifically the cold turkey method	are you wondering how other people have quit smoking	yes specifically the cold turkey method			How can I quick smoking are you looking for information on how to quit smoking yes specifically the cold turkey method are you wondering how other people have quit smoking yes specifically the cold turkey method
	182	F0346	How can hypnosis help someone quit smoking?	How can I quick smoking	are you looking for information on how to quit smoking	yes how to quit smoking using hypnosis	are you wondering how other people have quit smoking	yes i m wondering how other people had quit smoking			How can I quick smoking are you looking for information on how to quit smoking yes how to quit smoking using hypnosis are you wondering how other people have quit smoking yes i m wondering how other people had quit smoking
	183	F0347	What are some Kansas City, MO tourist attractions?	Tell me about kansas city mo	are you interested in hallmark visitors center	yes what are some other tourist attractions in kansas city mo	would you like to know about things to see and do in kansas city mo	yes	are you interested in kansas city mo tourism	yes specifically torist attractions in kansas city mo	Tell me about kansas city mo are you interested in hallmark visitors center yes what are some other tourist attractions in kansas city mo would you like to know about things to see and do in kansas city mo yes are you interested in kansas city mo tourism yes specifically torist attractions in kansas city mo
	183	F0348	What hotels are near the Kansas City airport?	Tell me about kansas city mo	are you interested in visiting kansas city	yes and id like to see some hotels near the kansas city airport					Tell me about kansas city mo are you interested in visiting kansas city yes and id like to see some hotels near the kansas city airport
	183	F0349	Find the Kansas City Chiefs homepage.	Tell me about kansas city mo	are you interested in kansas city mo tourism	yes i am	are you looking for a specific web site	yes the page for the chiefs			Tell me about kansas city mo are you interested in kansas city mo tourism yes i am are you looking for a specific web site yes the page for the chiefs
	183	F0350	What casinos are in Kansas City, Missouri?	Tell me about kansas city mo	would you like to know about things to see and do in kansas city mo	yes especially casinos	are you interested in kansas city mo tourism	yes if it is casino specific	are you looking for casinos in kansas city missouri	yes	Tell me about kansas city mo would you like to know about things to see and do in kansas city mo yes especially casinos are you interested in kansas city mo tourism yes if it is casino specific are you looking for casinos in kansas city missouri yes
	183	F0351	Find information on the Hallmark Visitors Center in Kansas City, MO.	Tell me about kansas city mo	are you interested in hallmark visitors center	yes show me information about the hallmark visitors center	are you interested in visiting kansas city	yes			Tell me about kansas city mo are you interested in hallmark visitors center yes show me information about the hallmark visitors center are you interested in visiting kansas city yes
	184	F0352	What issues were addressed in the Civil Rights Act of 1964?	I’m interested in civil right movement	are you interested in knowing what started the civil rights movement	yes and in particular i want to know what issues were addressed in the civil rights act of 1964	would you like to know about any specific acts	yes the act of 1964	would you like to know what happened during the civil rights movement	yes i would like to know what happened during the civil rights movement	I’m interested in civil right movement are you interested in knowing what started the civil rights movement yes and in particular i want to know what issues were addressed in the civil rights act of 1964 would you like to know about any specific acts yes the act of 1964 would you like to know what happened during the civil rights movement yes i would like to know what happened during the civil rights movement
	184	F0353	Find a timeline of the Civil Rights Movement in the United States.	I’m interested in civil right movement	are you interested in knowing what started the civil rights movement	yes i m interested in civil rights movement	would you like to know what happened during the civil rights movement	yes and how it originated and what is the history of the civil rights movement	do you want the history of the civil right movement	yes specifically the timeline	I’m interested in civil right movement are you interested in knowing what started the civil rights movement yes i m interested in civil rights movement would you like to know what happened during the civil rights movement yes and how it originated and what is the history of the civil rights movement do you want the history of the civil right movement yes specifically the timeline
	184	F0354	What was Martin Luther King Jr's contribution to the US Civil Rights Movement?	I’m interested in civil right movement	are you interested in knowing what started the civil rights movement	yes	would you like to know about any specific acts	yes i want to know how martin luther king jr contributed to the movement	do you want the history of the civil right movement	yes specifically that pertaining to martin luther king jr	I’m interested in civil right movement are you interested in knowing what started the civil rights movement yes would you like to know about any specific acts yes i want to know how martin luther king jr contributed to the movement do you want the history of the civil right movement yes specifically that pertaining to martin luther king jr
	184	F0355	What is the history of the Little Rock nine?	I’m interested in civil right movement	do you want the history of the civil right movement	yes specifically the history of the little rock 9					I’m interested in civil right movement do you want the history of the civil right movement yes specifically the history of the little rock 9
	185	F0356	How do I get my free annual credit report?	How do I get my free annual credit report?	would you like to know more about free credit reports	yes	would you want to know credit report scores	yes but at no cost	are you wanting a copy of your credit report	yes i want a copy of it	How do I get my free annual credit report? would you like to know more about free credit reports yes would you want to know credit report scores yes but at no cost are you wanting a copy of your credit report yes i want a copy of it
	185	F0357	I need the customer service contact information for the three major credit reporting agencies.	How do I get my free annual credit report?	would you like to know about the process of disputing credit report	yes	do you want to know how to obtain someones credit report	yes i believe i do	would you like to know about credit scores	yes specifically contact info to credit reporting agencies	How do I get my free annual credit report? would you like to know about the process of disputing credit report yes do you want to know how to obtain someones credit report yes i believe i do would you like to know about credit scores yes specifically contact info to credit reporting agencies
	185	F0358	How do you dispute credit report information?	How do I get my free annual credit report?	are you interested in a list of companies in which you can get credit reports	yes	would you like to know about the process of disputing credit report	yes	are you interested in learning if your credit report is safe	yes	How do I get my free annual credit report? are you interested in a list of companies in which you can get credit reports yes would you like to know about the process of disputing credit report yes are you interested in learning if your credit report is safe yes
	185	F0359	How is a credit score determined?	How do I get my free annual credit report?	would you like to know about credit scores	yes i would like to know how the scores are determined					How do I get my free annual credit report? would you like to know about credit scores yes i would like to know how the scores are determined
	186	F0360	What campuses are part of the University of North Carolina?	tell me about UNC	would you like information on the university of north carolina unc	yes specifically id like to know which campuses are part of the university of north carolina	would you like to learn about the unc campuses	yes which campuses are at unc	are you interested in the whereabouts of the university of carolina	yes specifically campus locations of the university of north carolina	tell me about UNC would you like information on the university of north carolina unc yes specifically id like to know which campuses are part of the university of north carolina would you like to learn about the unc campuses yes which campuses are at unc are you interested in the whereabouts of the university of carolina yes specifically campus locations of the university of north carolina
	186	F0361	Find reports of University of North Carolina Chapel Hill athletics.	tell me about UNC	are you interested in any specific activities at university of carolina	yes athletics	would you like information on the university of north carolina unc	yes	would you like to learn about unc sports	yes can you find reports	tell me about UNC are you interested in any specific activities at university of carolina yes athletics would you like information on the university of north carolina unc yes would you like to learn about unc sports yes can you find reports
	186	F0362	Where is the University of North Carolina hospital located?	tell me about UNC	do you want to know the location of unc	yes					tell me about UNC do you want to know the location of unc yes
	187	F0363	Find a map of the islands of Vanuatu.	Tell me about vanuatu	are you interested in the location of vanuatu	yes i would like to see it on a map	are you interested in visiting	yes i am that is why i need a map of the islands of vanuatu	do you want a map	yes i want to see a map	Tell me about vanuatu are you interested in the location of vanuatu yes i would like to see it on a map are you interested in visiting yes i am that is why i need a map of the islands of vanuatu do you want a map yes i want to see a map
	187	F0364	I need travel and tourism information for Vanuatu.	Tell me about vanuatu	do you wish to know the climate of vanuatu	yes along with other travel information like distance beaches and hotels	is your question about tourism in vanuatu	yes	are you interested in visiting	yes	Tell me about vanuatu do you wish to know the climate of vanuatu yes along with other travel information like distance beaches and hotels is your question about tourism in vanuatu yes are you interested in visiting yes
	188	F0366	What is the best internet phone service?	Tell me about Internet phone serices.	do you want to know internet phone service providers	yes but i need to know which is best					Tell me about Internet phone serices. do you want to know internet phone service providers yes but i need to know which is best
	188	F0367	Find free internet phone service.	Tell me about Internet phone serices.	do you want to know the cost of internet phone service	yes i want free internet phone service	are you looking for a free internet phone service	yes i am interested in free internet phone service	are you looking for free internet phone service or are you willing to pay for it	yes im looking for free internet phone service	Tell me about Internet phone serices. do you want to know the cost of internet phone service yes i want free internet phone service are you looking for a free internet phone service yes i am interested in free internet phone service are you looking for free internet phone service or are you willing to pay for it yes im looking for free internet phone service
	188	F0368	Who provides VOIP phone service?	Tell me about Internet phone serices.	do you want to know internet phone service providers	yes					Tell me about Internet phone serices. do you want to know internet phone service providers yes
	188	F0369	How much does internet phone service cost?	Tell me about Internet phone serices.	are you interested in price comparison of packages	yes i want to know how much internet phone service costs	do you want to know the cost of internet phone service	yes i am looking for informationn on the cost of internet phone service	are you looking into price difference of companies in your area	yes	Tell me about Internet phone serices. are you interested in price comparison of packages yes i want to know how much internet phone service costs do you want to know the cost of internet phone service yes i am looking for informationn on the cost of internet phone service are you looking into price difference of companies in your area yes
	189	F0370	Find the General Schedule pay tables.	Find information about the gs pay rate	would you like to see the base pay scale for 2018	yes i want to see the general schedule base pay table	are you looking fro a gs base payscale table for 2018	yes that would be good	do you need any specific information in relation with the federal wage system	yes i want to see the gs pay tables	Find information about the gs pay rate would you like to see the base pay scale for 2018 yes i want to see the general schedule base pay table are you looking fro a gs base payscale table for 2018 yes that would be good do you need any specific information in relation with the federal wage system yes i want to see the gs pay tables
	189	F0371	Does the Federal Wage System affect the General Schedule?	Find information about the gs pay rate	are you looking for the us civil servant pay scale	yes i want to see the gs pay scale	do you need any specific information in relation with the federal wage system	yes id like to know if the federal wage system affects the general schedule			Find information about the gs pay rate are you looking for the us civil servant pay scale yes i want to see the gs pay scale do you need any specific information in relation with the federal wage system yes id like to know if the federal wage system affects the general schedule
	189	F0372	Do all US federal government agencies use the General Schedule pay tables?	Find information about the gs pay rate	are you looking fro a gs base payscale table for 2018	yes i am					Find information about the gs pay rate are you looking fro a gs base payscale table for 2018 yes i am
	19	F0373	I want to find the homepage of The Current magazine in San Antonio.	Take me to the current.	are you looking for the magazine the current	yes the homepage for it					Take me to the current. are you looking for the magazine the current yes the homepage for it
	190	F0374	Find Brooks Brothers online promotional coupons.	Find Brooks Brothers clearance.	do you want to shop online for clothes	yes but i want to find some coupons first	are you looking for online promotions	yes	are you trying to find brooks brothers clearance suits	yes for coupons	Find Brooks Brothers clearance. do you want to shop online for clothes yes but i want to find some coupons first are you looking for online promotions yes are you trying to find brooks brothers clearance suits yes for coupons
	190	F0375	Where are Brooks Brothers outlet stores located?	Find Brooks Brothers clearance.	are you looking for a brooks brothers outlet	yes where is the nearest one	are you trying to find brooks brothers clearance suits	yes but at nearby locations	do you need to find a brooks brothers location	yes tell me where their stores are	Find Brooks Brothers clearance. are you looking for a brooks brothers outlet yes where is the nearest one are you trying to find brooks brothers clearance suits yes but at nearby locations do you need to find a brooks brothers location yes tell me where their stores are
	190	F0376	Is Brooks Brothers catalog merchandise available at their outlet stores?	Find Brooks Brothers clearance.	would you like to know about the brooks brothers clearance return policy	yes i would like to have this information	would you like to learn about brooks brothers clearance sales	yes specifically if their catalog merchandise is avaiable at their outlet stores			Find Brooks Brothers clearance. would you like to know about the brooks brothers clearance return policy yes i would like to have this information would you like to learn about brooks brothers clearance sales yes specifically if their catalog merchandise is avaiable at their outlet stores
	191	F0377	Find information on the racing schedule at Churchill Downs.	When can I see Churchil Downs	are you interested in a schedule of events from churchill downs	yes	would you like to know the history of churchill downs	yes the racing schedule	are you interested in the racing schedule	yes im interested on churchill downs racing schedule	When can I see Churchil Downs are you interested in a schedule of events from churchill downs yes would you like to know the history of churchill downs yes the racing schedule are you interested in the racing schedule yes im interested on churchill downs racing schedule
	191	F0378	Find information on Breeders Cup races.	When can I see Churchil Downs	is there any specific race on your mind	yeah the breeders cup	are you looking for events at churchill downs	yes i am looking for breeders cup races	are you looking for more information about churchill downs	yes id like to know more about the breeders cup races	When can I see Churchil Downs is there any specific race on your mind yeah the breeders cup are you looking for events at churchill downs yes i am looking for breeders cup races are you looking for more information about churchill downs yes id like to know more about the breeders cup races
	191	F0379	Find information on the Kentucky Derby Museum.	When can I see Churchil Downs	are you looking for more information about churchill downs	yes specifically the kentucky derby museum					When can I see Churchil Downs are you looking for more information about churchill downs yes specifically the kentucky derby museum
	191	F0380	Find the seating chart of Churchill Downs.	When can I see Churchil Downs	are you looking for more information about churchill downs	yes i am looking for the seating charts at churchill downs					When can I see Churchil Downs are you looking for more information about churchill downs yes i am looking for the seating charts at churchill downs
	192	F0381	Find beachfront condos for sale in Florida.	Find condos in Florida.	are you interested in condos in sale	yes but only beachfront ones located in florida	do you want to be on the beach	yes i am searching for a beachfront condo in florida			Find condos in Florida. are you interested in condos in sale yes but only beachfront ones located in florida do you want to be on the beach yes i am searching for a beachfront condo in florida
	192	F0383	What condos are for sale in Miami Beach, Florida?	Find condos in Florida.	are you interested in any specific city in florida	yes i am interested in miami beach	are you interested in condos in sale	yes in miami			Find condos in Florida. are you interested in any specific city in florida yes i am interested in miami beach are you interested in condos in sale yes in miami
	193	F0384	Can I order dog clean-up bags online?	Where should I order dog clean-up bags	would you like to do online shopping	yes i need dog cleanup bags	are you interested in buying some	yes i want to buy dog cleanup bags online	are you lokking for a place to purchace dog clean uo bags	yes i would like to purchase dog clean up bags online	Where should I order dog clean-up bags would you like to do online shopping yes i need dog cleanup bags are you interested in buying some yes i want to buy dog cleanup bags online are you lokking for a place to purchace dog clean uo bags yes i would like to purchase dog clean up bags online
	193	F0385	Are there biodegradable products for the disposal of dog waste?	Where should I order dog clean-up bags	would you like to know a location to find dog clean bags	yes if there are biodegradable options	are you interested in buying some	yes i am interested in biodegradeable dog waste bags	are you looking for biodegradable dog clean up bags	yes id like to know if they exist	Where should I order dog clean-up bags would you like to know a location to find dog clean bags yes if there are biodegradable options are you interested in buying some yes i am interested in biodegradeable dog waste bags are you looking for biodegradable dog clean up bags yes id like to know if they exist
	193	F0386	What are the best ways of disposing of dog waste?	Where should I order dog clean-up bags	are you looking for a way to dispose your dog wast	yes whats the best way	are you looking for the best to purchase	yes i would like to know which are the best dog waste disposal items to purchase			Where should I order dog clean-up bags are you looking for a way to dispose your dog wast yes whats the best way are you looking for the best to purchase yes i would like to know which are the best dog waste disposal items to purchase
	194	F0387	What breeds of small or toy dog hybrids are there?	Tell me about designer dog breeds.	do you want to know what are cosidered designer dog breeds	yes but only tell me about small or toy hybrids	are you looking for a list of the top designer dog breeds	yes	do you want to know unusual designer dog breeds	yes i want to know unusual designer dog breeds	Tell me about designer dog breeds. do you want to know what are cosidered designer dog breeds yes but only tell me about small or toy hybrids are you looking for a list of the top designer dog breeds yes do you want to know unusual designer dog breeds yes i want to know unusual designer dog breeds
	194	F0388	Find puppies of designer dog breeds for sale.	Tell me about designer dog breeds.	are you interested in a puppy	yes designeer dog breed puppies	do you want to know where to buy a designer dog breed	yes	are you interested in the price of the designer dog breed	yes i want to buy one	Tell me about designer dog breeds. are you interested in a puppy yes designeer dog breed puppies do you want to know where to buy a designer dog breed yes are you interested in the price of the designer dog breed yes i want to buy one
	194	F0389	Find pictures of various designer dog breeds.	Tell me about designer dog breeds.	do you want to know what are cosidered designer dog breeds	yes and id like to see pictures of them	will you like to know the most popular dog	yes if they are designer breeds	would you like to see some pictures of designer dog breeds	yes	Tell me about designer dog breeds. do you want to know what are cosidered designer dog breeds yes and id like to see pictures of them will you like to know the most popular dog yes if they are designer breeds would you like to see some pictures of designer dog breeds yes
	195	F0390	Where can I buy replacement parts for pressure washers?	Where can I buy pressure washers?	are you looking for a place to buy pressure washer parts	yes which places can i buy replacement parts					Where can I buy pressure washers? are you looking for a place to buy pressure washer parts yes which places can i buy replacement parts
	195	F0393	"Find ""The-Power-Washer-Advisor.com"" web site."	Where can I buy pressure washers?	are you looking for a place to buy pressure washer parts	yes i need to buy parts	are you looking to buy a pressure washer	yes take me to the power washer advisor web site	are you wondering how a pressure washer works	yes and i need a specific website	Where can I buy pressure washers? are you looking for a place to buy pressure washer parts yes i need to buy parts are you looking to buy a pressure washer yes take me to the power washer advisor web site are you wondering how a pressure washer works yes and i need a specific website
	196	F0394	What causes a sore throat?	Tell me information about a sore throat.	are you wanting to know the illnesses that list sore throat as a symptom	yes	are you wondering what causes sore throat	yes what is the cause of a sore throat			Tell me information about a sore throat. are you wanting to know the illnesses that list sore throat as a symptom yes are you wondering what causes sore throat yes what is the cause of a sore throat
	196	F0395	Find home remedies for a sore throat.	Tell me information about a sore throat.	would you like things to do to soothe a sore throat	yes id like to know how i can cure a sore throat at home	do you have a cough as well	yes	do you have pain on both sides of your throat	yes	Tell me information about a sore throat. would you like things to do to soothe a sore throat yes id like to know how i can cure a sore throat at home do you have a cough as well yes do you have pain on both sides of your throat yes
	196	F0396	Find information on throat cancer.	Tell me information about a sore throat.	would you like to know more about throat cancer	yes	would you like to see symptoms of this	yes i want information on throat cancer			Tell me information about a sore throat. would you like to know more about throat cancer yes would you like to see symptoms of this yes i want information on throat cancer
	196	F0397	What does it mean when my throat is sore on only one side?	Tell me information about a sore throat.	are you wondering what causes sore throat	yes specificlly when sore on one side of the throat					Tell me information about a sore throat. are you wondering what causes sore throat yes specificlly when sore on one side of the throat
	197	F0398	What is the state flower of Idaho?	tell me about idaho state flower	would you like to know what the idaho sate flower is	yes i do	would you like to see some pictures of it	yes	do you want to see images of the idaho state flower	sure but i specifically want you to identify it for me	tell me about idaho state flower would you like to know what the idaho sate flower is yes i do would you like to see some pictures of it yes do you want to see images of the idaho state flower sure but i specifically want you to identify it for me
	197	F0399	Find pictures of the Idaho state flower.	tell me about idaho state flower	would you like to know what the idaho sate flower is	yes along with some photos	would you like to know about its apperance	yes by showing me pictures of it	would you like to see some pictures of it	yes	tell me about idaho state flower would you like to know what the idaho sate flower is yes along with some photos would you like to know about its apperance yes by showing me pictures of it would you like to see some pictures of it yes
	197	F0400	"Find ""fun facts"" about Idaho: state flower, tree, bird, etc."	tell me about idaho state flower	are you interested in the histroy behind it	yes particularly any interesting facts	would you like to know what the idaho sate flower is	yes i would and also other state things	would you like to know about its apperance	yes but i am interested in information about all of idahos state symbols	tell me about idaho state flower are you interested in the histroy behind it yes particularly any interesting facts would you like to know what the idaho sate flower is yes i would and also other state things would you like to know about its apperance yes but i am interested in information about all of idahos state symbols
	198	F0401	What events are held at the Indiana State Fairgrounds?	Tell me more about indiana state fairgrounds.	do you need an event schedule for the indiana state fairgrounds	yes i want to know about events	do you want to attend the indiana state fair	yes and i want to know what events are held there at the indiana state fairgrounds			Tell me more about indiana state fairgrounds. do you need an event schedule for the indiana state fairgrounds yes i want to know about events do you want to attend the indiana state fair yes and i want to know what events are held there at the indiana state fairgrounds
	198	F0402	Find driving directions to the Indiana State Fairgrounds.	Tell me more about indiana state fairgrounds.	would you like to know where indiana state fairgrounds is on a map	yes i would appreciate that information	do you need directions to the indiana state fairgrounds	yes i would like driving directions to the indiana state fairgrounds	do you want the location of the indiana state fairgrounds	yes i want directions to the indiana state fairgrounds	Tell me more about indiana state fairgrounds. would you like to know where indiana state fairgrounds is on a map yes i would appreciate that information do you need directions to the indiana state fairgrounds yes i would like driving directions to the indiana state fairgrounds do you want the location of the indiana state fairgrounds yes i want directions to the indiana state fairgrounds
	198	F0403	Where can I buy tickets for Indiana State Fairgrounds events?	Tell me more about indiana state fairgrounds.	do you want to attend the indiana state fair	yes					Tell me more about indiana state fairgrounds. do you want to attend the indiana state fair yes
	199	F0405	What are the primary symptoms or signs of fybromyalgia?	Tell me about fybromyalgia	are you looking for symptoms of fibromyalgia	yes					Tell me about fybromyalgia are you looking for symptoms of fibromyalgia yes
	199	F0406	What medicines can be used to treat fybromyalgia?	Tell me about fybromyalgia	is there something you need to know about this condition	yes what medicine do i need for fibromaylgia	are you looking for a medication to adress the symptoms	yes thats exactly what im looking for	do you need mediciation for fibromyalgia	yes	Tell me about fybromyalgia is there something you need to know about this condition yes what medicine do i need for fibromaylgia are you looking for a medication to adress the symptoms yes thats exactly what im looking for do you need mediciation for fibromyalgia yes
	2	F0408	What jobs are available at French Lick Casino and Resort?	Find information on French Lick Resort and Casino.	would you like to be hired by french lick casino and resort	yes what are the available jobs there	are you looking for a particular casino in french lick	yes the french lick casino and resort and i need to know if they have any jobs open			Find information on French Lick Resort and Casino. would you like to be hired by french lick casino and resort yes what are the available jobs there are you looking for a particular casino in french lick yes the french lick casino and resort and i need to know if they have any jobs open
	2	F0409	Are there discounted packages for staying at French Lick Resort and Casino?	Find information on French Lick Resort and Casino.	are you looking for a particular casino in french lick	yes the french lick resort and casino i need discount package information about them	are you looking for a specific web page	yes the specials and discount page	are you looking for deals and offers related to french lick resort	yes	Find information on French Lick Resort and Casino. are you looking for a particular casino in french lick yes the french lick resort and casino i need discount package information about them are you looking for a specific web page yes the specials and discount page are you looking for deals and offers related to french lick resort yes
	20	F0410	Find information on the Land Rover Defender sport-utility vehicle.	Tell me about defender	would you like to visit a specific web page	yes take me to the information web page of the land rover defender suv	are you referring to a vehicle	yes i would like to know the safety rating on the land rover defender sport utility vehicle			Tell me about defender would you like to visit a specific web page yes take me to the information web page of the land rover defender suv are you referring to a vehicle yes i would like to know the safety rating on the land rover defender sport utility vehicle
	20	F0411	I want to go to the homepage for Defender Marine Supplies.	Tell me about defender	would you like to visit a specific web page	yes for defender marine supplies					Tell me about defender would you like to visit a specific web page yes for defender marine supplies
	20	F0412	I'm looking for information on Defender, an arcade game by Williams. Is it possible to play it online?	Tell me about defender	are you referring to the arcade game called defender	yes im referring this game and is it possible to play online	are you referring to a software	yes an arcade game called defender			Tell me about defender are you referring to the arcade game called defender yes im referring this game and is it possible to play online are you referring to a software yes an arcade game called defender
	20	F0413	I'd like to find user reports about Windows Defender, particularly problems with the software.	Tell me about defender	are you looking for a security system	yes i am interested in windoes defender and finding any current user reports that discuss any issues with the software	are you referring to a software	yes im referring to windows defender and any problems with the software			Tell me about defender are you looking for a security system yes i am interested in windoes defender and finding any current user reports that discuss any issues with the software are you referring to a software yes im referring to windows defender and any problems with the software
	200	F0414	Find flight information for the Ontario, CA airport.	Find information on ontario california airport.	would you like to buy tickets to california	yes	would you like to know more about arrivals or departures	yes that would be perfect	are you interested in visiting ontario california airport	yes i need flight information	Find information on ontario california airport. would you like to buy tickets to california yes would you like to know more about arrivals or departures yes that would be perfect are you interested in visiting ontario california airport yes i need flight information
	200	F0415	What hotels are near the Ontario, CA airport?	Find information on ontario california airport.	are you planning to take a trip on ontario or california	yes a trip to ontario	do you mean an airport in canada	yes the ontario canada airport			Find information on ontario california airport. are you planning to take a trip on ontario or california yes a trip to ontario do you mean an airport in canada yes the ontario canada airport
	200	F0416	What services/facilities does the Ontario, CA airport offer?	Find information on ontario california airport.	would you like to know more about ontarioca airport services	yes what type of services do they offer there					Find information on ontario california airport. would you like to know more about ontarioca airport services yes what type of services do they offer there
	200	F0417	What is the address of the Ontario, CA airport?	Find information on ontario california airport.	do you need directions to ontario california airport	yes	would you like directions from your location	yes please give me directions to the dmv			Find information on ontario california airport. do you need directions to ontario california airport yes would you like directions from your location yes please give me directions to the dmv
62.0	201	F0418	What is a raspberry pi?	I would like to know more about raspberry pi	do you want to know where raspberry pi is made	no i want to know what it is	would you like to know about raspberry pi os	Yes.	do you want to know which operating systems that work for raspberry pi	Yes. I would like to know the operating systems that work with raspberry pi please.	I would like to know more about raspberry pi do you want to know where raspberry pi is made no i want to know what it is would you like to know about raspberry pi os Yes. do you want to know which operating systems that work for raspberry pi Yes. I would like to know the operating systems that work with raspberry pi please.
105.0	201	F0419	What software does a raspberry pi use?	I would like to know more about raspberry pi	do you want to know where raspberry pi is made	no i want to know what software it uses	would you like to buy raspberry pi computer	Maybe, but I need to know what software the raspberry pie uses first.	would you like to know about raspberry pi os	yes, I would like to know what kind of software that the raspberry pie uses	I would like to know more about raspberry pi do you want to know where raspberry pi is made no i want to know what software it uses would you like to buy raspberry pi computer Maybe, but I need to know what software the raspberry pie uses first. would you like to know about raspberry pi os yes, I would like to know what kind of software that the raspberry pie uses
258.0	201	F0419	What software does a raspberry pi use?	I would like to know more about raspberry pi	would you like to know about raspberry pi camera	i would like to know about the software used in the raspberry pi camera	when was raspberry pi created	No, I want to know what softwere does it use.	would you like to buy raspberry pi computer	No, I want to know what software is used by a Raspberry Pi computer.	I would like to know more about raspberry pi would you like to know about raspberry pi camera i would like to know about the software used in the raspberry pi camera when was raspberry pi created No, I want to know what softwere does it use. would you like to buy raspberry pi computer No, I want to know what software is used by a Raspberry Pi computer.
12.0	201	F0420	What are hardware options for a raspberry pi?	I would like to know more about raspberry pi	do you want to know where raspberry pi is made	no	do you want to know which operating systems that work for raspberry pi	No.	are you interested in raspberry pi projects	Yes, but I am more specifically interested in the hardware options.	I would like to know more about raspberry pi do you want to know where raspberry pi is made no do you want to know which operating systems that work for raspberry pi No. are you interested in raspberry pi projects Yes, but I am more specifically interested in the hardware options.
186.0	201	F0420	What are hardware options for a raspberry pi?	I would like to know more about raspberry pi	would you like to know about raspberry pi camera	yes i would like to know about the hardware options of the camera	would you like to buy raspberry pi computer	No, i'd like to know about the camera.	what are the memory options available for raspberry pi	Memory options are good, but I would like to know about options for all of the hardware involved.	I would like to know more about raspberry pi would you like to know about raspberry pi camera yes i would like to know about the hardware options of the camera would you like to buy raspberry pi computer No, i'd like to know about the camera. what are the memory options available for raspberry pi Memory options are good, but I would like to know about options for all of the hardware involved.
386.0	201	F0421	How much does a basic raspberry pi cost?	I would like to know more about raspberry pi	do you want to know where raspberry pi is made	no i am only interested in how much it will cost me	would you like to buy raspberry pi computer	No.	would you like to know about raspberry pi os	Yes, specifically the cost.	I would like to know more about raspberry pi do you want to know where raspberry pi is made no i am only interested in how much it will cost me would you like to buy raspberry pi computer No. would you like to know about raspberry pi os Yes, specifically the cost.
389.0	201	F0421	How much does a basic raspberry pi cost?	I would like to know more about raspberry pi	would you like to know about raspberry pi camera	how much it cost	when was raspberry pi created	I'm not interested in that.	do you want to know where raspberry pi is made	No, I would like to now what is the price of a basic raspberry pi.	I would like to know more about raspberry pi would you like to know about raspberry pi camera how much it cost when was raspberry pi created I'm not interested in that. do you want to know where raspberry pi is made No, I would like to now what is the price of a basic raspberry pi.
173.0	201	F0422	Find info about the raspberry pi foundation.	I would like to know more about raspberry pi	would you like to know about raspberry pi camera	i want to know about the raspberry pi foundation	when was raspberry pi created	I don't know	do you want to know where raspberry pi is made	No, I just want to know about the Raspberry Pi Foundation.	I would like to know more about raspberry pi would you like to know about raspberry pi camera i want to know about the raspberry pi foundation when was raspberry pi created I don't know do you want to know where raspberry pi is made No, I just want to know about the Raspberry Pi Foundation.
368.0	201	F0422	Find info about the raspberry pi foundation.	I would like to know more about raspberry pi	do you want to know where raspberry pi is made	looking for the foundation of raspberry pi	would you like to know about raspberry pi os	Yes, but I want to know about it's origins	would you like to buy raspberry pi computer	No, I only want to get information about the Raspberry Pi Foundation.	I would like to know more about raspberry pi do you want to know where raspberry pi is made looking for the foundation of raspberry pi would you like to know about raspberry pi os Yes, but I want to know about it's origins would you like to buy raspberry pi computer No, I only want to get information about the Raspberry Pi Foundation.
163.0	201	F0423	Find a picture of a raspberry pi.	I would like to know more about raspberry pi	do you want to know where raspberry pi is made	no id like to find a picture of a raspberry pi	would you like to know about raspberry pi os	Yes, I want a picture.	would you like to know about raspberry pi camera	Just wanna see flicks of what it looks like.	I would like to know more about raspberry pi do you want to know where raspberry pi is made no id like to find a picture of a raspberry pi would you like to know about raspberry pi os Yes, I want a picture. would you like to know about raspberry pi camera Just wanna see flicks of what it looks like.
47.0	202	F0424	Find the home page of the USS Carl Vinson (CVN70) carrier.	Give me information on uss carl vinson.	would you like to know where the uss carl vinson is at right now	no id just like to find the home page of the uss carl vinson carrier	would you like to know the home port of the uss carl vinson	Yes	are you interested in who carl vinson was	No, im looking for the ships home port.	Give me information on uss carl vinson. would you like to know where the uss carl vinson is at right now no id just like to find the home page of the uss carl vinson carrier would you like to know the home port of the uss carl vinson Yes are you interested in who carl vinson was No, im looking for the ships home port.
156.0	202	F0425	Where can I get a cruise book for the USS Carl Vinson?	Give me information on uss carl vinson.	would you like to know where the uss carl vinson is at right now	i would like to know where i can get a cruise book for the uss carl vinson	are you interested in how the uss carl vinson got its name	No, I'd like to find out how I can get a cruise book for the USS Carl Vinson.	are you interested in who carl vinson was	Nope just how to acquire a cruise book.	Give me information on uss carl vinson. would you like to know where the uss carl vinson is at right now i would like to know where i can get a cruise book for the uss carl vinson are you interested in how the uss carl vinson got its name No, I'd like to find out how I can get a cruise book for the USS Carl Vinson. are you interested in who carl vinson was Nope just how to acquire a cruise book.
301.0	202	F0426	What is the home port for the USS Carl Vinson?	Give me information on uss carl vinson.	where is basis of uss carl vilson	i do not know	are you interested in the uss carl vinsons dimensions	No, I want the home port.	where can i read about uss carl vilson	I don't know, maybe Wikipedia? I would like to know what port the Carl Vilson uses.	Give me information on uss carl vinson. where is basis of uss carl vilson i do not know are you interested in the uss carl vinsons dimensions No, I want the home port. where can i read about uss carl vilson I don't know, maybe Wikipedia? I would like to know what port the Carl Vilson uses.
493.0	202	F0426	What is the home port for the USS Carl Vinson?	Give me information on uss carl vinson.	would you like to know where the uss carl vinson is at right now	i like to know where is the home port for uss carl vinson	where can i read about uss carl vilson	No, just tell me where the uss carl vinson docks at	would you like to know the home port of the uss carl vinson	Yes, please, I would like to know it's home port.	Give me information on uss carl vinson. would you like to know where the uss carl vinson is at right now i like to know where is the home port for uss carl vinson where can i read about uss carl vilson No, just tell me where the uss carl vinson docks at would you like to know the home port of the uss carl vinson Yes, please, I would like to know it's home port.
276.0	202	F0427	Find the home page of the USS Carl Vinson ombudsman.	Give me information on uss carl vinson.	would you like to know where the uss carl vinson is at right now	no i want to know its home page	would you like to know the home port of the uss carl vinson	No, the website home page for it	are you interested in how the uss carl vinson got its name	No just the web site for it.	Give me information on uss carl vinson. would you like to know where the uss carl vinson is at right now no i want to know its home page would you like to know the home port of the uss carl vinson No, the website home page for it are you interested in how the uss carl vinson got its name No just the web site for it.
469.0	202	F0427	Find the home page of the USS Carl Vinson ombudsman.	Give me information on uss carl vinson.	where is basis of uss carl vilson	i would like to know the home page of uss carl vilson	are you interested in the uss carl vinsons dimensions	Yes, please get me the home page of the USS Carl Vinson ombudsman.	is uss carl vilson log available	No I want to contact USS Carl Vinson ombudsman.	Give me information on uss carl vinson. where is basis of uss carl vilson i would like to know the home page of uss carl vilson are you interested in the uss carl vinsons dimensions Yes, please get me the home page of the USS Carl Vinson ombudsman. is uss carl vilson log available No I want to contact USS Carl Vinson ombudsman.
	203	F0428	"Find movie reviews of the film ""Les Miserables""."	Find me reviews of the les Miserables.	do you want reviews of les miserables from london	sure as long as they are movie reviews	would you want movie reviews	yes that would be perfect	do you want reviews of the les miserables movie	yes	Find me reviews of the les Miserables. do you want reviews of les miserables from london sure as long as they are movie reviews would you want movie reviews yes that would be perfect do you want reviews of the les miserables movie yes
131.0	204	F0429	What are the official PGA rules for golf?	What is most importan rule of golf	are you interested in the most important rules of golf	no i am looking for the offical pga rules	are you interested in the basic rules of golf	I do not understand the question	are you interested in the current changes on the rules of golf	No, I would I would like to know the offical pga rules in detail.	What is most importan rule of golf are you interested in the most important rules of golf no i am looking for the offical pga rules are you interested in the basic rules of golf I do not understand the question are you interested in the current changes on the rules of golf No, I would I would like to know the offical pga rules in detail.
206.0	204	F0429	What are the official PGA rules for golf?	What is most importan rule of golf	are you looking to go to the nearest golf course	I don't understand your question.	are you interested in the current changes on the rules of golf	Just the overall rules now- specifically for the PGA	do you want to know how often the rules of golf changes	Not how often, just what the rules are.	What is most importan rule of golf are you looking to go to the nearest golf course I don't understand your question. are you interested in the current changes on the rules of golf Just the overall rules now- specifically for the PGA do you want to know how often the rules of golf changes Not how often, just what the rules are.
	205	F0430	What is the average annual charitable donation by individuals in the USA?	What is average charitable donation?	are you curious about what an appropriate average charitable donation	yes in the usa	do you want to know how much the average charitable donation is	yes	do you want to know which country has paid the highest average charitable donation amount	yes i would like to know the average charitable donation	What is average charitable donation? are you curious about what an appropriate average charitable donation yes in the usa do you want to know how much the average charitable donation is yes do you want to know which country has paid the highest average charitable donation amount yes i would like to know the average charitable donation
189.0	206	F0431	What are the pros and cons of using wind power.	I'm looking for wind power	would you like to learn about wind power for homes	no i want to know the pros and cons of using wind power	do you want to know the basics of wind power	No.	are you looking for the definition of wind power	Nope just the benefits and negatives.	I'm looking for wind power would you like to learn about wind power for homes no i want to know the pros and cons of using wind power do you want to know the basics of wind power No. are you looking for the definition of wind power Nope just the benefits and negatives.
325.0	206	F0431	What are the pros and cons of using wind power.	I'm looking for wind power	want to know more about wind energy in the united states	im more interested in its pros and cons	would you like to view the pros and cons of using wind power	Yes.	are you looking for the definition of wind power	No just the benefits and risks of using it.	I'm looking for wind power want to know more about wind energy in the united states im more interested in its pros and cons would you like to view the pros and cons of using wind power Yes. are you looking for the definition of wind power No just the benefits and risks of using it.
179.0	206	F0432	Find information on wind power in the USA.	I'm looking for wind power	want to know more about wind energy in the united states	yes	are you looking for the definition of wind power	I don't know	would you like to view the pros and cons of using wind power	Yes, I am curious to know about the pros and cons of wind power.	I'm looking for wind power want to know more about wind energy in the united states yes are you looking for the definition of wind power I don't know would you like to view the pros and cons of using wind power Yes, I am curious to know about the pros and cons of wind power.
297.0	206	F0432	Find information on wind power in the USA.	I'm looking for wind power	would you like to learn about wind power for homes	i want to learn about wind power in general so long as it is in the united states	want to know more about wind energy in the united states	Yes.	are you looking for the definition of wind power	No, I would like to know more about wind energy in the united states.	I'm looking for wind power would you like to learn about wind power for homes i want to learn about wind power in general so long as it is in the united states want to know more about wind energy in the united states Yes. are you looking for the definition of wind power No, I would like to know more about wind energy in the united states.
52.0	206	F0433	Find information on wind power companies.	I'm looking for wind power	would you like to learn about wind power for homes	no i would like information about commercial wind power	want to know more about wind energy in the united states	Information on Wind power companies.	are you looking for the definition of wind power	No just info on the companies.	I'm looking for wind power would you like to learn about wind power for homes no i would like information about commercial wind power want to know more about wind energy in the united states Information on Wind power companies. are you looking for the definition of wind power No just info on the companies.
491.0	206	F0433	Find information on wind power companies.	I'm looking for wind power	want to know more about wind energy in the united states	no i need to know about the companies involved in wind energy	are you looking for the definition of wind power	I don't know	would you like to view the pros and cons of using wind power	No, I would like to know about companies that are involved with wind energy.	I'm looking for wind power want to know more about wind energy in the united states no i need to know about the companies involved in wind energy are you looking for the definition of wind power I don't know would you like to view the pros and cons of using wind power No, I would like to know about companies that are involved with wind energy.
84.0	206	F0434	Find information on residential (home) wind power.	I'm looking for wind power	would you like to learn about wind power for homes	yes	do you want to know the basics of wind power	Residential wind power.	are you looking for the definition of wind power	I'm looking for information on residential wind power, not the definition of wind power.	I'm looking for wind power would you like to learn about wind power for homes yes do you want to know the basics of wind power Residential wind power. are you looking for the definition of wind power I'm looking for information on residential wind power, not the definition of wind power.
60.0	206	F0435	Find information on how wind turbines work.	I'm looking for wind power	would you like to learn about wind power for homes	no i want to know how wind turbines work	are you looking for the definition of wind power	No.	would you like to view the pros and cons of using wind power	No, I just want to know about how the turbines themselves work.	I'm looking for wind power would you like to learn about wind power for homes no i want to know how wind turbines work are you looking for the definition of wind power No. would you like to view the pros and cons of using wind power No, I just want to know about how the turbines themselves work.
295.0	206	F0435	Find information on how wind turbines work.	I'm looking for wind power	would you like to learn about wind power for homes	no i want to know how wind turbines work	are you looking for the definition of wind power	No.	do you want to know the basics of wind power	yes	I'm looking for wind power would you like to learn about wind power for homes no i want to know how wind turbines work are you looking for the definition of wind power No. do you want to know the basics of wind power yes
68.0	206	F0436	Find pictures of wind turbines used for wind power.	I'm looking for wind power	would you like to learn about wind power for homes	no i would like pictures of wind turbines for wind power	are you interested in the benefits of wind power	I want pictures of wind power	are you interested in news articles on wind power	I would like news articles if they include pictures.	I'm looking for wind power would you like to learn about wind power for homes no i would like pictures of wind turbines for wind power are you interested in the benefits of wind power I want pictures of wind power are you interested in news articles on wind power I would like news articles if they include pictures.
73.0	206	F0436	Find pictures of wind turbines used for wind power.	I'm looking for wind power	want to know more about wind energy in the united states	no show me pictures of them	are you looking for the definition of wind power	No. I need pics of wind turbines	would you like to view the pros and cons of using wind power	No, I need photos of wind turbines that are used to produce wind power.	I'm looking for wind power want to know more about wind energy in the united states no show me pictures of them are you looking for the definition of wind power No. I need pics of wind turbines would you like to view the pros and cons of using wind power No, I need photos of wind turbines that are used to produce wind power.
91.0	206	F0437	Find pictures of a wind farm.	I'm looking for wind power	would you like to learn about wind power for homes	pull up images of wind farms for me to see	are you looking for the definition of wind power	No, I would lie to see picturesof a wind farm.	i have some photos of a wind farm want to see them	Yes, I want to see as many photos of a wind farm as possible	I'm looking for wind power would you like to learn about wind power for homes pull up images of wind farms for me to see are you looking for the definition of wind power No, I would lie to see picturesof a wind farm. i have some photos of a wind farm want to see them Yes, I want to see as many photos of a wind farm as possible
171.0	206	F0437	Find pictures of a wind farm.	I'm looking for wind power	would you like to learn about wind power for homes	pull up images of wind farms for me to see	are you looking for the definition of wind power	No, I would lie to see picturesof a wind farm.	are you interested in the benefits of wind power	No, I need to see pictures of a wind farm like I said earlier.	I'm looking for wind power would you like to learn about wind power for homes pull up images of wind farms for me to see are you looking for the definition of wind power No, I would lie to see picturesof a wind farm. are you interested in the benefits of wind power No, I need to see pictures of a wind farm like I said earlier.
81.0	207	F0438	What are the treatment options for BPH (benign prostatic hyperplasia)?	Tell me about bph treatment	are you looking for the bph treatment guidelines	yes i want to know the treatment options	do you want to know what causes bph	No.	do you need pain medication to accompany your bph treatment	no, I am just looking for treatment options right now.	Tell me about bph treatment are you looking for the bph treatment guidelines yes i want to know the treatment options do you want to know what causes bph No. do you need pain medication to accompany your bph treatment no, I am just looking for treatment options right now.
157.0	207	F0439	Which medications are used for BPH?	Tell me about bph treatment	are you looking for the bph treatment guidelines	yes	are you looking for treatment options	Yes medication options	do you need pain medication to accompany your bph treatment	I am looking for any medication used for BPH, not just pain ones.	Tell me about bph treatment are you looking for the bph treatment guidelines yes are you looking for treatment options Yes medication options do you need pain medication to accompany your bph treatment I am looking for any medication used for BPH, not just pain ones.
496.0	207	F0439	Which medications are used for BPH?	Tell me about bph treatment	are you looking for the bph treatment guidelines	yes	do you want to know what causes bph	Yes	do you need pain medication to accompany your bph treatment	No, I would like to see a list of the medications used to treat bph.	Tell me about bph treatment are you looking for the bph treatment guidelines yes do you want to know what causes bph Yes do you need pain medication to accompany your bph treatment No, I would like to see a list of the medications used to treat bph.
139.0	207	F0440	What surgical options are used to treat BPH?	Tell me about bph treatment	are you looking for the bph treatment guidelines	yes and i would like to specifically know about surgical options to treat bph	do you want to know what causes bph	No, I want to now about the surgical options used in treating BPH.	are you looking for treatment options	Yes surgical options.	Tell me about bph treatment are you looking for the bph treatment guidelines yes and i would like to specifically know about surgical options to treat bph do you want to know what causes bph No, I want to now about the surgical options used in treating BPH. are you looking for treatment options Yes surgical options.
290.0	207	F0440	What surgical options are used to treat BPH?	Tell me about bph treatment	are you looking for the bph treatment guidelines	yes and i would like to specifically know about surgical options to treat bph	do you want to know what causes bph	No, I want to now about the surgical options used in treating BPH.	are you looking for treatment options	Yes, specifically surgical treatment options.	Tell me about bph treatment are you looking for the bph treatment guidelines yes and i would like to specifically know about surgical options to treat bph do you want to know what causes bph No, I want to now about the surgical options used in treating BPH. are you looking for treatment options Yes, specifically surgical treatment options.
272.0	207	F0441	What are some lifestyle measures for managing BPH?	Tell me about bph treatment	are you looking for the bph treatment guidelines	yes specifically lifestyle measures for managing bph	would you like to hear about treatments	Just lifestyle changes I can take to manage it	do you want to know what causes bph	No, I would like to know about different kinds of treatments.	Tell me about bph treatment are you looking for the bph treatment guidelines yes specifically lifestyle measures for managing bph would you like to hear about treatments Just lifestyle changes I can take to manage it do you want to know what causes bph No, I would like to know about different kinds of treatments.
31.0	207	F0442	What are the symptoms of BPH?	Tell me about bph treatment	are you looking for the bph treatment guidelines	no id like to know what the symptoms are	are you looking for symptoms of fibromyalgia	No, I am looking for BPH symptoms.	do you want information on treatments for fibromyalgia	Nope just the syptoms.	Tell me about bph treatment are you looking for the bph treatment guidelines no id like to know what the symptoms are are you looking for symptoms of fibromyalgia No, I am looking for BPH symptoms. do you want information on treatments for fibromyalgia Nope just the syptoms.
415.0	207	F0442	What are the symptoms of BPH?	Tell me about bph treatment	are you looking for the bph treatment guidelines	no id like to know what the symptoms are	do you want to know what causes bph	Yes and what are the main symptoms.	do you need pain medication to accompany your bph treatment	No, im just interested in the symptoms right now.	Tell me about bph treatment are you looking for the bph treatment guidelines no id like to know what the symptoms are do you want to know what causes bph Yes and what are the main symptoms. do you need pain medication to accompany your bph treatment No, im just interested in the symptoms right now.
306.0	207	F0443	What are the causes of BPH?	Tell me about bph treatment	are you looking for the bph treatment guidelines	no i want to know which activities cause bhp	do you want to know what causes bph	Yes, what are the causes?	do you need pain medication to accompany your bph treatment	No, I would like to know what causes bph	Tell me about bph treatment are you looking for the bph treatment guidelines no i want to know which activities cause bhp do you want to know what causes bph Yes, what are the causes? do you need pain medication to accompany your bph treatment No, I would like to know what causes bph
419.0	207	F0443	What are the causes of BPH?	Tell me about bph treatment	are you looking for the bph treatment guidelines	no i want to know which activities cause bhp	do you want to know what causes bph	Yes, what are the causes?	are you looking for any specific support group in relation to fybromyalgia	No, I just want to know about what causes BPH.	Tell me about bph treatment are you looking for the bph treatment guidelines no i want to know which activities cause bhp do you want to know what causes bph Yes, what are the causes? are you looking for any specific support group in relation to fybromyalgia No, I just want to know about what causes BPH.
107.0	207	F0444	What are the side effects of BPH treatments?	Tell me about bph treatment	are you looking for the bph treatment guidelines	yes that would be helpful it includes the side effects	do you want to know what causes bph	No, I want to know what would happen if I treated it- what side effects I'd experience	are you interested in treatment side effects	Yes tell me about treatment side effects.	Tell me about bph treatment are you looking for the bph treatment guidelines yes that would be helpful it includes the side effects do you want to know what causes bph No, I want to know what would happen if I treated it- what side effects I'd experience are you interested in treatment side effects Yes tell me about treatment side effects.
361.0	207	F0444	What are the side effects of BPH treatments?	Tell me about bph treatment	are you looking for the bph treatment guidelines	yes that would be helpful it includes the side effects	do you want to know what causes bph	No, I want to know what would happen if I treated it- what side effects I'd experience	do you need pain medication to accompany your bph treatment	No, I would like to know the side affects of bph.	Tell me about bph treatment are you looking for the bph treatment guidelines yes that would be helpful it includes the side effects do you want to know what causes bph No, I want to know what would happen if I treated it- what side effects I'd experience do you need pain medication to accompany your bph treatment No, I would like to know the side affects of bph.
335.0	208	F0445	What went into writing/publishing the book Doctor Zhivago?	tell me more about Doctor Zhivago	are you asking about the movie doctor zhivago	no i want to know what went into writing and publishing the book	do you want to read reviews about dr zhivago	No, I want to know how the author researched the book and how the author went about getting the book published.	are you referring to a different dr zhivago	No, I just need to know what the author did to resrarch the book and get it published.	tell me more about Doctor Zhivago are you asking about the movie doctor zhivago no i want to know what went into writing and publishing the book do you want to read reviews about dr zhivago No, I want to know how the author researched the book and how the author went about getting the book published. are you referring to a different dr zhivago No, I just need to know what the author did to resrarch the book and get it published.
262.0	208	F0446	Find a synopsis of Doctor Zhivago.	tell me more about Doctor Zhivago	do you want to know if doctor zhivago is a real person	yes i would like a synopsis of doctor zhivago	are you asking about the movie doctor zhivago	As I stated before	do you want to know which actor played doctor zhivago in the movie	No just a summary of the movie.	tell me more about Doctor Zhivago do you want to know if doctor zhivago is a real person yes i would like a synopsis of doctor zhivago are you asking about the movie doctor zhivago As I stated before do you want to know which actor played doctor zhivago in the movie No just a summary of the movie.
336.0	208	F0446	Find a synopsis of Doctor Zhivago.	tell me more about Doctor Zhivago	are you asking about the movie doctor zhivago	yes i am	do you want to read reviews about dr zhivago	no, I just need an overall synopsis	would you like to ask dr zhivago a question	No thanks. I just want an overall synopsis of Dr Zhivago.	tell me more about Doctor Zhivago are you asking about the movie doctor zhivago yes i am do you want to read reviews about dr zhivago no, I just need an overall synopsis would you like to ask dr zhivago a question No thanks. I just want an overall synopsis of Dr Zhivago.
298.0	208	F0447	Who got an Academy Award nomination for Doctor Zhivago?	tell me more about Doctor Zhivago	are you asking about the movie doctor zhivago	yes tell me who got an academy award nomination from the movie	do you want to know which actor played doctor zhivago in the movie	No.	do you want to read reviews about dr zhivago	No just what actor won an Academy Award for the film.	tell me more about Doctor Zhivago are you asking about the movie doctor zhivago yes tell me who got an academy award nomination from the movie do you want to know which actor played doctor zhivago in the movie No. do you want to read reviews about dr zhivago No just what actor won an Academy Award for the film.
369.0	208	F0447	Who got an Academy Award nomination for Doctor Zhivago?	tell me more about Doctor Zhivago	do you want to know if doctor zhivago is a real person	no	are you asking about the movie doctor zhivago	Yes, I want to know who got an Academy Award nomination for it.	do you want to know which actor played doctor zhivago in the movie	No i want to watch the movie.	tell me more about Doctor Zhivago do you want to know if doctor zhivago is a real person no are you asking about the movie doctor zhivago Yes, I want to know who got an Academy Award nomination for it. do you want to know which actor played doctor zhivago in the movie No i want to watch the movie.
50.0	208	F0448	Who's in the cast of the Doctor Zhivago movie?	tell me more about Doctor Zhivago	are you asking about the movie doctor zhivago	yes	do you want to read reviews about dr zhivago	No, I want to know the cast.	do you want to know which actor played doctor zhivago in the movie	YES, I really want know who the actor is.	tell me more about Doctor Zhivago are you asking about the movie doctor zhivago yes do you want to read reviews about dr zhivago No, I want to know the cast. do you want to know which actor played doctor zhivago in the movie YES, I really want know who the actor is.
480.0	208	F0448	Who's in the cast of the Doctor Zhivago movie?	tell me more about Doctor Zhivago	do you want to know if doctor zhivago is a real person	no i want to know the actors that played in the film doctor zhivago	are you asking about the movie doctor zhivago	I want to know the actors involved in the making of the Doctor Zhvago movie.	do you want to know which actor played doctor zhivago in the movie	Yes, as well as the names of the other actors in the cast.	tell me more about Doctor Zhivago do you want to know if doctor zhivago is a real person no i want to know the actors that played in the film doctor zhivago are you asking about the movie doctor zhivago I want to know the actors involved in the making of the Doctor Zhvago movie. do you want to know which actor played doctor zhivago in the movie Yes, as well as the names of the other actors in the cast.
144.0	208	F0449	Who was Boris Pasternak and how did his life affect his book?	tell me more about Doctor Zhivago	are you asking about the movie doctor zhivago	no i want to know about the book	do you want to read reviews about dr zhivago	yes iam looking for the book review about dr zhivago	do you mean the book or the movie	I need information on Bob Pasternak's life and how it influenced his book.	tell me more about Doctor Zhivago are you asking about the movie doctor zhivago no i want to know about the book do you want to read reviews about dr zhivago yes iam looking for the book review about dr zhivago do you mean the book or the movie I need information on Bob Pasternak's life and how it influenced his book.
220.0	208	F0449	Who was Boris Pasternak and how did his life affect his book?	tell me more about Doctor Zhivago	do you want to know if doctor zhivago is a real person	i want to know boris pasternaks relation to doctor zhivago	are you asking about the movie doctor zhivago	No, the relationship between Boris Pasternak and Doctor Zhivago.	do you want to know which actor played doctor zhivago in the movie	No I want to know about him and his book.	tell me more about Doctor Zhivago do you want to know if doctor zhivago is a real person i want to know boris pasternaks relation to doctor zhivago are you asking about the movie doctor zhivago No, the relationship between Boris Pasternak and Doctor Zhivago. do you want to know which actor played doctor zhivago in the movie No I want to know about him and his book.
194.0	208	F0450	What DVD versions of the Doctor Zhivago movie are available?	tell me more about Doctor Zhivago	are you asking about the movie doctor zhivago	yes i am and i want to know about the dvd versions of it	do you want to read reviews about dr zhivago	Yes.	do you want to know dr zhivago hours	How many DVD versions of Dr. Zhivago are there?	tell me more about Doctor Zhivago are you asking about the movie doctor zhivago yes i am and i want to know about the dvd versions of it do you want to read reviews about dr zhivago Yes. do you want to know dr zhivago hours How many DVD versions of Dr. Zhivago are there?
213.0	208	F0450	What DVD versions of the Doctor Zhivago movie are available?	tell me more about Doctor Zhivago	do you want to know if doctor zhivago is a real person	no im looking for a dvd of the movie	are you asking about the movie doctor zhivago	Yes I am	do you want to know which actor played doctor zhivago in the movie	No, I'm just looking for information on what DVD versions are available.	tell me more about Doctor Zhivago do you want to know if doctor zhivago is a real person no im looking for a dvd of the movie are you asking about the movie doctor zhivago Yes I am do you want to know which actor played doctor zhivago in the movie No, I'm just looking for information on what DVD versions are available.
101.0	209	F0451	Find job openings for land surveyors.	I'm interested to know about land surveyor	are you thinking about a career as a land surveyor	yes can you tell me of any jobs in the area	which type of land surveyor are you interested in	I don't know.	what is the salary range of a land surveyor	I don't know.	I'm interested to know about land surveyor are you thinking about a career as a land surveyor yes can you tell me of any jobs in the area which type of land surveyor are you interested in I don't know. what is the salary range of a land surveyor I don't know.
420.0	209	F0451	Find job openings for land surveyors.	I'm interested to know about land surveyor	do you want to know more about gear of land surveyor	no i am looking for job openings for a land surveyor	are you thinking about a career as a land surveyor	Yes, and I'd like to see job openings for land surveyors.	are you curious what a land surveyor does	No I want to see available jobs.	I'm interested to know about land surveyor do you want to know more about gear of land surveyor no i am looking for job openings for a land surveyor are you thinking about a career as a land surveyor Yes, and I'd like to see job openings for land surveyors. are you curious what a land surveyor does No I want to see available jobs.
242.0	209	F0452	What equipment and tools does a land surveyor use in his job?	I'm interested to know about land surveyor	are you thinking about a career as a land surveyor	i would like to know what equipment and tools a land surveyor uses	which type of land surveyor are you interested in	I'm interested in finding out what type of tools land surveyors use in their job.	are you looking to hire a land surveyor	No, I just want to know more about what kind of tools they use.	I'm interested to know about land surveyor are you thinking about a career as a land surveyor i would like to know what equipment and tools a land surveyor uses which type of land surveyor are you interested in I'm interested in finding out what type of tools land surveyors use in their job. are you looking to hire a land surveyor No, I just want to know more about what kind of tools they use.
255.0	209	F0452	What equipment and tools does a land surveyor use in his job?	I'm interested to know about land surveyor	do you want to know more about gear of land surveyor	yes id like to know what equipment and tools a land surveyor uses	are you looking to hire a land surveyor	I don't know	are you thinking about a career as a land surveyor	No just want to know what tools they use.	I'm interested to know about land surveyor do you want to know more about gear of land surveyor yes id like to know what equipment and tools a land surveyor uses are you looking to hire a land surveyor I don't know are you thinking about a career as a land surveyor No just want to know what tools they use.
40.0	209	F0453	What education does one need to become a land surveyor?	I'm interested to know about land surveyor	do you want to know more about gear of land surveyor	yes i want to know about the what education does one need to become a land surveyor	are you looking to hire a land surveyor	I don't know	are you curious what a land surveyor does	No, I want to know what education one needs to become one	I'm interested to know about land surveyor do you want to know more about gear of land surveyor yes i want to know about the what education does one need to become a land surveyor are you looking to hire a land surveyor I don't know are you curious what a land surveyor does No, I want to know what education one needs to become one
285.0	209	F0453	What education does one need to become a land surveyor?	I'm interested to know about land surveyor	are you thinking about a career as a land surveyor	possibly right now i want to know what schooling goes into becoming one	which type of land surveyor are you interested in	I don't know, what schooling do the different kinds have in common?	are you curious what a land surveyor does	Not at the moment, I just want to know what you have to study in order to become one.	I'm interested to know about land surveyor are you thinking about a career as a land surveyor possibly right now i want to know what schooling goes into becoming one which type of land surveyor are you interested in I don't know, what schooling do the different kinds have in common? are you curious what a land surveyor does Not at the moment, I just want to know what you have to study in order to become one.
380.0	209	F0454	Which schools provide training to become a land surveyor?	I'm interested to know about land surveyor	do you want to know more about gear of land surveyor	no i want to know the names of schools that provide training to land surveyors	are you looking to hire a land surveyor	No name of training schools	are you thinking about a career as a land surveyor	Yes and I need a list of schools that teach land surveyor courses.	I'm interested to know about land surveyor do you want to know more about gear of land surveyor no i want to know the names of schools that provide training to land surveyors are you looking to hire a land surveyor No name of training schools are you thinking about a career as a land surveyor Yes and I need a list of schools that teach land surveyor courses.
435.0	209	F0454	Which schools provide training to become a land surveyor?	I'm interested to know about land surveyor	are you thinking about a career as a land surveyor	yes i would information about schools that offer land surveyor training programs	which type of land surveyor are you interested in	It doesn't matter- just let me know what schools I can go to for it	what is the salary range of a land surveyor	All I care about is which schools train you to become a land surveyor.	I'm interested to know about land surveyor are you thinking about a career as a land surveyor yes i would information about schools that offer land surveyor training programs which type of land surveyor are you interested in It doesn't matter- just let me know what schools I can go to for it what is the salary range of a land surveyor All I care about is which schools train you to become a land surveyor.
120.0	209	F0455	What salary range does a land surveyor receive?	I'm interested to know about land surveyor	are you thinking about a career as a land surveyor	yes i am thinking about a career as a land surveyor i would like to know the salary range of a land surveyor	which type of land surveyor are you interested in	I'm trying to find out how much money land surveors generally make.	are you looking to hire a land surveyor	No, I just want to know the salary range for a land surveyor.	I'm interested to know about land surveyor are you thinking about a career as a land surveyor yes i am thinking about a career as a land surveyor i would like to know the salary range of a land surveyor which type of land surveyor are you interested in I'm trying to find out how much money land surveors generally make. are you looking to hire a land surveyor No, I just want to know the salary range for a land surveyor.
416.0	209	F0455	What salary range does a land surveyor receive?	I'm interested to know about land surveyor	are you thinking about a career as a land surveyor	yes i am thinking about a career as a land surveyor i would like to know the salary range of a land surveyor	which type of land surveyor are you interested in	I'm trying to find out how much money land surveors generally make.	what is the salary range of a land surveyor	Yes, that's exactly what I need to know.	I'm interested to know about land surveyor are you thinking about a career as a land surveyor yes i am thinking about a career as a land surveyor i would like to know the salary range of a land surveyor which type of land surveyor are you interested in I'm trying to find out how much money land surveors generally make. what is the salary range of a land surveyor Yes, that's exactly what I need to know.
	21	F0456	I'm looking for Volvo's homepage.	Tell me information about Volvo.	are you looking for a specific web site	yes i need to find vovos homepage					Tell me information about Volvo. are you looking for a specific web site yes i need to find vovos homepage
	21	F0457	Find reviews of the Volvo XC90 SUV.	Tell me information about Volvo.	are looking for reviews on volvo xc90 suv	yes					Tell me information about Volvo. are looking for reviews on volvo xc90 suv yes
	21	F0458	Where can I find Volvo semi trucks for sale (new or used)?	Tell me information about Volvo.	would you like to buy semi truck	yes i would like to buy a new or used volvo semi truck	would you like to know what country volvo is located	yes	are you looking for a dealer in a specific location	yes looking for dealer to buy product	Tell me information about Volvo. would you like to buy semi truck yes i would like to buy a new or used volvo semi truck would you like to know what country volvo is located yes are you looking for a dealer in a specific location yes looking for dealer to buy product
	21	F0459	Find a Volvo dealer.	Tell me information about Volvo.	are you looking for a specific web site	yes a volvo dealer website	are you looking to buy a volvo	yes so find me the nearest dealership	do you need information about a volvo dealership	yes	Tell me information about Volvo. are you looking for a specific web site yes a volvo dealer website are you looking to buy a volvo yes so find me the nearest dealership do you need information about a volvo dealership yes
	21	F0460	Find an online source for Volvo parts.	Tell me information about Volvo.	do you need repair information	yes as it relates to the purchase of parts					Tell me information about Volvo. do you need repair information yes as it relates to the purchase of parts
20.0	210	F0461	What is the best golf gps device?	golf gps	would you like to buy a golf gps system	yes which is the best one	would you like a comparison of golf gps systems	Yes I would	are you interested in a specific golf gps system	No, show me all recommended ones.	golf gps would you like to buy a golf gps system yes which is the best one would you like a comparison of golf gps systems Yes I would are you interested in a specific golf gps system No, show me all recommended ones.
132.0	210	F0461	What is the best golf gps device?	golf gps	would you like a comparison of golf gps systems	yes	are you interested in the history of gps systems in golf	Not the history.. I need to buy one	would you like to buy a golf gps system	maybe, I would like to know what is the best gps golf system.	golf gps would you like a comparison of golf gps systems yes are you interested in the history of gps systems in golf Not the history.. I need to buy one would you like to buy a golf gps system maybe, I would like to know what is the best gps golf system.
366.0	210	F0462	Compare Bushnell, Callaway and Garmin golf gps systems.	golf gps	would you like a comparison of golf gps systems	i would like you to compare garmin callaway and bushnell	are you interested in the history of gps systems in golf	No i want a comparison of the garmin callaway and bushnell golf gps devices	are you interested in the accuracy of the gps	Yes.	golf gps would you like a comparison of golf gps systems i would like you to compare garmin callaway and bushnell are you interested in the history of gps systems in golf No i want a comparison of the garmin callaway and bushnell golf gps devices are you interested in the accuracy of the gps Yes.
463.0	210	F0462	Compare Bushnell, Callaway and Garmin golf gps systems.	golf gps	would you like to buy a golf gps system	i am interested in comparing golf gps systems	would you like a comparison of golf gps systems	Yes as stated	would you like to know how gps systems are used in golf	No, I just want to compare systems between the major brands.	golf gps would you like to buy a golf gps system i am interested in comparing golf gps systems would you like a comparison of golf gps systems Yes as stated would you like to know how gps systems are used in golf No, I just want to compare systems between the major brands.
224.0	210	F0463	Is there a golf gps app for the Iphone?	golf gps	would you like a comparison of golf gps systems	no i want to know about a gold gps app	are you interested in the accuracy of the gps	Yes, but only for those offered by Iphone.	are you interested in how gps was orginally made	No, I would like to know if there is a app for iphone	golf gps would you like a comparison of golf gps systems no i want to know about a gold gps app are you interested in the accuracy of the gps Yes, but only for those offered by Iphone. are you interested in how gps was orginally made No, I would like to know if there is a app for iphone
343.0	210	F0463	Is there a golf gps app for the Iphone?	golf gps	would you like to buy a golf gps system	no is there a golf gps app on the apple iphone	are you interested in a specific golf gps system	No, like I said before, I want to know if there is a golf gps app on the apple iphone.	are you looking for reviews of gps apps	No, I am looking for a golf gps app for the iphone	golf gps would you like to buy a golf gps system no is there a golf gps app on the apple iphone are you interested in a specific golf gps system No, like I said before, I want to know if there is a golf gps app on the apple iphone. are you looking for reviews of gps apps No, I am looking for a golf gps app for the iphone
11.0	210	F0464	Find information on handheld golf gps devices.	golf gps	would you like a comparison of golf gps systems	yes	are you interested in the history of gps systems in golf	No, I want to compare hand held gps devices.	are you interested in the accuracy of the gps	Please provide comparisons of golf gps system specifications.	golf gps would you like a comparison of golf gps systems yes are you interested in the history of gps systems in golf No, I want to compare hand held gps devices. are you interested in the accuracy of the gps Please provide comparisons of golf gps system specifications.
94.0	210	F0464	Find information on handheld golf gps devices.	golf gps	would you like to buy a golf gps system	no i just want information on them	would you like a comparison of golf gps systems	Yes as much information as you can give me	are you looking for golf ball sized gps technologies	yes, any type you can show me	golf gps would you like to buy a golf gps system no i just want information on them would you like a comparison of golf gps systems Yes as much information as you can give me are you looking for golf ball sized gps technologies yes, any type you can show me
350.0	210	F0465	Is there a golf gps system that can be used world wide?	golf gps	would you like to buy a golf gps system	no i want to know if there is a golf gps system that will work in europe asia and the middle east as well as north america	would you like to know how gps systems are used in golf	No I want to know which ones I can use around the world	are you interested in the history of gps systems in golf	No, I just want to know which ones I can use anywhere around the world.	golf gps would you like to buy a golf gps system no i want to know if there is a golf gps system that will work in europe asia and the middle east as well as north america would you like to know how gps systems are used in golf No I want to know which ones I can use around the world are you interested in the history of gps systems in golf No, I just want to know which ones I can use anywhere around the world.
391.0	210	F0465	Is there a golf gps system that can be used world wide?	golf gps	would you like a comparison of golf gps systems	is there one that can be used world wide	are you interested in the history of gps systems in golf	I don't know	are you interested in the accuracy of the gps	I just need to know which ones can be used worldwide?	golf gps would you like a comparison of golf gps systems is there one that can be used world wide are you interested in the history of gps systems in golf I don't know are you interested in the accuracy of the gps I just need to know which ones can be used worldwide?
124.0	210	F0466	Where can I get a used golf gps device?	golf gps	would you like a comparison of golf gps systems	yes please it would be helpful to get information on the available used systems and where i can get them	are you interested in the history of gps systems in golf	No, i just need to know where i can buy used golf gps devices	are you interested in the accuracy of the gps	yes as well as where I can get the best used one.	golf gps would you like a comparison of golf gps systems yes please it would be helpful to get information on the available used systems and where i can get them are you interested in the history of gps systems in golf No, i just need to know where i can buy used golf gps devices are you interested in the accuracy of the gps yes as well as where I can get the best used one.
300.0	210	F0466	Where can I get a used golf gps device?	golf gps	would you like to buy a golf gps system	yes a used golf gps system	are you interested in a specific golf gps system	I don't know.	would you like to know how gps systems are used in golf	No, I would like to know where I can buy a used golf gps device.	golf gps would you like to buy a golf gps system yes a used golf gps system are you interested in a specific golf gps system I don't know. would you like to know how gps systems are used in golf No, I would like to know where I can buy a used golf gps device.
	211	F0467	What is Madagascar known for?	What is Madagascar known for?	would you like to know what animals are native to madagascar	yes	are you looking for tourist attractions in madagascar	yes and id like to know what it is known for	do you want to know what madagascar is famouss for	yes	What is Madagascar known for? would you like to know what animals are native to madagascar yes are you looking for tourist attractions in madagascar yes and id like to know what it is known for do you want to know what madagascar is famouss for yes
275.0	212	F0468	Find information on home theater room design.	Tell me about home theater systems.	would you like a list of stores that sell home theater systems	no i am looking for room designs for home theatres	would you like to buy a home theater system	I don't know	are you looking for reviews of the home theater systems	no, just info on home theatre designs	Tell me about home theater systems. would you like a list of stores that sell home theater systems no i am looking for room designs for home theatres would you like to buy a home theater system I don't know are you looking for reviews of the home theater systems no, just info on home theatre designs
281.0	212	F0468	Find information on home theater room design.	Tell me about home theater systems.	would you like a list of stores that sell home theater systems	no i am looking for room designs for home theatres	would you like to buy a home theater system	I don't know	are you looking to compare price points for theater systems	No just the design and layouts of them.	Tell me about home theater systems. would you like a list of stores that sell home theater systems no i am looking for room designs for home theatres would you like to buy a home theater system I don't know are you looking to compare price points for theater systems No just the design and layouts of them.
162.0	212	F0469	What home theater systems does Bose offer?	Tell me about home theater systems.	would you like a list of stores that sell home theater systems	no just a list of systems that bose offers	would you like to buy a home theater system	I want to see a list of home theater system Bose offers.	are you looking to compare price points for theater systems	I don't know.	Tell me about home theater systems. would you like a list of stores that sell home theater systems no just a list of systems that bose offers would you like to buy a home theater system I want to see a list of home theater system Bose offers. are you looking to compare price points for theater systems I don't know.
349.0	212	F0469	What home theater systems does Bose offer?	Tell me about home theater systems.	would you like a list of stores that sell home theater systems	no just a list of systems that bose offers	would you like to buy a home theater system	I want to see a list of home theater system Bose offers.	are you looking to purchase a home theater system	No just the offerings that Bose has.	Tell me about home theater systems. would you like a list of stores that sell home theater systems no just a list of systems that bose offers would you like to buy a home theater system I want to see a list of home theater system Bose offers. are you looking to purchase a home theater system No just the offerings that Bose has.
13.0	212	F0470	Find information about home theater receivers.	Tell me about home theater systems.	are you looking to compare price points for theater systems	i want to find information about home theater receivers first before deciding on prices	would you like to buy a home theater system	Just like I said before, I want to find information about home theater receivers first before making a purchase decision.	are you looking to purchase a home theater system	I just want general information on them.	Tell me about home theater systems. are you looking to compare price points for theater systems i want to find information about home theater receivers first before deciding on prices would you like to buy a home theater system Just like I said before, I want to find information about home theater receivers first before making a purchase decision. are you looking to purchase a home theater system I just want general information on them.
441.0	212	F0470	Find information about home theater receivers.	Tell me about home theater systems.	would you like a list of stores that sell home theater systems	no	are you looking for reviews of the home theater systems	No.	would you like to buy a home theater system	No, I want to get more information about home theater receivers.	Tell me about home theater systems. would you like a list of stores that sell home theater systems no are you looking for reviews of the home theater systems No. would you like to buy a home theater system No, I want to get more information about home theater receivers.
15.0	212	F0471	Find information about wireless home theater systems.	Tell me about home theater systems.	would you like a list of stores that sell home theater systems	im trying to find out more information about wireless home theater systems	would you like to buy a home theater system	I don't know	are you looking to compare price points for theater systems	I don't know	Tell me about home theater systems. would you like a list of stores that sell home theater systems im trying to find out more information about wireless home theater systems would you like to buy a home theater system I don't know are you looking to compare price points for theater systems I don't know
53.0	212	F0471	Find information about wireless home theater systems.	Tell me about home theater systems.	would you like a list of stores that sell home theater systems	im trying to find out more information about wireless home theater systems	would you like to buy a home theater system	I don't know	are you looking to purchase a home theater system	maybe, but first I need to see wireless home theather systems for sale.	Tell me about home theater systems. would you like a list of stores that sell home theater systems im trying to find out more information about wireless home theater systems would you like to buy a home theater system I don't know are you looking to purchase a home theater system maybe, but first I need to see wireless home theather systems for sale.
180.0	212	F0472	Find reviews of home theater systems.	Tell me about home theater systems.	would you like a list of stores that sell home theater systems	no i would like to find reviews of home theater systems	would you like to buy a home theater system	I don't know	are you looking for reviews of the home theater systems	Yes, that's exactly what I need.	Tell me about home theater systems. would you like a list of stores that sell home theater systems no i would like to find reviews of home theater systems would you like to buy a home theater system I don't know are you looking for reviews of the home theater systems Yes, that's exactly what I need.
235.0	213	F0473	What are the symptoms of carpal tunnel syndrome (CTS)?	I'm looking for information on carpal tunnel syndrome	would you like to know how to prevent carpal tunnel syndrome	no im interested in what the symptoms are	do you want to know the symptoms of carpal tunnel syndrome	Yes.	are there any important related factors or complications you want to know about regarding carpal tunnel syndrome	No, please list all of them if possible	I'm looking for information on carpal tunnel syndrome would you like to know how to prevent carpal tunnel syndrome no im interested in what the symptoms are do you want to know the symptoms of carpal tunnel syndrome Yes. are there any important related factors or complications you want to know about regarding carpal tunnel syndrome No, please list all of them if possible
472.0	213	F0473	What are the symptoms of carpal tunnel syndrome (CTS)?	I'm looking for information on carpal tunnel syndrome	are you interested in ways to relieve pain caused by carpal tunnel syndrome	no im interested in the symptoms of the disease	would you like to know how to prevent carpal tunnel syndrome	Well, in order to prevent carpal tunnell syndrom, I would first need to need to know what the symptoms of the diease are please.	do you want to know the symptoms of carpal tunnel syndrome	Yes I do.	I'm looking for information on carpal tunnel syndrome are you interested in ways to relieve pain caused by carpal tunnel syndrome no im interested in the symptoms of the disease would you like to know how to prevent carpal tunnel syndrome Well, in order to prevent carpal tunnell syndrom, I would first need to need to know what the symptoms of the diease are please. do you want to know the symptoms of carpal tunnel syndrome Yes I do.
304.0	213	F0474	How is CTS treated?	I'm looking for information on carpal tunnel syndrome	are you interested in ways to relieve pain caused by carpal tunnel syndrome	yes	do you want to know the symptoms of carpal tunnel syndrome	I want to know about treatment options.	would you like to know how to prevent carpal tunnel syndrome	No, I'm more interested in how to treat it once you have it.	I'm looking for information on carpal tunnel syndrome are you interested in ways to relieve pain caused by carpal tunnel syndrome yes do you want to know the symptoms of carpal tunnel syndrome I want to know about treatment options. would you like to know how to prevent carpal tunnel syndrome No, I'm more interested in how to treat it once you have it.
446.0	213	F0474	How is CTS treated?	I'm looking for information on carpal tunnel syndrome	would you like to know how to prevent carpal tunnel syndrome	no i want to know how it is treated	would you like know about carpal tunnel syndrome	No, treatment of CTS.	are you interested in the exercises for carpal tunnel	yes am so much interested.	I'm looking for information on carpal tunnel syndrome would you like to know how to prevent carpal tunnel syndrome no i want to know how it is treated would you like know about carpal tunnel syndrome No, treatment of CTS. are you interested in the exercises for carpal tunnel yes am so much interested.
151.0	213	F0475	How is CTS diagnosed?	I'm looking for information on carpal tunnel syndrome	would you like to know how to prevent carpal tunnel syndrome	yes how is it diagnosed	would you like know about carpal tunnel syndrome	Yes but I would specifically like to know info on how it is diagnosed	do you want to know the symptoms of carpal tunnel syndrome	Yes, please provide me with the major symptoms of carpal tunnel syndrome.	I'm looking for information on carpal tunnel syndrome would you like to know how to prevent carpal tunnel syndrome yes how is it diagnosed would you like know about carpal tunnel syndrome Yes but I would specifically like to know info on how it is diagnosed do you want to know the symptoms of carpal tunnel syndrome Yes, please provide me with the major symptoms of carpal tunnel syndrome.
409.0	213	F0475	How is CTS diagnosed?	I'm looking for information on carpal tunnel syndrome	are you interested in ways to relieve pain caused by carpal tunnel syndrome	how is it diagnosed	would you like to know how to prevent carpal tunnel syndrome	No, the way it is diagnosed.	are you looking for tests to diagnose carpal tunnel syndrome	Yes, I need to know how CTS is diagnosed.	I'm looking for information on carpal tunnel syndrome are you interested in ways to relieve pain caused by carpal tunnel syndrome how is it diagnosed would you like to know how to prevent carpal tunnel syndrome No, the way it is diagnosed. are you looking for tests to diagnose carpal tunnel syndrome Yes, I need to know how CTS is diagnosed.
383.0	213	F0476	Find the causes of CTS.	I'm looking for information on carpal tunnel syndrome	are you interested in ways to relieve pain caused by carpal tunnel syndrome	causes of the syndrome	would you like know about causes for carpal tunnel syndrome	Yes, that's perfect.	would you like to know how to prevent carpal tunnel syndrome	Yes, I'd be interested in learning ways to prevent Carpal Tunnel Syndrome.	I'm looking for information on carpal tunnel syndrome are you interested in ways to relieve pain caused by carpal tunnel syndrome causes of the syndrome would you like know about causes for carpal tunnel syndrome Yes, that's perfect. would you like to know how to prevent carpal tunnel syndrome Yes, I'd be interested in learning ways to prevent Carpal Tunnel Syndrome.
470.0	213	F0476	Find the causes of CTS.	I'm looking for information on carpal tunnel syndrome	would you like to know how to prevent carpal tunnel syndrome	no i need to know what causes carpal tunnel syndrome	would you like know about carpal tunnel syndrome	Yes, I want to know its causes.	would you like know about causes for carpal tunnel syndrome	Yes, that is exactly what I am looking for.	I'm looking for information on carpal tunnel syndrome would you like to know how to prevent carpal tunnel syndrome no i need to know what causes carpal tunnel syndrome would you like know about carpal tunnel syndrome Yes, I want to know its causes. would you like know about causes for carpal tunnel syndrome Yes, that is exactly what I am looking for.
254.0	213	F0477	Which exercises can bring relief from CTS?	I'm looking for information on carpal tunnel syndrome	would you like to know how to prevent carpal tunnel syndrome	yeah	would you like know about carpal tunnel syndrome	exercises for pain relief	are you interested in the exercises for carpal tunnel	Yes I am.	I'm looking for information on carpal tunnel syndrome would you like to know how to prevent carpal tunnel syndrome yeah would you like know about carpal tunnel syndrome exercises for pain relief are you interested in the exercises for carpal tunnel Yes I am.
286.0	213	F0477	Which exercises can bring relief from CTS?	I'm looking for information on carpal tunnel syndrome	are you interested in ways to relieve pain caused by carpal tunnel syndrome	what exercises can i perform to help relieve the symptoms associated with cts	would you like to know how to prevent carpal tunnel syndrome	No, I need exercise that relieve the pain from CTS	would you like to know about carpal tunnel syndrome treatment	Yes, I also need to know which exercises help with CTS.	I'm looking for information on carpal tunnel syndrome are you interested in ways to relieve pain caused by carpal tunnel syndrome what exercises can i perform to help relieve the symptoms associated with cts would you like to know how to prevent carpal tunnel syndrome No, I need exercise that relieve the pain from CTS would you like to know about carpal tunnel syndrome treatment Yes, I also need to know which exercises help with CTS.
80.0	213	F0478	Which activities are prevalent among CTS sufferers?	I'm looking for information on carpal tunnel syndrome	would you like to know how to prevent carpal tunnel syndrome	no i want to know about the activities that are prevalent among cts sufferers	would you like know about carpal tunnel syndrome	No, i'd like to know what activities someone with carpal tunnle sundrome can do.	are you interested in the exercises for carpal tunnel	No. What repetitive activities cause carpal tunnel syndrome?	I'm looking for information on carpal tunnel syndrome would you like to know how to prevent carpal tunnel syndrome no i want to know about the activities that are prevalent among cts sufferers would you like know about carpal tunnel syndrome No, i'd like to know what activities someone with carpal tunnle sundrome can do. are you interested in the exercises for carpal tunnel No. What repetitive activities cause carpal tunnel syndrome?
378.0	213	F0478	Which activities are prevalent among CTS sufferers?	I'm looking for information on carpal tunnel syndrome	are you interested in ways to relieve pain caused by carpal tunnel syndrome	yes	do you want to know the symptoms of carpal tunnel syndrome	No, I want to find out what activities are common to many sufferers that may have caused the problem.	would you like to know how to prevent carpal tunnel syndrome	Yes, more specifically what activities cause carpat tunnel syndrome in many people.	I'm looking for information on carpal tunnel syndrome are you interested in ways to relieve pain caused by carpal tunnel syndrome yes do you want to know the symptoms of carpal tunnel syndrome No, I want to find out what activities are common to many sufferers that may have caused the problem. would you like to know how to prevent carpal tunnel syndrome Yes, more specifically what activities cause carpat tunnel syndrome in many people.
117.0	213	F0479	What are the options for surgically correcting CTS?	I'm looking for information on carpal tunnel syndrome	would you like to know how to prevent carpal tunnel syndrome	no i would like to correct it	are you interested in the exercises for carpal tunnel	No, I need to know what surgica means will fix it	would you like know about carpal tunnel syndrome	I would like to know if there is a surgical options to correct Carpal Tunnel Syndrome.	I'm looking for information on carpal tunnel syndrome would you like to know how to prevent carpal tunnel syndrome no i would like to correct it are you interested in the exercises for carpal tunnel No, I need to know what surgica means will fix it would you like know about carpal tunnel syndrome I would like to know if there is a surgical options to correct Carpal Tunnel Syndrome.
355.0	213	F0479	What are the options for surgically correcting CTS?	I'm looking for information on carpal tunnel syndrome	are you interested in ways to relieve pain caused by carpal tunnel syndrome	no i want to know about surgery only for it	would you like to know how to prevent carpal tunnel syndrome	No, please find me surgery for carpal tunnel syndrome	would you like to know about carpal tunnel syndrome treatment	Just the surgery options for it.	I'm looking for information on carpal tunnel syndrome are you interested in ways to relieve pain caused by carpal tunnel syndrome no i want to know about surgery only for it would you like to know how to prevent carpal tunnel syndrome No, please find me surgery for carpal tunnel syndrome would you like to know about carpal tunnel syndrome treatment Just the surgery options for it.
23.0	213	F0480	What are the recovery prospects for CTS surgical patients?	I'm looking for information on carpal tunnel syndrome	are you interested in ways to relieve pain caused by carpal tunnel syndrome	how will my recovery be if i choose to have cts surgery	would you like to know how to prevent carpal tunnel syndrome	No, I want to know if my recovery will be speedy after I have CTS surgery	would you like to know about carpal tunnel syndrome treatment	Just the recovery prospects after having surgery.	I'm looking for information on carpal tunnel syndrome are you interested in ways to relieve pain caused by carpal tunnel syndrome how will my recovery be if i choose to have cts surgery would you like to know how to prevent carpal tunnel syndrome No, I want to know if my recovery will be speedy after I have CTS surgery would you like to know about carpal tunnel syndrome treatment Just the recovery prospects after having surgery.
	214	F0481	What does the US capital tax rate consist of and how is it broken down?	What does the US capital gains tax rate consist of and how is it broken down?	would you like to buy a book about this topic	sure	do you want a list of the current capital gains tax rates in a table	sure that works			What does the US capital gains tax rate consist of and how is it broken down? would you like to buy a book about this topic sure do you want a list of the current capital gains tax rates in a table sure that works
177.0	215	F0482	Find the phone numbers for units within the Maryland Department of Natural Resources.	Info on maryland department of natural resources	do you want to know what jobs are available at the maryland department of natural resources	no	do you want to know the location of maryland department of natural resources	No, I just need the phone numbers	are you interested in jobs available in maryland department of natural resources	No, I need the phone number for different units within Maryland's Department of Natural Resources.	Info on maryland department of natural resources do you want to know what jobs are available at the maryland department of natural resources no do you want to know the location of maryland department of natural resources No, I just need the phone numbers are you interested in jobs available in maryland department of natural resources No, I need the phone number for different units within Maryland's Department of Natural Resources.
466.0	215	F0482	Find the phone numbers for units within the Maryland Department of Natural Resources.	Info on maryland department of natural resources	do you want to know the location of maryland department of natural resources	yes i want to know about the phone number for units within the maryland department of natural resources	would you like to know the responsibilities of the maryland department of natural resources	No, just give me their number	are you interested in jobs available in maryland department of natural resources	No just the phone numbers for the units.	Info on maryland department of natural resources do you want to know the location of maryland department of natural resources yes i want to know about the phone number for units within the maryland department of natural resources would you like to know the responsibilities of the maryland department of natural resources No, just give me their number are you interested in jobs available in maryland department of natural resources No just the phone numbers for the units.
331.0	215	F0483	How do you get a Maryland fishing license?	Info on maryland department of natural resources	do you want to know the location of maryland department of natural resources	no i just want to get a maryland fishing license	would you like to conact the maryland department of natural resources	No.	would you like more information on the wildlife the maryland department of natural resources manages	No I'm just trying to acquire a license to fish.	Info on maryland department of natural resources do you want to know the location of maryland department of natural resources no i just want to get a maryland fishing license would you like to conact the maryland department of natural resources No. would you like more information on the wildlife the maryland department of natural resources manages No I'm just trying to acquire a license to fish.
394.0	215	F0483	How do you get a Maryland fishing license?	Info on maryland department of natural resources	do you want to know what jobs are available at the maryland department of natural resources	no i am interested on how you get a maryland fishing licence	are you referring to the the department of natural resources in maryland	I don't know	would you like to know the responsibilities of the maryland department of natural resources	Yes I would.	Info on maryland department of natural resources do you want to know what jobs are available at the maryland department of natural resources no i am interested on how you get a maryland fishing licence are you referring to the the department of natural resources in maryland I don't know would you like to know the responsibilities of the maryland department of natural resources Yes I would.
164.0	215	F0484	What information is available about Maryland parks and recreation?	Info on maryland department of natural resources	do you want to know what jobs are available at the maryland department of natural resources	no	do you want to know the location of maryland department of natural resources	No, I want to know more about the department itself and how it runs.	are you referring to the the department of natural resources in maryland	I am referring to Maryland Parks and Recreation.	Info on maryland department of natural resources do you want to know what jobs are available at the maryland department of natural resources no do you want to know the location of maryland department of natural resources No, I want to know more about the department itself and how it runs. are you referring to the the department of natural resources in maryland I am referring to Maryland Parks and Recreation.
187.0	215	F0484	What information is available about Maryland parks and recreation?	Info on maryland department of natural resources	do you want to know the location of maryland department of natural resources	actually i would like info on maryland parks and rec	do you want to know more about jobs in connecticut	No, I need to know what fun stuff to do (parks and other stuff) in Maryland	are you interested in any specific city in florida	I'm not interested in Florida at all, just Maryland.	Info on maryland department of natural resources do you want to know the location of maryland department of natural resources actually i would like info on maryland parks and rec do you want to know more about jobs in connecticut No, I need to know what fun stuff to do (parks and other stuff) in Maryland are you interested in any specific city in florida I'm not interested in Florida at all, just Maryland.
288.0	215	F0485	What are the dates for Maryland hunting season?	Info on maryland department of natural resources	do you want to know the location of maryland department of natural resources	no i interested the dates for the maryland hunting season	are you interested in any specific city in florida	Your query does not make sense.	what area is florida are you interested in	Hunting season dates for the state of maryland please.	Info on maryland department of natural resources do you want to know the location of maryland department of natural resources no i interested the dates for the maryland hunting season are you interested in any specific city in florida Your query does not make sense. what area is florida are you interested in Hunting season dates for the state of maryland please.
487.0	215	F0485	What are the dates for Maryland hunting season?	Info on maryland department of natural resources	do you want to know what jobs are available at the maryland department of natural resources	no i need information about hunting seasons	are you referring to the the department of natural resources in maryland	Which is the best date for Hunting in Maryland Department of Natural Resources?	do you mean the department of natural resources	Yes	Info on maryland department of natural resources do you want to know what jobs are available at the maryland department of natural resources no i need information about hunting seasons are you referring to the the department of natural resources in maryland Which is the best date for Hunting in Maryland Department of Natural Resources? do you mean the department of natural resources Yes
445.0	215	F0486	Find information about the Maryland Department of Natural Resources police.	Info on maryland department of natural resources	do you want to know what jobs are available at the maryland department of natural resources	no i wanted information on law enforcement for the maryland department of natural resources	do you want to know the location of maryland department of natural resources	Yes, the location of the police, as well as other information about it.	are you referring to the the department of natural resources in maryland	Yes, I am referring to that department, but specifically the police part of it.	Info on maryland department of natural resources do you want to know what jobs are available at the maryland department of natural resources no i wanted information on law enforcement for the maryland department of natural resources do you want to know the location of maryland department of natural resources Yes, the location of the police, as well as other information about it. are you referring to the the department of natural resources in maryland Yes, I am referring to that department, but specifically the police part of it.
4.0	215	F0487	Find Maryland DNR fishing reports.	Info on maryland department of natural resources	do you want to know the location of maryland department of natural resources	no i would like to know their fishing reports	would you like to conact the maryland department of natural resources	No.	would you like to know the responsibilities of the maryland department of natural resources	No just the fishing reports.	Info on maryland department of natural resources do you want to know the location of maryland department of natural resources no i would like to know their fishing reports would you like to conact the maryland department of natural resources No. would you like to know the responsibilities of the maryland department of natural resources No just the fishing reports.
479.0	215	F0487	Find Maryland DNR fishing reports.	Info on maryland department of natural resources	do you want to know what jobs are available at the maryland department of natural resources	i want to know dnr fishing reports	are you referring to the the department of natural resources in maryland	Yes, that is whose fishing reports I want to see.	what information are you looking for regarding maryland department of natural resources	I would like to see their fishing reports.	Info on maryland department of natural resources do you want to know what jobs are available at the maryland department of natural resources i want to know dnr fishing reports are you referring to the the department of natural resources in maryland Yes, that is whose fishing reports I want to see. what information are you looking for regarding maryland department of natural resources I would like to see their fishing reports.
96.0	216	F0488	What movies has Nicolas Cage appeared in?	which are famous movies where Nicolas Cage appeared?	is there a specific nicolas cage movie your interested in	no i want a complete list of all the movies nicolas cage has been in	are you interested in reading the scripts for nicolas cage movies	No, I want to know the movies he has been in.	would you like to see the top ten most popular nicolas cage movies	no, I would like to see a complete lists of the movies nicolas cage has been	which are famous movies where Nicolas Cage appeared? is there a specific nicolas cage movie your interested in no i want a complete list of all the movies nicolas cage has been in are you interested in reading the scripts for nicolas cage movies No, I want to know the movies he has been in. would you like to see the top ten most popular nicolas cage movies no, I would like to see a complete lists of the movies nicolas cage has been
385.0	216	F0488	What movies has Nicolas Cage appeared in?	which are famous movies where Nicolas Cage appeared?	would you like to see the top ten most popular nicolas cage movies	yes i want to see a list of movies hes been in	would you like to see a list of nicolas cage movies	yes, tell me all of the movies he's acted in	do you want to watch some nicolas cage movies	No, I would just like to know what movies he has appeared in.	which are famous movies where Nicolas Cage appeared? would you like to see the top ten most popular nicolas cage movies yes i want to see a list of movies hes been in would you like to see a list of nicolas cage movies yes, tell me all of the movies he's acted in do you want to watch some nicolas cage movies No, I would just like to know what movies he has appeared in.
307.0	216	F0489	What is the next movie Nicolas Cage will appear in?	which are famous movies where Nicolas Cage appeared?	would you like to see the top ten most popular nicolas cage movies	no just the one still to be released	would you like to see a list of nicolas cage movies	No just the title of his newest movie that has not been released yet.	quiz time which 2011 film featured nicolas cage	No just the new film he's in.	which are famous movies where Nicolas Cage appeared? would you like to see the top ten most popular nicolas cage movies no just the one still to be released would you like to see a list of nicolas cage movies No just the title of his newest movie that has not been released yet. quiz time which 2011 film featured nicolas cage No just the new film he's in.
468.0	216	F0489	What is the next movie Nicolas Cage will appear in?	which are famous movies where Nicolas Cage appeared?	would you like to see the top ten most popular nicolas cage movies	no just the one still to be released	would you like to see a list of nicolas cage movies	No just the title of his newest movie that has not been released yet.	quiz time which 2011 film featured nicolas cage	I don't know.	which are famous movies where Nicolas Cage appeared? would you like to see the top ten most popular nicolas cage movies no just the one still to be released would you like to see a list of nicolas cage movies No just the title of his newest movie that has not been released yet. quiz time which 2011 film featured nicolas cage I don't know.
43.0	216	F0490	What was the movie Nicolas Cage appeared in that was released in 2011?	which are famous movies where Nicolas Cage appeared?	would you like to see the top ten most popular nicolas cage movies	no only the one that was released in 2011	quiz time which 2011 film featured nicolas cage	I don't know.	are you interested in the nicolas cage movie for which cage won the best actor oscar	No, What movies did Nicolas Cage appear in the year 2011 only.	which are famous movies where Nicolas Cage appeared? would you like to see the top ten most popular nicolas cage movies no only the one that was released in 2011 quiz time which 2011 film featured nicolas cage I don't know. are you interested in the nicolas cage movie for which cage won the best actor oscar No, What movies did Nicolas Cage appear in the year 2011 only.
477.0	216	F0490	What was the movie Nicolas Cage appeared in that was released in 2011?	which are famous movies where Nicolas Cage appeared?	would you like to see the top ten most popular nicolas cage movies	no only the one that was released in 2011	quiz time which 2011 film featured nicolas cage	I don't know.	would you like to see a list of nicolas cage movies	Just the one that was released in 2011.	which are famous movies where Nicolas Cage appeared? would you like to see the top ten most popular nicolas cage movies no only the one that was released in 2011 quiz time which 2011 film featured nicolas cage I don't know. would you like to see a list of nicolas cage movies Just the one that was released in 2011.
	217	F0491	What are fun activities kids can do to celebrate Earth Day?	Tell me about kids earth day activities	would you like information on free earth day activities	yes if the free activities are for kids	are you interested in easy earth day activities	yes	are you looking for activities that involve plants	yes i am looking for something fun for my kids to do on earth day	Tell me about kids earth day activities would you like information on free earth day activities yes if the free activities are for kids are you interested in easy earth day activities yes are you looking for activities that involve plants yes i am looking for something fun for my kids to do on earth day
16.0	218	F0492	What solar water fountains are available for gardens.	Tell me information about solar water fountains.	are you looking for the price of solar water fountains	no i need a list of products	would you like to know the history of solar water fountains	I want to know which ones I can use for gardens	what specific types of solar water fountains are you interested in	I am interested in ones that are specifically designed for gardens.	Tell me information about solar water fountains. are you looking for the price of solar water fountains no i need a list of products would you like to know the history of solar water fountains I want to know which ones I can use for gardens what specific types of solar water fountains are you interested in I am interested in ones that are specifically designed for gardens.
176.0	218	F0492	What solar water fountains are available for gardens.	Tell me information about solar water fountains.	would you like to know how to build your own solar water fountain	no i just want to see solar garden fountains	are you interested in how solar water fountains work	No, I want to know what garden solar water fountains are available.	did you find them	No, I need to know which solar water fountains can be used for gardening.	Tell me information about solar water fountains. would you like to know how to build your own solar water fountain no i just want to see solar garden fountains are you interested in how solar water fountains work No, I want to know what garden solar water fountains are available. did you find them No, I need to know which solar water fountains can be used for gardening.
283.0	218	F0493	What solar water fountains are available for bird baths.	Tell me information about solar water fountains.	would you like to know how to build your own solar water fountain	no i would like to find solar water fountain bird baths	are you interested in how solar water fountains work	No.	do you want to learn more about solar water fountains	No, I want to know which solar water fountains can be used for bird baths	Tell me information about solar water fountains. would you like to know how to build your own solar water fountain no i would like to find solar water fountain bird baths are you interested in how solar water fountains work No. do you want to learn more about solar water fountains No, I want to know which solar water fountains can be used for bird baths
311.0	218	F0493	What solar water fountains are available for bird baths.	Tell me information about solar water fountains.	are you looking for the price of solar water fountains	i would like to know which solar water fountains are useful for bird baths	what specific types of solar water fountains are you interested in	Please look at previous statement	which price range of solar water fountains are you looking for	I don't have a price in mind, just show me solar water fountains that are for bird baths.	Tell me information about solar water fountains. are you looking for the price of solar water fountains i would like to know which solar water fountains are useful for bird baths what specific types of solar water fountains are you interested in Please look at previous statement which price range of solar water fountains are you looking for I don't have a price in mind, just show me solar water fountains that are for bird baths.
141.0	218	F0494	What type of pumps are used for solar water fountains?	Tell me information about solar water fountains.	are you looking for the price of solar water fountains	no im searching for the type of pumps they use	which price range of solar water fountains are you looking for	sorry, that's not right.. what kinds of pumps do solar water fountains use?	what specific types of solar water fountains are you interested in	I am not interested in any specific types; I just want to know about which pumps they use.	Tell me information about solar water fountains. are you looking for the price of solar water fountains no im searching for the type of pumps they use which price range of solar water fountains are you looking for sorry, that's not right.. what kinds of pumps do solar water fountains use? what specific types of solar water fountains are you interested in I am not interested in any specific types; I just want to know about which pumps they use.
201.0	218	F0494	What type of pumps are used for solar water fountains?	Tell me information about solar water fountains.	would you like to know how to build your own solar water fountain	no i would like to know what type of pumps are used for a solar water fountain	do you want to learn more about solar water fountains	Yes, about their pumps.	are you interested in learning where to purchase solar water fountains	Not yet; right now, I just want to know about what types of pumps are used.	Tell me information about solar water fountains. would you like to know how to build your own solar water fountain no i would like to know what type of pumps are used for a solar water fountain do you want to learn more about solar water fountains Yes, about their pumps. are you interested in learning where to purchase solar water fountains Not yet; right now, I just want to know about what types of pumps are used.
216.0	218	F0495	Find solar water fountains for sale.	Tell me information about solar water fountains.	are you looking for the price of solar water fountains	yes i am wanted to find solar water fountains that are on sale	which price range of solar water fountains are you looking for	It doesn't matter to me. Just give me links to ones that are on sale	what specific types of solar water fountains are you interested in	I'm still researching, can you start by giving me a list of solar water fountains for sale?	Tell me information about solar water fountains. are you looking for the price of solar water fountains yes i am wanted to find solar water fountains that are on sale which price range of solar water fountains are you looking for It doesn't matter to me. Just give me links to ones that are on sale what specific types of solar water fountains are you interested in I'm still researching, can you start by giving me a list of solar water fountains for sale?
356.0	218	F0495	Find solar water fountains for sale.	Tell me information about solar water fountains.	would you like to know how to build your own solar water fountain	no i want to buy one	are you interested in learning where to purchase solar water fountains	yeah give me a list please	are you looking for the price of solar water fountains	Yes, I need websites that sell solar water fountains.	Tell me information about solar water fountains. would you like to know how to build your own solar water fountain no i want to buy one are you interested in learning where to purchase solar water fountains yeah give me a list please are you looking for the price of solar water fountains Yes, I need websites that sell solar water fountains.
	219	F0496	What was the name of Elvis Presley's home?	What was the name of Elvis Presley's home?	are you referring to the name of elvis presleys house	yes thats right					What was the name of Elvis Presley's home? are you referring to the name of elvis presleys house yes thats right
	22	F0497	Take me to Rick Warren's homepage.	I'm looking for information on Rick Warren.	do you know someone named rick warren	yes take me to his homepage	are you looking for a specific web page	yes i am looking for rick warrens homepage	are you referring to the author	yes the author named rick warren	I'm looking for information on Rick Warren. do you know someone named rick warren yes take me to his homepage are you looking for a specific web page yes i am looking for rick warrens homepage are you referring to the author yes the author named rick warren
	22	F0498	"I'm looking for the homepage for Rick Warren's book, ""The Purpose Driven Life""."	I'm looking for information on Rick Warren.	are you wanting writings by the pastor	yes i want his writings homepage	are you referring to the author	yes	are you trying to find more information about rick warren	yes i want to locate rick warrens homepage so i can find onforamtion about his book the purpose driven life	I'm looking for information on Rick Warren. are you wanting writings by the pastor yes i want his writings homepage are you referring to the author yes are you trying to find more information about rick warren yes i want to locate rick warrens homepage so i can find onforamtion about his book the purpose driven life
	22	F0499	I'm looking for background and biographical information on Rick Warren.	I'm looking for information on Rick Warren.	do you want to know how old rick warren is	yes and other background information	are you referring to the author	yes	are you referring to the pastor	yes id like background information on rick warren	I'm looking for information on Rick Warren. do you want to know how old rick warren is yes and other background information are you referring to the author yes are you referring to the pastor yes id like background information on rick warren
	22	F0500	I want to see articles and web pages about the controversy over Rick Warren's invocation at the Obama inauguration.	I'm looking for information on Rick Warren.	do you need any specific information on obama inauguration	yes related to a specific controversy	are you referring to the pastor	yes pastor rick warren and controversial obama inaugural invocation	are you trying to find more information about rick warren	yes i want to see articles about him	I'm looking for information on Rick Warren. do you need any specific information on obama inauguration yes related to a specific controversy are you referring to the pastor yes pastor rick warren and controversial obama inaugural invocation are you trying to find more information about rick warren yes i want to see articles about him
	22	F0501	I want to read about the debate between John McCain and Barack Obama hosted by Rick Warren.	I'm looking for information on Rick Warren.	are you looking for a political debate	yes to be precise to read about the debate between barack obama and john mccain	are you referring to the pastor	yes pastor rick warren			I'm looking for information on Rick Warren. are you looking for a political debate yes to be precise to read about the debate between barack obama and john mccain are you referring to the pastor yes pastor rick warren
200.0	220	F0502	Who are the NBA all-time record holders?	I'm interested in NBA records	what nba records are you interested in	i would like a list of all of the records and who accomplished them	are you interested in nba records for this season or all of history	Yes as I stated before	are you interested in team or individual nba records	both	I'm interested in NBA records what nba records are you interested in i would like a list of all of the records and who accomplished them are you interested in nba records for this season or all of history Yes as I stated before are you interested in team or individual nba records both
228.0	220	F0502	Who are the NBA all-time record holders?	I'm interested in NBA records	are you interested in nba records for this season or all of history	tell me who holds records for all of history	is there a specific time period of nba records you are looking for	Yes all record holders	are the nba records for the division or game in its entirety	I am not so sure about that.	I'm interested in NBA records are you interested in nba records for this season or all of history tell me who holds records for all of history is there a specific time period of nba records you are looking for Yes all record holders are the nba records for the division or game in its entirety I am not so sure about that.
250.0	220	F0503	Get details on NBA single game records.	I'm interested in NBA records	are you interested in nba records for this season or all of history	for all of history	is there a specific time period of nba records you are looking for	I hadn't thought about that.	what nba records are you interested in	Just give me nba records of all the games.	I'm interested in NBA records are you interested in nba records for this season or all of history for all of history is there a specific time period of nba records you are looking for I hadn't thought about that. what nba records are you interested in Just give me nba records of all the games.
372.0	220	F0503	Get details on NBA single game records.	I'm interested in NBA records	what nba records are you interested in	single game records	are you interested in nba records for this season or all of history	I don't know.	are you interested in team or individual nba records	I am interested in both team and individual records, but only for single games.	I'm interested in NBA records what nba records are you interested in single game records are you interested in nba records for this season or all of history I don't know. are you interested in team or individual nba records I am interested in both team and individual records, but only for single games.
37.0	220	F0504	Who holds the NBA record for most assists?	I'm interested in NBA records	what nba records are you interested in	the player with the most assists	want to know who holds the record for most assists	Yes	are you interested in nba records for this season or all of history	In all of NBA history.	I'm interested in NBA records what nba records are you interested in the player with the most assists want to know who holds the record for most assists Yes are you interested in nba records for this season or all of history In all of NBA history.
313.0	220	F0504	Who holds the NBA record for most assists?	I'm interested in NBA records	are you interested in nba records for this season or all of history	i am interested in all history who holds the nba record for most assists	is there a specific time period of nba records you are looking for	Yes all history	what nba records are you interested in	I am interested in the all-time NBA record for assists.	I'm interested in NBA records are you interested in nba records for this season or all of history i am interested in all history who holds the nba record for most assists is there a specific time period of nba records you are looking for Yes all history what nba records are you interested in I am interested in the all-time NBA record for assists.
274.0	220	F0505	Who holds the NBA career scoring record?	I'm interested in NBA records	are you interested in nba records for this season or all of history	i want to know the nba records for all of history	is there a specific time period of nba records you are looking for	I would like the all time NBA scoring record.	what nba records are you interested in	The record for career scoring.	I'm interested in NBA records are you interested in nba records for this season or all of history i want to know the nba records for all of history is there a specific time period of nba records you are looking for I would like the all time NBA scoring record. what nba records are you interested in The record for career scoring.
377.0	220	F0505	Who holds the NBA career scoring record?	I'm interested in NBA records	what nba records are you interested in	i want to know who has the career scoring record	do you want to know the holder of the nba career scoring record	Yes.	are you interested in nba records for this season or all of history	I would like the all-time record for the whole history of the NBA.	I'm interested in NBA records what nba records are you interested in i want to know who has the career scoring record do you want to know the holder of the nba career scoring record Yes. are you interested in nba records for this season or all of history I would like the all-time record for the whole history of the NBA.
1.0	220	F0506	What NBA records does Michael Jordan hold?	I'm interested in NBA records	what nba records are you interested in	i want to know about michael jordans records	are you interested in nba records for this season or all of history	I want to know for all seasons.	are you interested in team or individual nba records	Only the records that Michael Jordan holds.	I'm interested in NBA records what nba records are you interested in i want to know about michael jordans records are you interested in nba records for this season or all of history I want to know for all seasons. are you interested in team or individual nba records Only the records that Michael Jordan holds.
489.0	220	F0506	What NBA records does Michael Jordan hold?	I'm interested in NBA records	are you interested in nba records for this season or all of history	yes for michael jordan for all of history	is there a specific time period of nba records you are looking for	I don't know	what nba records are you interested in	Any that Michael Jordan holds.	I'm interested in NBA records are you interested in nba records for this season or all of history yes for michael jordan for all of history is there a specific time period of nba records you are looking for I don't know what nba records are you interested in Any that Michael Jordan holds.
	221	F0507	What were the results of the electoral college for the 2008 US presidential race?	What was electoral college 2008 results?	are you looking for only the 2008 results	yes	would you like to know the vote counts for a specific candidate	yes i would like the results of the presidential candidates in the 2008 us presidential race	do you want results from both parties	yes both	What was electoral college 2008 results? are you looking for only the 2008 results yes would you like to know the vote counts for a specific candidate yes i would like the results of the presidential candidates in the 2008 us presidential race do you want results from both parties yes both
153.0	222	F0508	What are the symptoms and signs of male menopause?	I'm looking for information on male menopause	are you interested in the differences between male and female menopause	no i just want to know about male menopause	are you interested to see male menopause jokes	No tell me the indicators of male menopause, the medically recognized symptoms and signs.	are you interested in male menopause symptoms	Yes, I am, what are the symptoms?	I'm looking for information on male menopause are you interested in the differences between male and female menopause no i just want to know about male menopause are you interested to see male menopause jokes No tell me the indicators of male menopause, the medically recognized symptoms and signs. are you interested in male menopause symptoms Yes, I am, what are the symptoms?
183.0	222	F0508	What are the symptoms and signs of male menopause?	I'm looking for information on male menopause	would you like to know what age men may start male menopause	i would like to know about male menopause symptoms	do you want to know the symptoms of male menopause	yes i would like to know the sympoms of male menopause	is this an emergency	Yes, hurry.	I'm looking for information on male menopause would you like to know what age men may start male menopause i would like to know about male menopause symptoms do you want to know the symptoms of male menopause yes i would like to know the sympoms of male menopause is this an emergency Yes, hurry.
26.0	222	F0509	Find information on male menopause medication.	I'm looking for information on male menopause	would you like to know what age men may start male menopause	yes i would like to know i think at the age of 50 man starts menopause	why are you interested in learning more about male menopause	I want to find out about male menopause medication.	are you looking for some medication	Yes, I am looking for info on that medication.	I'm looking for information on male menopause would you like to know what age men may start male menopause yes i would like to know i think at the age of 50 man starts menopause why are you interested in learning more about male menopause I want to find out about male menopause medication. are you looking for some medication Yes, I am looking for info on that medication.
342.0	222	F0509	Find information on male menopause medication.	I'm looking for information on male menopause	are you interested in the differences between male and female menopause	no i need information about male menopause medication only	are you interested to see male menopause jokes	No.	why are you interested in learning more about male menopause	Because I need the names of medications that are used for male menopause symptoms.	I'm looking for information on male menopause are you interested in the differences between male and female menopause no i need information about male menopause medication only are you interested to see male menopause jokes No. why are you interested in learning more about male menopause Because I need the names of medications that are used for male menopause symptoms.
39.0	222	F0510	What is the definition of male menopause?	I'm looking for information on male menopause	are you interested in the differences between male and female menopause	what is the definition of it	are you interested to see male menopause jokes	No, the definition of Male menopouse.	would you like to know what age men may start male menopause	No, I would like to know the definition of it.	I'm looking for information on male menopause are you interested in the differences between male and female menopause what is the definition of it are you interested to see male menopause jokes No, the definition of Male menopouse. would you like to know what age men may start male menopause No, I would like to know the definition of it.
457.0	222	F0510	What is the definition of male menopause?	I'm looking for information on male menopause	would you like to know what age men may start male menopause	no i would like to know the definition of male menopause	why are you interested in learning more about male menopause	I want to know its definition.	are you interested in the differences between male and female menopause	No, I would like the definition of male menopause.	I'm looking for information on male menopause would you like to know what age men may start male menopause no i would like to know the definition of male menopause why are you interested in learning more about male menopause I want to know its definition. are you interested in the differences between male and female menopause No, I would like the definition of male menopause.
6.0	222	F0511	What is the medical term for male menopause?	I'm looking for information on male menopause	would you like to know what age men may start male menopause	no i need to know the medical term for male menopause	why are you interested in learning more about male menopause	My husband is having symptoms, and I want to discuss the situation with the doctor.	do you want to know the symptoms of male menopause	Yes, I need to know them for future reference.	I'm looking for information on male menopause would you like to know what age men may start male menopause no i need to know the medical term for male menopause why are you interested in learning more about male menopause My husband is having symptoms, and I want to discuss the situation with the doctor. do you want to know the symptoms of male menopause Yes, I need to know them for future reference.
146.0	222	F0511	What is the medical term for male menopause?	I'm looking for information on male menopause	are you interested in the differences between male and female menopause	no what is the medical term for male menopause	are you interested to see male menopause jokes	I don't know	would you like to know what age men may start male menopause	Nope just the technical term for it.	I'm looking for information on male menopause are you interested in the differences between male and female menopause no what is the medical term for male menopause are you interested to see male menopause jokes I don't know would you like to know what age men may start male menopause Nope just the technical term for it.
424.0	222	F0512	Find information on male menopause supplements.	I'm looking for information on male menopause	would you like to know what age men may start male menopause	i want to know about supplements for male menopause	why are you interested in learning more about male menopause	I don't know	are you interested in the differences between male and female menopause	No, I am specifically interested in supplements for male menopause.	I'm looking for information on male menopause would you like to know what age men may start male menopause i want to know about supplements for male menopause why are you interested in learning more about male menopause I don't know are you interested in the differences between male and female menopause No, I am specifically interested in supplements for male menopause.
456.0	222	F0512	Find information on male menopause supplements.	I'm looking for information on male menopause	are you interested in the differences between male and female menopause	no im interested in supplements to help with male menopause	are you interested to see male menopause jokes	No.	why are you interested in learning more about male menopause	I want to learn about male menopause supplements.	I'm looking for information on male menopause are you interested in the differences between male and female menopause no im interested in supplements to help with male menopause are you interested to see male menopause jokes No. why are you interested in learning more about male menopause I want to learn about male menopause supplements.
	223	F0513	Find a description of the USDA food pyramid.	What is USDA food pyramid	would you like to see a picture of the usda food pyramid	yes please i would also like to see a description of it	do you want to learn more about the usda food pyramid	yes i do	would you like to learn about how the usda food pyramid was created	sure and also id love a description of it	What is USDA food pyramid would you like to see a picture of the usda food pyramid yes please i would also like to see a description of it do you want to learn more about the usda food pyramid yes i do would you like to learn about how the usda food pyramid was created sure and also id love a description of it
	224	F0514	Find recipes for making chicken soup.	Tell me about making chicken soup from scratch.	are you looking for all the ingredients for chicken soup	yes i want to know what ingredients are needed for chicken soup	would you like the instructions for making chicken soup from scratch	yes please find chicken soup recipes for me			Tell me about making chicken soup from scratch. are you looking for all the ingredients for chicken soup yes i want to know what ingredients are needed for chicken soup would you like the instructions for making chicken soup from scratch yes please find chicken soup recipes for me
387.0	225	F0515	Find Pittsburgh Steelers merchandise for sale.	I'm looking for black and gold.	are you looking for objects that are black and gold	no im looking for pittsburgh steelers memorabilia for sale	are you wanting to find black and gold logos	No, im looking for Pittsburgh steels merchandise	do you need directions to the nearest black and gold store	no, I want information on Pittsburgh Steelers collectibles.	I'm looking for black and gold. are you looking for objects that are black and gold no im looking for pittsburgh steelers memorabilia for sale are you wanting to find black and gold logos No, im looking for Pittsburgh steels merchandise do you need directions to the nearest black and gold store no, I want information on Pittsburgh Steelers collectibles.
449.0	225	F0515	Find Pittsburgh Steelers merchandise for sale.	I'm looking for black and gold.	are you looking for objects that are black and gold	no im looking for pittsburgh steelers memorabilia for sale	are you wanting to find black and gold logos	No, im looking for Pittsburgh steels merchandise	do you need directions to the nearest black and gold store	No	I'm looking for black and gold. are you looking for objects that are black and gold no im looking for pittsburgh steelers memorabilia for sale are you wanting to find black and gold logos No, im looking for Pittsburgh steels merchandise do you need directions to the nearest black and gold store No
28.0	225	F0516	Find information about Purdue University sports program.	I'm looking for black and gold.	do you want to look at anything that has a black and gold background	i want ot see black and gold backgrounds regarding purdue university sports program	are you interested in seeing art that features the colors black and gold	I don't know	are you wanting to find black and gold logos	yes, but only specific to Purdue university sports program.	I'm looking for black and gold. do you want to look at anything that has a black and gold background i want ot see black and gold backgrounds regarding purdue university sports program are you interested in seeing art that features the colors black and gold I don't know are you wanting to find black and gold logos yes, but only specific to Purdue university sports program.
455.0	225	F0516	Find information about Purdue University sports program.	I'm looking for black and gold.	are you looking for objects that are black and gold	no i want to know about the purdue sports program	are you wanting to find black and gold logos	Tell me about the sports program for Purdue please	are you interested in how the colors black and gold are formed in the color spectrum	No, that's now what I need to know.	I'm looking for black and gold. are you looking for objects that are black and gold no i want to know about the purdue sports program are you wanting to find black and gold logos Tell me about the sports program for Purdue please are you interested in how the colors black and gold are formed in the color spectrum No, that's now what I need to know.
203.0	225	F0517	Find information on Black Hills gold jewelry.	I'm looking for black and gold.	are you looking for objects that are black and gold	nothe jeweller	do you need directions to the nearest black and gold store	No, find me information about Black Hilles gold jewelry.	do you want black and white or colored designs	No, provide me details about Black Hills gold jewelry.	I'm looking for black and gold. are you looking for objects that are black and gold nothe jeweller do you need directions to the nearest black and gold store No, find me information about Black Hilles gold jewelry. do you want black and white or colored designs No, provide me details about Black Hills gold jewelry.
326.0	225	F0517	Find information on Black Hills gold jewelry.	I'm looking for black and gold.	do you want to look at anything that has a black and gold background	find details about black hills gold jewelry for me	are you interested in seeing art that features the colors black and gold	No, I just need to know about the business called Black Hills Gold Jewelry	do you need directions to the nearest black and gold store	Yes, but I was asking about the directions to get to the Black Hills Gold Jewelry store.	I'm looking for black and gold. do you want to look at anything that has a black and gold background find details about black hills gold jewelry for me are you interested in seeing art that features the colors black and gold No, I just need to know about the business called Black Hills Gold Jewelry do you need directions to the nearest black and gold store Yes, but I was asking about the directions to get to the Black Hills Gold Jewelry store.
218.0	226	F0518	What attractions are there in Traverse City, Michigan?	Tell me about traverse city.	are you trying to find directions to traverse city	no i want to know what attractions are available	what would you like to know about traverse city	I don't know	do you want to know about the local government of traverse city	No, I would like to know what attractions there are to visit in Traverse City.	Tell me about traverse city. are you trying to find directions to traverse city no i want to know what attractions are available what would you like to know about traverse city I don't know do you want to know about the local government of traverse city No, I would like to know what attractions there are to visit in Traverse City.
373.0	226	F0518	What attractions are there in Traverse City, Michigan?	Tell me about traverse city.	are you trying to find directions to traverse city	no i want to know what attractions are available	are you asking about traverse city in michigan	Yes, and what attractions are offered there.	what would you like to know about traverse city	what type of attractions does the city have	Tell me about traverse city. are you trying to find directions to traverse city no i want to know what attractions are available are you asking about traverse city in michigan Yes, and what attractions are offered there. what would you like to know about traverse city what type of attractions does the city have
314.0	226	F0519	Get information about Traverse City, Michigan real estate.	Tell me about traverse city.	are you trying to find directions to traverse city	no i need information about available real estate in this city	are you asking about traverse city in michigan	I am, show me the available real estate there.	what would you like to know about traverse city	I want more info on real estate there.	Tell me about traverse city. are you trying to find directions to traverse city no i need information about available real estate in this city are you asking about traverse city in michigan I am, show me the available real estate there. what would you like to know about traverse city I want more info on real estate there.
353.0	226	F0519	Get information about Traverse City, Michigan real estate.	Tell me about traverse city.	are you trying to find directions to traverse city	no i need information about available real estate in this city	do you want to know about the local government of traverse city	No.	would you like to see a list of things to do in traverse city	No just general information on housing there.	Tell me about traverse city. are you trying to find directions to traverse city no i need information about available real estate in this city do you want to know about the local government of traverse city No. would you like to see a list of things to do in traverse city No just general information on housing there.
19.0	226	F0520	Find information about hotels in Traverse City, Michigan.	Tell me about traverse city.	are you trying to find directions to traverse city	no i want to find information on hotels in traverse city	do you want to know about the local government of traverse city	I don't know	would you like to check the weather for traverse city	Not sure.	Tell me about traverse city. are you trying to find directions to traverse city no i want to find information on hotels in traverse city do you want to know about the local government of traverse city I don't know would you like to check the weather for traverse city Not sure.
76.0	226	F0520	Find information about hotels in Traverse City, Michigan.	Tell me about traverse city.	are you trying to find directions to traverse city	no i want to find information on hotels in traverse city	are you asking about traverse city in michigan	I need to know where to stay when I go there	are you looking for accommodations in traverse city	Yes I am.	Tell me about traverse city. are you trying to find directions to traverse city no i want to find information on hotels in traverse city are you asking about traverse city in michigan I need to know where to stay when I go there are you looking for accommodations in traverse city Yes I am.
284.0	226	F0521	Find information about the Traverse City Cherry Festival.	Tell me about traverse city.	are you trying to find directions to traverse city	no im looking for information on the cherry festival in the city	do you want to know about the local government of traverse city	No, I want information on the date of the Traverse City Festival.	would you like to see a list of things to do in traverse city	Yes, for the city's Cherry Festival.	Tell me about traverse city. are you trying to find directions to traverse city no im looking for information on the cherry festival in the city do you want to know about the local government of traverse city No, I want information on the date of the Traverse City Festival. would you like to see a list of things to do in traverse city Yes, for the city's Cherry Festival.
358.0	226	F0521	Find information about the Traverse City Cherry Festival.	Tell me about traverse city.	are you trying to find directions to traverse city	no im looking for information on the cherry festival in the city	are you asking about traverse city in michigan	Yes! The festival in treverse city	what would you like to know about traverse city	The Traverse City festival like I said earlier.	Tell me about traverse city. are you trying to find directions to traverse city no im looking for information on the cherry festival in the city are you asking about traverse city in michigan Yes! The festival in treverse city what would you like to know about traverse city The Traverse City festival like I said earlier.
165.0	226	F0522	What is the zip code for Traverse City, Michigan?	Tell me about traverse city.	are you trying to find directions to traverse city	no i want the zip code	are you asking about traverse city in michigan	Yes , I need its zip code.	what would you like to know about traverse city	Jsut the zip code please.	Tell me about traverse city. are you trying to find directions to traverse city no i want the zip code are you asking about traverse city in michigan Yes , I need its zip code. what would you like to know about traverse city Jsut the zip code please.
257.0	226	F0522	What is the zip code for Traverse City, Michigan?	Tell me about traverse city.	are you trying to find directions to traverse city	no i want the zip code	do you want to know about the local government of traverse city	I want to know the zip code only	do you want directions to traverse city from your current location	No, I'm just looking for the zip code.	Tell me about traverse city. are you trying to find directions to traverse city no i want the zip code do you want to know about the local government of traverse city I want to know the zip code only do you want directions to traverse city from your current location No, I'm just looking for the zip code.
72.0	226	F0523	Find information about the Traverse City Record-Eagle.	Tell me about traverse city.	are you trying to find directions to traverse city	no i want information about traverse city recordable	do you want to know about the local government of traverse city	yes	would you like to see a list of things to do in traverse city	sure.	Tell me about traverse city. are you trying to find directions to traverse city no i want information about traverse city recordable do you want to know about the local government of traverse city yes would you like to see a list of things to do in traverse city sure.
365.0	226	F0523	Find information about the Traverse City Record-Eagle.	Tell me about traverse city.	are you trying to find directions to traverse city	no i want information about traverse city recordable	are you asking about traverse city in michigan	I don't know.	what would you like to know about traverse city	I want to know about the Traverse City Record-Eagle.	Tell me about traverse city. are you trying to find directions to traverse city no i want information about traverse city recordable are you asking about traverse city in michigan I don't know. what would you like to know about traverse city I want to know about the Traverse City Record-Eagle.
	227	F0524	"Find the lyrics to the song ""I Will Survive""."	i will survive lyrics	are you referring to the song i will survive	yes i want to know the words to i will survive	do you want the lyrics to the whole song	yes please thank you			i will survive lyrics are you referring to the song i will survive yes i want to know the words to i will survive do you want the lyrics to the whole song yes please thank you
	228	F0525	I am looking for the history of and a summary of the work performed at the Hawaiian Volcano Observatories.	Tell me more about Hawain volcanos	are you doing research on volcano observatories	yes i would like to know the history of the hawaii volcano observatories	do you want to know what specific purposes the observatories serve	yes also the history of the observatories	would you like to know the histories of the observatories	yes	Tell me more about Hawain volcanos are you doing research on volcano observatories yes i would like to know the history of the hawaii volcano observatories do you want to know what specific purposes the observatories serve yes also the history of the observatories would you like to know the histories of the observatories yes
	23	F0527	Take me to Yahoo! Mail.	What is yahoo	do you want to access yahoo mail	yes i do					What is yahoo do you want to access yahoo mail yes i do
	23	F0528	Take me to Yahoo! Finance.	What is yahoo	shall i take you to any specific pages of yahoo web site	yes i want to go to yahoo finance	are you referring to the search engine	yes yahoo finance			What is yahoo shall i take you to any specific pages of yahoo web site yes i want to go to yahoo finance are you referring to the search engine yes yahoo finance
	23	F0529	I want to log in to my Yahoo! account.	What is yahoo	are you referring to the email client	yes					What is yahoo are you referring to the email client yes
	23	F0530	Find information about Yahoo!, the company.	What is yahoo	do you want to know how yahoo is performing as a business	yes i want to find business information about yahoo	are you talking about the stock price of the giant	yes general information about the company yahoo			What is yahoo do you want to know how yahoo is performing as a business yes i want to find business information about yahoo are you talking about the stock price of the giant yes general information about the company yahoo
260.0	230	F0531	What is the world's biggest dog?	tell me about world's biggest dog	which time period would you like results for the worlds biggest dog	the current time period please	are you interested in which dog breed is considered the biggest	Yes that is what I asked	would you like to see pictures of the biggest dogs	No, I need to know the actual name of the world's biggest dog.	tell me about world's biggest dog which time period would you like results for the worlds biggest dog the current time period please are you interested in which dog breed is considered the biggest Yes that is what I asked would you like to see pictures of the biggest dogs No, I need to know the actual name of the world's biggest dog.
404.0	230	F0531	What is the world's biggest dog?	tell me about world's biggest dog	would you like to know the largest breed or dog or the actual biggest dog	the actual biggest dog	what breed of dog are you looking for	Whichever breed holds the world	are you interested in which dog breed is considered the biggest	Yes, I would like to know which dog is the biggest.	tell me about world's biggest dog would you like to know the largest breed or dog or the actual biggest dog the actual biggest dog what breed of dog are you looking for Whichever breed holds the world are you interested in which dog breed is considered the biggest Yes, I would like to know which dog is the biggest.
	231	F0532	Find a list of the seven deadly sins.	what are the seven deadly sins	would you like to know where in the bible the seven deadly sins are mentioned	yes show me	do you want their names	yes of the seven deadly sins			what are the seven deadly sins would you like to know where in the bible the seven deadly sins are mentioned yes show me do you want their names yes of the seven deadly sins
	232	F0533	How has the flooding that resulted from hurricane Irene affected Manville, NJ?	I'm looking for information on hurricane Irene flooding in manville nj	are you looking for before or after results of flooding in manville nj due to hurricane irene	yes how has the flooding that resulted from hurricane irene affected manville nj	would you like stories about the national guard in hurricane irene in manville nj	yes	are you seeking random facts about manville nj during hurricane irene	yes but manville specifically	I'm looking for information on hurricane Irene flooding in manville nj are you looking for before or after results of flooding in manville nj due to hurricane irene yes how has the flooding that resulted from hurricane irene affected manville nj would you like stories about the national guard in hurricane irene in manville nj yes are you seeking random facts about manville nj during hurricane irene yes but manville specifically
210.0	233	F0534	What commercial hair dyes are available?	Tell me about hair dye.	are you interested in a particular hair dye or a history of hair dye	i prefer black	do you know what color of hair dye to use	No. I just need to know what they are used for	what color of hair dye are you looking for	I am looking for black hair dye, but I want to know what commericial types are available.	Tell me about hair dye. are you interested in a particular hair dye or a history of hair dye i prefer black do you know what color of hair dye to use No. I just need to know what they are used for what color of hair dye are you looking for I am looking for black hair dye, but I want to know what commericial types are available.
434.0	233	F0534	What commercial hair dyes are available?	Tell me about hair dye.	would you like to know about hair dye brands	yes especially commercial dyes	would you like to know about hair dye colors	Yes, please tell me which hair dye colors are available.	are you interested in hair dye application or removal	No, I just want to know what dyes are available.	Tell me about hair dye. would you like to know about hair dye brands yes especially commercial dyes would you like to know about hair dye colors Yes, please tell me which hair dye colors are available. are you interested in hair dye application or removal No, I just want to know what dyes are available.
324.0	233	F0535	Find information on making homemade hair dye products.	Tell me about hair dye.	are you interested in a particular hair dye or a history of hair dye	give me some tutorials and tips on how to make it myself at home	what color of hair dye are you looking for	Any colors as long as I can make it at home	do you know what color of hair dye to use	I want to know how to make dyes at home.	Tell me about hair dye. are you interested in a particular hair dye or a history of hair dye give me some tutorials and tips on how to make it myself at home what color of hair dye are you looking for Any colors as long as I can make it at home do you know what color of hair dye to use I want to know how to make dyes at home.
488.0	233	F0535	Find information on making homemade hair dye products.	Tell me about hair dye.	would you like to know about hair dye brands	no i want to know how to make it at home	would you like to know about hair dye colors	I don't know	are you interested in hair dye color shades	No, I would like to know how to make hair dyes at home.	Tell me about hair dye. would you like to know about hair dye brands no i want to know how to make it at home would you like to know about hair dye colors I don't know are you interested in hair dye color shades No, I would like to know how to make hair dyes at home.
41.0	233	F0536	Where can I find organic or chemical free hair dye products?	Tell me about hair dye.	are you interested in a particular hair dye or a history of hair dye	i am interested in organic or chemical free hair dyes	do you know what color of hair dye to use	I don't know	what color of hair dye are you looking for	No, I need organic only hair dye with no chemicals.	Tell me about hair dye. are you interested in a particular hair dye or a history of hair dye i am interested in organic or chemical free hair dyes do you know what color of hair dye to use I don't know what color of hair dye are you looking for No, I need organic only hair dye with no chemicals.
360.0	233	F0536	Where can I find organic or chemical free hair dye products?	Tell me about hair dye.	would you like to know about hair dye brands	i would like to find organic hair dye products	would you like to know about hair dye colors	Yes, but only the chemical free organic ones.	are you interested in hair dye application or removal	I'm interested in chemical free hair dye application products.	Tell me about hair dye. would you like to know about hair dye brands i would like to find organic hair dye products would you like to know about hair dye colors Yes, but only the chemical free organic ones. are you interested in hair dye application or removal I'm interested in chemical free hair dye application products.
322.0	233	F0537	What hair dye options should be considered during pregnancy?	Tell me about hair dye.	would you like to know about hair dye brands	yes but specifically i need to know which are safe to use during pregnancy	what hair dye brand will you use	I don't know.	are you interested in hair dye color shades	No just wondering what options can be used during pregnancy.	Tell me about hair dye. would you like to know about hair dye brands yes but specifically i need to know which are safe to use during pregnancy what hair dye brand will you use I don't know. are you interested in hair dye color shades No just wondering what options can be used during pregnancy.
344.0	233	F0537	What hair dye options should be considered during pregnancy?	Tell me about hair dye.	are you interested in a particular hair dye or a history of hair dye	yes i am interested in one that might work during pregnancy	do you know what color of hair dye to use	I don't know	what color of hair dye are you looking for	I don't know.	Tell me about hair dye. are you interested in a particular hair dye or a history of hair dye yes i am interested in one that might work during pregnancy do you know what color of hair dye to use I don't know what color of hair dye are you looking for I don't know.
10.0	233	F0538	Find reviews of hair dye removers.	Tell me about hair dye.	would you like to know about hair dye brands	i would like review of hair dye brands	would you like to know about hair dye colors	no, i would like ti know the latest brand in the market	are you interested in hair dye application or removal	No, I would like to see a list of reviews of hair dye removers.	Tell me about hair dye. would you like to know about hair dye brands i would like review of hair dye brands would you like to know about hair dye colors no, i would like ti know the latest brand in the market are you interested in hair dye application or removal No, I would like to see a list of reviews of hair dye removers.
397.0	233	F0538	Find reviews of hair dye removers.	Tell me about hair dye.	are you interested in a particular hair dye or a history of hair dye	no i need reviews of hair dye removers	do you know what color of hair dye to use	I just need to know different reviews of hair dye removers	what color of hair dye are you looking for	No, i am wanting to have differents kinds of reviews for hair dye removers.	Tell me about hair dye. are you interested in a particular hair dye or a history of hair dye no i need reviews of hair dye removers do you know what color of hair dye to use I just need to know different reviews of hair dye removers what color of hair dye are you looking for No, i am wanting to have differents kinds of reviews for hair dye removers.
	234	F0539	What are the health benefits associated with eating dark chocolate?	tell me about dark chocolate health benefits	are you interested only the list of health benefits of dark chocolate	yes i am interested in the benefits of eating dark chocolate	did you need the nutritional value for dark chocolate	yes that would be helpful			tell me about dark chocolate health benefits are you interested only the list of health benefits of dark chocolate yes i am interested in the benefits of eating dark chocolate did you need the nutritional value for dark chocolate yes that would be helpful
209.0	235	F0540	How do you get a ham radio license?	How do you get a ham radio license?	do you need instructions on how to operate a ham radio	no i need to know how to obtain the license to operate it	would you like to buy ham radio equipment	No. I need to know what steps to take to get a license for it	would you like to learn about the popularity of ham radio	No, I need to know how to obtain a ham radio license.	How do you get a ham radio license? do you need instructions on how to operate a ham radio no i need to know how to obtain the license to operate it would you like to buy ham radio equipment No. I need to know what steps to take to get a license for it would you like to learn about the popularity of ham radio No, I need to know how to obtain a ham radio license.
433.0	235	F0540	How do you get a ham radio license?	How do you get a ham radio license?	would you the frequencies of various ham radio stations	no i want to know how to get a license to operate one	would you like a list of stores near you that sell ham radios	Yes, but only if the offer information about getting a ham radio operating license.	want to know which antennas ham radios use	Not yet, right now I just want to know how I can get a ham radio license.	How do you get a ham radio license? would you the frequencies of various ham radio stations no i want to know how to get a license to operate one would you like a list of stores near you that sell ham radios Yes, but only if the offer information about getting a ham radio operating license. want to know which antennas ham radios use Not yet, right now I just want to know how I can get a ham radio license.
278.0	235	F0541	What are the ham radio license classes?	How do you get a ham radio license?	would you the frequencies of various ham radio stations	i want to know more about the ham radio classes	do you want to know why its called ham radio	No. I just need to know about classes to take to learn ham radio.	would you like to learn about the popularity of ham radio	No. No. Give me a list of ham radio license classes on-line.	How do you get a ham radio license? would you the frequencies of various ham radio stations i want to know more about the ham radio classes do you want to know why its called ham radio No. I just need to know about classes to take to learn ham radio. would you like to learn about the popularity of ham radio No. No. Give me a list of ham radio license classes on-line.
408.0	235	F0541	What are the ham radio license classes?	How do you get a ham radio license?	do you need instructions on how to operate a ham radio	no im looking for the classes of ham licensure	would you like to learn about the popularity of ham radio	No, I want to know about classes for getting a ham radio operators license.	are you looking for holiday classes	Yes, if it is about ham radio license classes.	How do you get a ham radio license? do you need instructions on how to operate a ham radio no im looking for the classes of ham licensure would you like to learn about the popularity of ham radio No, I want to know about classes for getting a ham radio operators license. are you looking for holiday classes Yes, if it is about ham radio license classes.
232.0	235	F0542	How do you build a ham radio station?	How do you get a ham radio license?	would you the frequencies of various ham radio stations	no im wanting to know how to build a ham radio	would you like a list of stores near you that sell ham radios	No.	want to know which antennas ham radios use	No more just how to manufacture one.	How do you get a ham radio license? would you the frequencies of various ham radio stations no im wanting to know how to build a ham radio would you like a list of stores near you that sell ham radios No. want to know which antennas ham radios use No more just how to manufacture one.
244.0	235	F0542	How do you build a ham radio station?	How do you get a ham radio license?	do you need instructions on how to operate a ham radio	i need more than that because i want how instructions for building an entire ham radio station	do you want to know how to get a license	No.	would you like to learn about the license classes	Yes, but I would first like to know how to build a ham radio station.	How do you get a ham radio license? do you need instructions on how to operate a ham radio i need more than that because i want how instructions for building an entire ham radio station do you want to know how to get a license No. would you like to learn about the license classes Yes, but I would first like to know how to build a ham radio station.
58.0	235	F0543	Find information on ham radio antennas.	How do you get a ham radio license?	do you need instructions on how to operate a ham radio	does not specify query is broad	would you like to know a general description of ham radio	No, I want to find out what kind of antennas they use.	want to know which antennas ham radios use	Yes and general info on them.	How do you get a ham radio license? do you need instructions on how to operate a ham radio does not specify query is broad would you like to know a general description of ham radio No, I want to find out what kind of antennas they use. want to know which antennas ham radios use Yes and general info on them.
184.0	235	F0543	Find information on ham radio antennas.	How do you get a ham radio license?	would you the frequencies of various ham radio stations	no i want info on ham radio antennas	want to know which antennas ham radios use	As I have said before	would you like a list of stores near you that sell ham radios	Yes, I need to know where to buy and get information about ham radio antennas.	How do you get a ham radio license? would you the frequencies of various ham radio stations no i want info on ham radio antennas want to know which antennas ham radios use As I have said before would you like a list of stores near you that sell ham radios Yes, I need to know where to buy and get information about ham radio antennas.
123.0	235	F0544	What are the ham radio call signs?	How do you get a ham radio license?	would you the frequencies of various ham radio stations	know im looking for ham radio call signs	would you like to know a general description of ham radio	No, I want ham radio cal signs.	would you like the physical locations of ham radio locations	No just the call signs.	How do you get a ham radio license? would you the frequencies of various ham radio stations know im looking for ham radio call signs would you like to know a general description of ham radio No, I want ham radio cal signs. would you like the physical locations of ham radio locations No just the call signs.
400.0	235	F0544	What are the ham radio call signs?	How do you get a ham radio license?	do you need instructions on how to operate a ham radio	no i would like to know the ham radio call signs	do you want to know how to get a license	I don't know	would you like to learn about the license classes	No, I just want to know the call signs.	How do you get a ham radio license? do you need instructions on how to operate a ham radio no i would like to know the ham radio call signs do you want to know how to get a license I don't know would you like to learn about the license classes No, I just want to know the call signs.
93.0	235	F0545	Find the web site of Ham Radio Outlet.	How do you get a ham radio license?	would you the frequencies of various ham radio stations	no i want to view the website for ham radio outlet	would you like a list of stores near you that sell ham radios	No, I would like the web site for the Ham Radio Outlet.	want to know which antennas ham radios use	No just want to know the website of them.	How do you get a ham radio license? would you the frequencies of various ham radio stations no i want to view the website for ham radio outlet would you like a list of stores near you that sell ham radios No, I would like the web site for the Ham Radio Outlet. want to know which antennas ham radios use No just want to know the website of them.
174.0	235	F0545	Find the web site of Ham Radio Outlet.	How do you get a ham radio license?	do you need instructions on how to operate a ham radio	no i want the site for ham radio outlet	do you want to know how to get a license	I don't know	would you like to learn about the license classes	No, I'm specifically looking for Ham Radio Outlet's website.	How do you get a ham radio license? do you need instructions on how to operate a ham radio no i want the site for ham radio outlet do you want to know how to get a license I don't know would you like to learn about the license classes No, I'm specifically looking for Ham Radio Outlet's website.
	236	F0546	Find information about mad cow disease symptoms in humans.	tell me about symptoms of mad cow disease in humans	are you interested in the signs one may show for mad cow disease	yes	would you like to know first symptoms	yes i would like information about mad cow disease symptoms in humans	did you want to know how to treat mad cow disease	yes i want to find information about it	tell me about symptoms of mad cow disease in humans are you interested in the signs one may show for mad cow disease yes would you like to know first symptoms yes i would like information about mad cow disease symptoms in humans did you want to know how to treat mad cow disease yes i want to find information about it
122.0	237	F0547	Find information about a lump in the throat caused by the thyroid.	Find me information about a lump in the throat.	would you like to know how to fix a lump in the throat	no id like to know about a lump in the throat in relation to the thyroid	can thyroid problem cause a lump in the throat	You tell me and while you are at it find out what information is available about those lumps.	what type of medical information on lumps in the throat would you like	I just want general information about the lump.	Find me information about a lump in the throat. would you like to know how to fix a lump in the throat no id like to know about a lump in the throat in relation to the thyroid can thyroid problem cause a lump in the throat You tell me and while you are at it find out what information is available about those lumps. what type of medical information on lumps in the throat would you like I just want general information about the lump.
473.0	237	F0547	Find information about a lump in the throat caused by the thyroid.	Find me information about a lump in the throat.	would you like to know how to fix a lump in the throat	no id like to know about a lump in the throat in relation to the thyroid	can thyroid problem cause a lump in the throat	You tell me and while you are at it find out what information is available about those lumps.	what type of medical information on lumps in the throat would you like	Please explain an enlarged thyroid gland.	Find me information about a lump in the throat. would you like to know how to fix a lump in the throat no id like to know about a lump in the throat in relation to the thyroid can thyroid problem cause a lump in the throat You tell me and while you are at it find out what information is available about those lumps. what type of medical information on lumps in the throat would you like Please explain an enlarged thyroid gland.
328.0	237	F0548	What are some of the causes for a lump in the throat?	Find me information about a lump in the throat.	would you like to know how to fix a lump in the throat	i would like to know what are some of the causes for a lump in the throat	what type of medical information on lumps in the throat would you like	I want the causes.	do you wish to see possible causes of a lump in throat	Yes, show me possible causes.	Find me information about a lump in the throat. would you like to know how to fix a lump in the throat i would like to know what are some of the causes for a lump in the throat what type of medical information on lumps in the throat would you like I want the causes. do you wish to see possible causes of a lump in throat Yes, show me possible causes.
452.0	237	F0548	What are some of the causes for a lump in the throat?	Find me information about a lump in the throat.	would you like to know how to fix a lump in the throat	i would like to know what are some of the causes for a lump in the throat	do you wish to see possible causes of a lump in throat	Yes,that's right.	are you interested in the reasons a lump in the throat occurs	Yes, I want to know the reasons they form?	Find me information about a lump in the throat. would you like to know how to fix a lump in the throat i would like to know what are some of the causes for a lump in the throat do you wish to see possible causes of a lump in throat Yes,that's right. are you interested in the reasons a lump in the throat occurs Yes, I want to know the reasons they form?
0.0	237	F0549	What are some remedies for a lump in the throat?	Find me information about a lump in the throat.	would you like to know how to fix a lump in the throat	yes i would like to know what some of the remedies are	are you interested in seeing remedies for alleviating a lump in the throat	Yes, thank you	would you like to know what causes a lump in the throat	No, I just want to know what makes a lump in the throat go away.	Find me information about a lump in the throat. would you like to know how to fix a lump in the throat yes i would like to know what some of the remedies are are you interested in seeing remedies for alleviating a lump in the throat Yes, thank you would you like to know what causes a lump in the throat No, I just want to know what makes a lump in the throat go away.
45.0	237	F0549	What are some remedies for a lump in the throat?	Find me information about a lump in the throat.	would you like to know how to fix a lump in the throat	yes i would like to know what some of the remedies are	are you interested in seeing remedies for alleviating a lump in the throat	Yes, thank you	do you need info on remedies	yes.	Find me information about a lump in the throat. would you like to know how to fix a lump in the throat yes i would like to know what some of the remedies are are you interested in seeing remedies for alleviating a lump in the throat Yes, thank you do you need info on remedies yes.
33.0	237	F0550	How does anxiety cause the feeling of a lump in the throat?	Find me information about a lump in the throat.	would you like to know how to fix a lump in the throat	i want to know how does anxiety cause the feeling of a lump in the throat	what type of medical information on lumps in the throat would you like	Can anxiety cause lumps in throats?	are you referring to the person	Explain the process of increased stress levels causing increased thickness in the throat.	Find me information about a lump in the throat. would you like to know how to fix a lump in the throat i want to know how does anxiety cause the feeling of a lump in the throat what type of medical information on lumps in the throat would you like Can anxiety cause lumps in throats? are you referring to the person Explain the process of increased stress levels causing increased thickness in the throat.
46.0	237	F0550	How does anxiety cause the feeling of a lump in the throat?	Find me information about a lump in the throat.	would you like to know how to fix a lump in the throat	i want to know how does anxiety cause the feeling of a lump in the throat	would you like to view sad movies or shows that give you a lump in your throat	I don't know	are you interested in the reasons a lump in the throat occurs	Yes, especially in terms of anxiety.	Find me information about a lump in the throat. would you like to know how to fix a lump in the throat i want to know how does anxiety cause the feeling of a lump in the throat would you like to view sad movies or shows that give you a lump in your throat I don't know are you interested in the reasons a lump in the throat occurs Yes, especially in terms of anxiety.
143.0	237	F0551	Find information about difficulty in swallowing caused by a lump in the throat.	Find me information about a lump in the throat.	would you like to know how to fix a lump in the throat	yes and what i can do to stop it	would you like to know what causes a lump in the throat	In formation on difficulties in swallowing caused by lump in the throat.	are you interested in the reasons a lump in the throat occurs	yes	Find me information about a lump in the throat. would you like to know how to fix a lump in the throat yes and what i can do to stop it would you like to know what causes a lump in the throat In formation on difficulties in swallowing caused by lump in the throat. are you interested in the reasons a lump in the throat occurs yes
398.0	237	F0551	Find information about difficulty in swallowing caused by a lump in the throat.	Find me information about a lump in the throat.	would you like to know how to fix a lump in the throat	yes and what i can do to stop it	would you like to view sad movies or shows that give you a lump in your throat	No, I want information about the difficulty in swallowing caused by a lump in the throat.	are you interested in the reasons a lump in the throat occurs	yes, I am interested in the reasons.	Find me information about a lump in the throat. would you like to know how to fix a lump in the throat yes and what i can do to stop it would you like to view sad movies or shows that give you a lump in your throat No, I want information about the difficulty in swallowing caused by a lump in the throat. are you interested in the reasons a lump in the throat occurs yes, I am interested in the reasons.
	238	F0552	Find biographies of US President George H.W. Bush.	Tell me bio of george bush sr.	are you interested in the 1992 presidential election george bush sr was part of	yes i would like to know about george bush srs life	would you like to know where george bush sr went to school	yes and i need more biographical information	do you want to know the most important events of george bush srs life	yes i want a full biography of his life	Tell me bio of george bush sr. are you interested in the 1992 presidential election george bush sr was part of yes i would like to know about george bush srs life would you like to know where george bush sr went to school yes and i need more biographical information do you want to know the most important events of george bush srs life yes i want a full biography of his life
	239	F0553	Find biographical information for Frank Lloyd Wright.	Let's see frank lloyd wright biography	would you like to read some of frank lloyd wrights writings	yes writings about his personal life	do you want to see a list of frank lloyd wrights most famouss works	yes if it includes a biography	would you like to know where frank lloyd wright did most of his work	yes	Let's see frank lloyd wright biography would you like to read some of frank lloyd wrights writings yes writings about his personal life do you want to see a list of frank lloyd wrights most famouss works yes if it includes a biography would you like to know where frank lloyd wright did most of his work yes
	24	F0554	How is workplace diversity achieved and managed?	tell me about diversity	are you looking for a specific content related to diversity	yes i am looking for information on diversity and the workplace	are you looking for educational materials about diversity	yes i need materials on achieving workplace diversity	are you looking into diversity in hiring	yes but also how to manage a diverse work force	tell me about diversity are you looking for a specific content related to diversity yes i am looking for information on diversity and the workplace are you looking for educational materials about diversity yes i need materials on achieving workplace diversity are you looking into diversity in hiring yes but also how to manage a diverse work force
	24	F0555	Find free activities and materials for running a diversity training program in my office.	tell me about diversity	would you like to see results about diversity in a business setting	yes specifically info about free activities and materials for running a diversity training program in an office	are you looking for a specific content related to diversity	yes im looking for free tutorials about setting up a diversity program			tell me about diversity would you like to see results about diversity in a business setting yes specifically info about free activities and materials for running a diversity training program in an office are you looking for a specific content related to diversity yes im looking for free tutorials about setting up a diversity program
	24	F0556	What is cultural diversity? What is prejudice?	tell me about diversity	are you looking for educational materials about diversity	yes i am interested in learning about cultural diversity and prejudice	do you need the definition of diversity	yes i need the definition of cultural diversity			tell me about diversity are you looking for educational materials about diversity yes i am interested in learning about cultural diversity and prejudice do you need the definition of diversity yes i need the definition of cultural diversity
	24	F0557	Find quotes, poems, and/or artwork illustrating and promoting diversity.	tell me about diversity	are you looking for a specific content related to diversity	yes i am looking for quotes poems andor artwork illustrating and promoting diversity					tell me about diversity are you looking for a specific content related to diversity yes i am looking for quotes poems andor artwork illustrating and promoting diversity
	240	F0558	Find a list of the full names of US presidents.	Tell me more about us presidents	do you want to know the middle name of the current president of the united states	yes as well as the full names of all our presidents	are you interested in presidential middle names for the past presidents of the united states	yes the past and the present	are you interested in the full names of all of the past presidents of the united states	yes i would like the full names of all the presidents	Tell me more about us presidents do you want to know the middle name of the current president of the united states yes as well as the full names of all our presidents are you interested in presidential middle names for the past presidents of the united states yes the past and the present are you interested in the full names of all of the past presidents of the united states yes i would like the full names of all the presidents
	241	F0559	Find information about what a wiki is.	How to use wiki?	are you interested in how wiki is used	yes what is a wiki used for	do you want to know how wiki works	yes	what would you like to know about the collaborative nature of wiki	yes i would like to know the collaborative nature of wiki	How to use wiki? are you interested in how wiki is used yes what is a wiki used for do you want to know how wiki works yes what would you like to know about the collaborative nature of wiki yes i would like to know the collaborative nature of wiki
412.0	242	F0560	Which beans can be substituted for cannellini beans?	cannellini beans	are you interested in making soup with cannellini beans	no i just want to know what beans are a substitute for it	are you interested in where to buy cannellini beans	I don't know	are you referring to cannellini bean recipes	No, I want to know which beans can be substituted for cannellini bean recipes.	cannellini beans are you interested in making soup with cannellini beans no i just want to know what beans are a substitute for it are you interested in where to buy cannellini beans I don't know are you referring to cannellini bean recipes No, I want to know which beans can be substituted for cannellini bean recipes.
450.0	242	F0560	Which beans can be substituted for cannellini beans?	cannellini beans	would you like to know where cannellini beans come from	no i need to know what i can use as a substitution for cannelloni beans	are you trying to find uses for cannellini beans	No, I need to know what i can use in place of cannellini beans	are you interested in where to buy cannellini beans	No just what beans can be exchanged for them.	cannellini beans would you like to know where cannellini beans come from no i need to know what i can use as a substitution for cannelloni beans are you trying to find uses for cannellini beans No, I need to know what i can use in place of cannellini beans are you interested in where to buy cannellini beans No just what beans can be exchanged for them.
223.0	242	F0561	How do you cook dried cannellini beans?	cannellini beans	are you interested in making soup with cannellini beans	i don know	are you looking for pasta dishes that can be made using cannellini beans	I'm looking to find out how to cook the actual cannellini beans.	are you interested in where to buy cannellini beans	No, I just want to know how to cook them when they're dry.	cannellini beans are you interested in making soup with cannellini beans i don know are you looking for pasta dishes that can be made using cannellini beans I'm looking to find out how to cook the actual cannellini beans. are you interested in where to buy cannellini beans No, I just want to know how to cook them when they're dry.
152.0	242	F0562	Find recipes using cannellini beans.	cannellini beans	would you like to know where cannellini beans come from	no i would not i need a recipe	are you trying to find uses for cannellini beans	yes, specifically need to know recipes that use them	are you wondering how nutritious cannellini beans are	No, I just want recipes that use cannellini beans	cannellini beans would you like to know where cannellini beans come from no i would not i need a recipe are you trying to find uses for cannellini beans yes, specifically need to know recipes that use them are you wondering how nutritious cannellini beans are No, I just want recipes that use cannellini beans
447.0	242	F0562	Find recipes using cannellini beans.	cannellini beans	are you interested in making soup with cannellini beans	yes	are you interested in where to buy cannellini beans	No, I want recipes with cannellini beans.	are you referring to cannellini bean recipes	Yes, I want to know recipes for the beans.	cannellini beans are you interested in making soup with cannellini beans yes are you interested in where to buy cannellini beans No, I want recipes with cannellini beans. are you referring to cannellini bean recipes Yes, I want to know recipes for the beans.
17.0	242	F0563	What are the nutritional facts for cannellini beans?	cannellini beans	are you interested in making soup with cannellini beans	no i just want the nutritional facts	are you interested in where to buy cannellini beans	I don't know	do you want to know an analog of cannellini beans	No, I would like to know just the nutritional facts of the beans.	cannellini beans are you interested in making soup with cannellini beans no i just want the nutritional facts are you interested in where to buy cannellini beans I don't know do you want to know an analog of cannellini beans No, I would like to know just the nutritional facts of the beans.
428.0	242	F0563	What are the nutritional facts for cannellini beans?	cannellini beans	would you like to know where cannellini beans come from	i need to know the nutritional facts	are you trying to find uses for cannellini beans	No, I want to know what their nutritional label says.	are you interested in where to buy cannellini beans	No, what are the nutritional facts for cannellini beans?	cannellini beans would you like to know where cannellini beans come from i need to know the nutritional facts are you trying to find uses for cannellini beans No, I want to know what their nutritional label says. are you interested in where to buy cannellini beans No, what are the nutritional facts for cannellini beans?
147.0	243	F0564	Find pictures of the Afghanistan flag.	Find information about afghanistan flag	would you like to know the origin of the afghanistan flag	no	would you like to know if the afghanistan flag has any symbols	I would like to see pictures of the flag.	are you interested in purchasing an afghanistan flag	No, I just want to see pictures of it.	Find information about afghanistan flag would you like to know the origin of the afghanistan flag no would you like to know if the afghanistan flag has any symbols I would like to see pictures of the flag. are you interested in purchasing an afghanistan flag No, I just want to see pictures of it.
195.0	243	F0564	Find pictures of the Afghanistan flag.	Find information about afghanistan flag	do you want to know how many square miles afghanistan is	I don't understand your question.	would you like to know where afghanistan is on the map	No, find in depth information about afghanistan flag	are you looking for a map of afghanistan	No I would like to know about the Afghanistan flag, like when was it created etc.	Find information about afghanistan flag do you want to know how many square miles afghanistan is I don't understand your question. would you like to know where afghanistan is on the map No, find in depth information about afghanistan flag are you looking for a map of afghanistan No I would like to know about the Afghanistan flag, like when was it created etc.
302.0	243	F0565	What does the Afghanistan flag's national emblem represent?	Find information about afghanistan flag	do you want to know how many square miles afghanistan is	I don't understand your question.	would you like to know where afghanistan is on the map	This is not related to my serch	are you looking for a map of afghanistan	No, I'm looking for an explanation of what the afghanistan flag represents to it's people.	Find information about afghanistan flag do you want to know how many square miles afghanistan is I don't understand your question. would you like to know where afghanistan is on the map This is not related to my serch are you looking for a map of afghanistan No, I'm looking for an explanation of what the afghanistan flag represents to it's people.
423.0	243	F0565	What does the Afghanistan flag's national emblem represent?	Find information about afghanistan flag	would you like to know the origin of the afghanistan flag	yes that would be fine	would you like to know if the afghanistan flag has any symbols	yes and let me know what those symbols mean too	are you interested in the symbolism behind the afghanistan flags design	Yes, I want to know what the Afghanistan flag represents	Find information about afghanistan flag would you like to know the origin of the afghanistan flag yes that would be fine would you like to know if the afghanistan flag has any symbols yes and let me know what those symbols mean too are you interested in the symbolism behind the afghanistan flags design Yes, I want to know what the Afghanistan flag represents
230.0	243	F0566	What does the Afghanistan flag's Arabic inscription mean?	Find information about afghanistan flag	would you like to know the origin of the afghanistan flag	i don know	are you interested in purchasing an afghanistan flag	No, I want to know what the writing on the flag means.	do you want to see what the afghanistan flag looks like	No, I just want to know the meaning of the text on it.	Find information about afghanistan flag would you like to know the origin of the afghanistan flag i don know are you interested in purchasing an afghanistan flag No, I want to know what the writing on the flag means. do you want to see what the afghanistan flag looks like No, I just want to know the meaning of the text on it.
439.0	243	F0566	What does the Afghanistan flag's Arabic inscription mean?	Find information about afghanistan flag	do you want to know how many square miles afghanistan is	I don't understand your question.	would you like to know where afghanistan is on the map	No. What does the flag of Afghanistan's arabic lettering mean?	are you looking for a map of afghanistan	Nope just what the inscription on the flag of theirs represents.	Find information about afghanistan flag do you want to know how many square miles afghanistan is I don't understand your question. would you like to know where afghanistan is on the map No. What does the flag of Afghanistan's arabic lettering mean? are you looking for a map of afghanistan Nope just what the inscription on the flag of theirs represents.
64.0	243	F0567	How can I purchase an Afghanistan flag?	Find information about afghanistan flag	do you want to know how many square miles afghanistan is	I don't understand your question.	would you like to know where afghanistan is on the map	No I want to be directed to a place where I can purchase an Aghanistan flag	are you looking for a map of afghanistan	No I am not looking for a map of Afghanistan.	Find information about afghanistan flag do you want to know how many square miles afghanistan is I don't understand your question. would you like to know where afghanistan is on the map No I want to be directed to a place where I can purchase an Aghanistan flag are you looking for a map of afghanistan No I am not looking for a map of Afghanistan.
317.0	243	F0567	How can I purchase an Afghanistan flag?	Find information about afghanistan flag	would you like to know the origin of the afghanistan flag	no i want to know how i can go about purchasing one	are you interested in purchasing an afghanistan flag	Yes i am	what would you like to know about the afghanistan flag	nothing, I just want to buy one.	Find information about afghanistan flag would you like to know the origin of the afghanistan flag no i want to know how i can go about purchasing one are you interested in purchasing an afghanistan flag Yes i am what would you like to know about the afghanistan flag nothing, I just want to buy one.
65.0	244	F0568	Find restaurants in Old Town Scottsdale, AZ.	old town scottsdale	would you like to know the location of old town scottsdale	i would like to know the location of restaurants within old town scottsdale	are you interested in old town scottsdale	yes	are you interested in the history of scottsdale	yes.	old town scottsdale would you like to know the location of old town scottsdale i would like to know the location of restaurants within old town scottsdale are you interested in old town scottsdale yes are you interested in the history of scottsdale yes.
299.0	244	F0568	Find restaurants in Old Town Scottsdale, AZ.	old town scottsdale	would you like news about old town scottsdale	i want restaurant information in the town	would you like to know about old town scottsdale	Yes, the restaurants that are there.	would you like to know the location of old town scottsdale	No, just the restaraunts that are there.	old town scottsdale would you like news about old town scottsdale i want restaurant information in the town would you like to know about old town scottsdale Yes, the restaurants that are there. would you like to know the location of old town scottsdale No, just the restaraunts that are there.
289.0	244	F0569	Where is Fashion Square in Scottsdale?	old town scottsdale	would you like news about old town scottsdale	no i want to know where fashion square is	would you like to know about old town scottsdale	I want to know the location of  Fashion Square.	are you interested in old town scottsdale	I am interested specifically in Fashion Square located in Scottsdale.	old town scottsdale would you like news about old town scottsdale no i want to know where fashion square is would you like to know about old town scottsdale I want to know the location of  Fashion Square. are you interested in old town scottsdale I am interested specifically in Fashion Square located in Scottsdale.
370.0	245	F0570	What restaurants are on Roosevelt Island (NY)?	roosevelt island	what conent would you like about roosevelt island	the restaurants that are on there	are you interested in the history of roosevelt island	No, I'd like to know what restaurants are on Roosevelt Island.	would you like to know where roosevelt island is located	Absolutely yes.	roosevelt island what conent would you like about roosevelt island the restaurants that are on there are you interested in the history of roosevelt island No, I'd like to know what restaurants are on Roosevelt Island. would you like to know where roosevelt island is located Absolutely yes.
407.0	245	F0570	What restaurants are on Roosevelt Island (NY)?	roosevelt island	are you interested in the history of roosevelt island	no i am interested in what restaurants are on roosevelt island ny	would you like to visit roosevelt island	Yes, and I would like to know what restaurants are there now.	would you like to know where roosevelt island is located	No, I'd like to know what restaurants are on the island.	roosevelt island are you interested in the history of roosevelt island no i am interested in what restaurants are on roosevelt island ny would you like to visit roosevelt island Yes, and I would like to know what restaurants are there now. would you like to know where roosevelt island is located No, I'd like to know what restaurants are on the island.
247.0	245	F0571	Find the Roosevelt Island tram schedule.	roosevelt island	what conent would you like about roosevelt island	i would like the roosevelt island tram schedule please	are you interested in the history of roosevelt island	No.	would you like to visit roosevelt island	No just want the schedule for the tram.	roosevelt island what conent would you like about roosevelt island i would like the roosevelt island tram schedule please are you interested in the history of roosevelt island No. would you like to visit roosevelt island No just want the schedule for the tram.
270.0	245	F0571	Find the Roosevelt Island tram schedule.	roosevelt island	are you interested in the history of roosevelt island	no just the tram schedule	do you want information about the roosevelt island tramway	Yes I do	would you like to visit roosevelt island	No, I would just like the tram schedule.	roosevelt island are you interested in the history of roosevelt island no just the tram schedule do you want information about the roosevelt island tramway Yes I do would you like to visit roosevelt island No, I would just like the tram schedule.
227.0	245	F0572	What is the history of the Roosevelt Island tram?	roosevelt island	are you interested in the history of roosevelt island	i am interested in the roosevelt island tram	do you want information about the roosevelt island tramway	Yeah, that will work	would you like to visit roosevelt island	no, just provide me more information on Roosevelt Island tram.	roosevelt island are you interested in the history of roosevelt island i am interested in the roosevelt island tram do you want information about the roosevelt island tramway Yeah, that will work would you like to visit roosevelt island no, just provide me more information on Roosevelt Island tram.
265.0	245	F0572	What is the history of the Roosevelt Island tram?	roosevelt island	what conent would you like about roosevelt island	im interested in conent related to the history of the roosevelt island tram	are you interested in the history of roosevelt island	Yes, tell me some history about it.	would you like to visit roosevelt island	I just want to know about the history of the tram.	roosevelt island what conent would you like about roosevelt island im interested in conent related to the history of the roosevelt island tram are you interested in the history of roosevelt island Yes, tell me some history about it. would you like to visit roosevelt island I just want to know about the history of the tram.
21.0	245	F0573	Find a map of Roosevelt Island (NY).	roosevelt island	what conent would you like about roosevelt island	yes i would like a map of the island	would you like to see a map of roosevelt island	yes, that's correct	do you want to know about the geographical history of the island	No, I just want a map of Roosevelt Island	roosevelt island what conent would you like about roosevelt island yes i would like a map of the island would you like to see a map of roosevelt island yes, that's correct do you want to know about the geographical history of the island No, I just want a map of Roosevelt Island
495.0	245	F0573	Find a map of Roosevelt Island (NY).	roosevelt island	are you interested in the history of roosevelt island	noi am wanting a map of the island	would you like to visit roosevelt island	No.	would you like to know where roosevelt island is located	Yes but in map format please	roosevelt island are you interested in the history of roosevelt island noi am wanting a map of the island would you like to visit roosevelt island No. would you like to know where roosevelt island is located Yes but in map format please
97.0	245	F0574	Find real estate listings for Roosevelt Island (NY).	roosevelt island	are you interested in the history of roosevelt island	no i need real estate info	would you like to see a map of roosevelt island	No, i'd like to see what real estate is avilable on Roosevelt Island.	would you like to visit roosevelt island	No, but I would like to see real estate listings on the island	roosevelt island are you interested in the history of roosevelt island no i need real estate info would you like to see a map of roosevelt island No, i'd like to see what real estate is avilable on Roosevelt Island. would you like to visit roosevelt island No, but I would like to see real estate listings on the island
	246	F0575	Which civil war battles were fought in South Carolina?	Tell me about civil war battles in South Carolina	do you want to know which civil war battles took place in south carolina	yes please thank you					Tell me about civil war battles in South Carolina do you want to know which civil war battles took place in south carolina yes please thank you
214.0	247	F0576	"Where can I watch the full ""Rain Main"" movie online?"	Tell me about rain main.	are you referring to the movie rain man	yes i would like to watch the full movie	would you like a list of reviews for the film rain man	No I want links that will allow me to watch the full movie	are you looking for a lyrics of the rain main song	Nope just how to watch the entire movie online.	Tell me about rain main. are you referring to the movie rain man yes i would like to watch the full movie would you like a list of reviews for the film rain man No I want links that will allow me to watch the full movie are you looking for a lyrics of the rain main song Nope just how to watch the entire movie online.
312.0	247	F0576	"Where can I watch the full ""Rain Main"" movie online?"	Tell me about rain main.	are you referring to the movie rain man	yes i would like to watch the full movie	would you like a list of reviews for the film rain man	No I want links that will allow me to watch the full movie	do you want to know who directed rain man	No, i would like to know where I can watch the full movie.	Tell me about rain main. are you referring to the movie rain man yes i would like to watch the full movie would you like a list of reviews for the film rain man No I want links that will allow me to watch the full movie do you want to know who directed rain man No, i would like to know where I can watch the full movie.
188.0	247	F0577	Find information about the real person on which the Rain Man movie is based.	Tell me about rain main.	are you looking for a lyrics of the rain main song	not what i asked for	do you want to know who directed rain man	No, I want to know about who the movie was based on.	are you looking for information on the cast and crew for rain man	No, I would like infomation on the man the movie is based on.	Tell me about rain main. are you looking for a lyrics of the rain main song not what i asked for do you want to know who directed rain man No, I want to know about who the movie was based on. are you looking for information on the cast and crew for rain man No, I would like infomation on the man the movie is based on.
159.0	247	F0578	"Find movie reviews of ""Rain Man""."	Tell me about rain main.	are you looking for a lyrics of the rain main song	no only movie reviews	would you like a list of reviews for the film rain man	yes i would like  a list of reviews for the film rain man	are you referring to the movie rain man	Yes, I am referring to that movie, and specifically its reviews.	Tell me about rain main. are you looking for a lyrics of the rain main song no only movie reviews would you like a list of reviews for the film rain man yes i would like  a list of reviews for the film rain man are you referring to the movie rain man Yes, I am referring to that movie, and specifically its reviews.
327.0	247	F0578	"Find movie reviews of ""Rain Man""."	Tell me about rain main.	are you looking for a lyrics of the rain main song	no only movie reviews	would you like a list of reviews for the film rain man	yes i would like  a list of reviews for the film rain man	would you want movie reviews	"Yes, but I want reviews specifically for ""Rain Man."""	"Tell me about rain main. are you looking for a lyrics of the rain main song no only movie reviews would you like a list of reviews for the film rain man yes i would like  a list of reviews for the film rain man would you want movie reviews Yes, but I want reviews specifically for ""Rain Man."""
287.0	247	F0579	"Find quotes from the ""Rain Man"" movie."	Tell me about rain main.	are you looking for a lyrics of the rain main song	no i want rain man film quotes	do you want to know who directed rain man	"No. I would like some lines/quotes from ""Rain Man"""	are you referring to the movie rain man	Yes, I need quotes from the movie Rain Man.	"Tell me about rain main. are you looking for a lyrics of the rain main song no i want rain man film quotes do you want to know who directed rain man No. I would like some lines/quotes from ""Rain Man"" are you referring to the movie rain man Yes, I need quotes from the movie Rain Man."
371.0	247	F0579	"Find quotes from the ""Rain Man"" movie."	Tell me about rain main.	are you looking for a lyrics of the rain main song	no i want rain man film quotes	do you want to know who directed rain man	"No. I would like some lines/quotes from ""Rain Man"""	would you like a list of reviews for the film rain man	No, I would like to see a list of quotes.	"Tell me about rain main. are you looking for a lyrics of the rain main song no i want rain man film quotes do you want to know who directed rain man No. I would like some lines/quotes from ""Rain Man"" would you like a list of reviews for the film rain man No, I would like to see a list of quotes."
126.0	247	F0580	"Find the lyrics to Eminem's ""Rain Man""."	Tell me about rain main.	are you looking for a lyrics of the rain main song	i am looking for the lyrics of eminems rain man	are you looking for information on the cast and crew for rain man	"I need to find the song lyrics for Eminem's song ""Rain Man"""	do you want to know who directed rain man	"No, I need you to show me the lyrics to the song ""Rain Man"" by Eminem."	"Tell me about rain main. are you looking for a lyrics of the rain main song i am looking for the lyrics of eminems rain man are you looking for information on the cast and crew for rain man I need to find the song lyrics for Eminem's song ""Rain Man"" do you want to know who directed rain man No, I need you to show me the lyrics to the song ""Rain Man"" by Eminem."
375.0	248	F0581	What is the shelf life of a chicken egg---that is, how old can it be and still be safe to eat?	What is the shelf life of an egg?	are you referring to uncooked eggs or an egg product	i am referring to uncooked chicken eggs and the amount of time that must go by before these eggs are unsafe to eat	would you like to know how long eggs last past their expiration	Yes	do you want to know if expired eggs are safe to eat	Yes yes.	What is the shelf life of an egg? are you referring to uncooked eggs or an egg product i am referring to uncooked chicken eggs and the amount of time that must go by before these eggs are unsafe to eat would you like to know how long eggs last past their expiration Yes do you want to know if expired eggs are safe to eat Yes yes.
464.0	248	F0581	What is the shelf life of a chicken egg---that is, how old can it be and still be safe to eat?	What is the shelf life of an egg?	are you referring to uncooked eggs or an egg product	i am referring to uncooked chicken eggs and the amount of time that must go by before these eggs are unsafe to eat	would you like to know how long eggs last past their expiration	Yes	are you asking about the shelf life of refrigerated or unrefrigerated eggs	I would like info on both.	What is the shelf life of an egg? are you referring to uncooked eggs or an egg product i am referring to uncooked chicken eggs and the amount of time that must go by before these eggs are unsafe to eat would you like to know how long eggs last past their expiration Yes are you asking about the shelf life of refrigerated or unrefrigerated eggs I would like info on both.
219.0	249	F0582	What is an occupational therapist?	What is an occupational therapist?	do you want to find an occupational therapist	no i want to know what they do	do you want to know what an occupational therapist does	Yes	what area do you need an occupational therapist in	No, I what do know what a occupational therapist is.	What is an occupational therapist? do you want to find an occupational therapist no i want to know what they do do you want to know what an occupational therapist does Yes what area do you need an occupational therapist in No, I what do know what a occupational therapist is.
431.0	249	F0582	What is an occupational therapist?	What is an occupational therapist?	do you want to find an occupational therapist	no i want to know what they do	do you want to know what an occupational therapist does	Yes	do you want to know how to become an occupational therapist	No, I would just like to know what their job is as an occupational therapist.	What is an occupational therapist? do you want to find an occupational therapist no i want to know what they do do you want to know what an occupational therapist does Yes do you want to know how to become an occupational therapist No, I would just like to know what their job is as an occupational therapist.
18.0	249	F0583	Find job openings for occupational therapists.	What is an occupational therapist?	do you want to find an occupational therapist	only job openings for occupational therapists	are you looking for an occupational therapist	No.	do you want to know what an occupational therapist does	No just the job openings.	What is an occupational therapist? do you want to find an occupational therapist only job openings for occupational therapists are you looking for an occupational therapist No. do you want to know what an occupational therapist does No just the job openings.
246.0	249	F0583	Find job openings for occupational therapists.	What is an occupational therapist?	do you want to know how to become an occupational therapist	no i would like to hear about job openings for an occupational therapist	do you want to know what an occupational therapist does	Yes find me jobs for occupational therapists	are you looking for an occupational therapist	No thanks, I'm looking for job openings for occupational therapists.	What is an occupational therapist? do you want to know how to become an occupational therapist no i would like to hear about job openings for an occupational therapist do you want to know what an occupational therapist does Yes find me jobs for occupational therapists are you looking for an occupational therapist No thanks, I'm looking for job openings for occupational therapists.
238.0	249	F0584	What are typical salaries for occupational therapists?	What is an occupational therapist?	do you want to know how to become an occupational therapist	no i want the average salary information for occupational therapists	are you interested in the salary of an occupational therapist	Yes, thank you	are you looking for an occupational therapist	Yes, im looking for the salary they get paid.	What is an occupational therapist? do you want to know how to become an occupational therapist no i want the average salary information for occupational therapists are you interested in the salary of an occupational therapist Yes, thank you are you looking for an occupational therapist Yes, im looking for the salary they get paid.
384.0	249	F0584	What are typical salaries for occupational therapists?	What is an occupational therapist?	do you want to find an occupational therapist	no i want to know how much money an occupational therapist makes	what area do you need an occupational therapist in	I need salaries	are you looking for an occupational therapist	No just what the typical salaries are for them.	What is an occupational therapist? do you want to find an occupational therapist no i want to know how much money an occupational therapist makes what area do you need an occupational therapist in I need salaries are you looking for an occupational therapist No just what the typical salaries are for them.
38.0	249	F0585	Find information about occupational therapy for a child.	What is an occupational therapist?	do you want to know how to become an occupational therapist	no	are you interested in the salary of an occupational therapist	No.	do you want to find an occupational therapist	Just info on it for a child.	What is an occupational therapist? do you want to know how to become an occupational therapist no are you interested in the salary of an occupational therapist No. do you want to find an occupational therapist Just info on it for a child.
166.0	249	F0585	Find information about occupational therapy for a child.	What is an occupational therapist?	do you want to find an occupational therapist	no i just want information about occupational therapy for a child	what area do you need an occupational therapist in	I want information on a Childs Occupation Therapist.	are you looking for an occupational therapist	No, I would first like to research information about occupational therapy for a child.	What is an occupational therapist? do you want to find an occupational therapist no i just want information about occupational therapy for a child what area do you need an occupational therapist in I want information on a Childs Occupation Therapist. are you looking for an occupational therapist No, I would first like to research information about occupational therapy for a child.
207.0	249	F0586	What are the requirements to become an occupational therapist?	What is an occupational therapist?	do you want to know how to become an occupational therapist	yes	are you interested in the salary of an occupational therapist	No, I want to know how to become one.	do you want to find an occupational therapist	No thanks, I am more interested in pursuing occupational therapy as a career.	What is an occupational therapist? do you want to know how to become an occupational therapist yes are you interested in the salary of an occupational therapist No, I want to know how to become one. do you want to find an occupational therapist No thanks, I am more interested in pursuing occupational therapy as a career.
467.0	249	F0586	What are the requirements to become an occupational therapist?	What is an occupational therapist?	do you want to find an occupational therapist	no i want to find the requirements for this job not where one is located	what area do you need an occupational therapist in	That doesn't matter. I just need to know what I need to become one.	are you looking for an occupational therapist	Im just looking for what it takes to become one?	What is an occupational therapist? do you want to find an occupational therapist no i want to find the requirements for this job not where one is located what area do you need an occupational therapist in That doesn't matter. I just need to know what I need to become one. are you looking for an occupational therapist Im just looking for what it takes to become one?
	25	F0587	Find information on the Greek mathematician Euclid.	Tell me more about Euclid	are you interested in learning about the greek mathmetician	yes	do you want a biography	yes	do you want to know his most important discoveries	yes	Tell me more about Euclid are you interested in learning about the greek mathmetician yes do you want a biography yes do you want to know his most important discoveries yes
	25	F0588	I'm looking for a source for Euclid truck parts.	Tell me more about Euclid	are you looking for a specific kind of truck	yes					Tell me more about Euclid are you looking for a specific kind of truck yes
	25	F0589	Take me to the homepage for the Euclid Chemical company.	Tell me more about Euclid	are you looking for a company	yes the euclid chemical company website					Tell me more about Euclid are you looking for a company yes the euclid chemical company website
	250	F0590	What problems have afflicted the Ford Edge car model?	What are problems with ford edge?	would you like to read reliability reports on the ford edge	yes show me reports on ford edges reliability	are you interested in seeing customer reviews of the ford edge	yes show me reviews of people that have owned a ford edge	do you want to see if there have been recalls of the ford edge	yes	What are problems with ford edge? would you like to read reliability reports on the ford edge yes show me reports on ford edges reliability are you interested in seeing customer reviews of the ford edge yes show me reviews of people that have owned a ford edge do you want to see if there have been recalls of the ford edge yes
	251	F0591	Find data on how to identify spider bites.	How is identifying spider bites?	would you like to see a chart to help you identify spider bites	yes please	would you like to see pictures to help you identify spider bites	yes i want to see pictures to help identify spider bites	would you like to see pictures to help you identify types of spider bites	yes	How is identifying spider bites? would you like to see a chart to help you identify spider bites yes please would you like to see pictures to help you identify spider bites yes i want to see pictures to help identify spider bites would you like to see pictures to help you identify types of spider bites yes
	252	F0592	Looking for any historical information related to Orcas Island: geographical, buildings, people, infrastructure, etc.	Tell me about history of orcas island	are you interested in proeuropean history of orcas island	yes show me	would a video on the islands historical background be helpful	yes as i am looking for any historical information	would you be interested in a timeline of events on orcas island	yes any that includes historical information	Tell me about history of orcas island are you interested in proeuropean history of orcas island yes show me would a video on the islands historical background be helpful yes as i am looking for any historical information would you be interested in a timeline of events on orcas island yes any that includes historical information
145.0	253	F0593	What treatments are available for a tooth abscess?	What treatments are available for a tooth abscess?	are you looking for pictures of a tooth abscess	no i need treatments for it	do you want to see a selfquiz to determine if you have a tooth abscess	This is not related to my search.	do you want to know how a tooth abscess is treated	Yes, I would like to know that.	What treatments are available for a tooth abscess? are you looking for pictures of a tooth abscess no i need treatments for it do you want to see a selfquiz to determine if you have a tooth abscess This is not related to my search. do you want to know how a tooth abscess is treated Yes, I would like to know that.
453.0	253	F0593	What treatments are available for a tooth abscess?	What treatments are available for a tooth abscess?	would you like to learn about home remedies for treating a tooth abscess	yes i am looking for treatments available for a tooth abscess	would you like to know the symptoms of a tooth abscess	No.	are you interested in the causes of tooth abscesses	No, I would like to know what treatments are available.	What treatments are available for a tooth abscess? would you like to learn about home remedies for treating a tooth abscess yes i am looking for treatments available for a tooth abscess would you like to know the symptoms of a tooth abscess No. are you interested in the causes of tooth abscesses No, I would like to know what treatments are available.
256.0	253	F0594	What are the dangers/complications of leaving a tooth abscess untreated?	What treatments are available for a tooth abscess?	are you looking for pictures of a tooth abscess	i am looking for information about the dangers associate with an untreated tooth abscess	do you want to see a selfquiz to determine if you have a tooth abscess	No I need to know the complications of having one	do you want to know how a tooth abscess is treated	You can tell me how it's treated, but I would like to know what will happen if I don't get a tooth abscess treated.	What treatments are available for a tooth abscess? are you looking for pictures of a tooth abscess i am looking for information about the dangers associate with an untreated tooth abscess do you want to see a selfquiz to determine if you have a tooth abscess No I need to know the complications of having one do you want to know how a tooth abscess is treated You can tell me how it's treated, but I would like to know what will happen if I don't get a tooth abscess treated.
492.0	253	F0594	What are the dangers/complications of leaving a tooth abscess untreated?	What treatments are available for a tooth abscess?	would you like to learn about home remedies for treating a tooth abscess	no i want to know about the dangers and complications	do you want to know how a tooth abscess is treated	No, I need to know about why it would be dangerous to not get a tooth abscess treated	are you interested in the causes of tooth abscesses	No just what can go wrong if left untreated.	What treatments are available for a tooth abscess? would you like to learn about home remedies for treating a tooth abscess no i want to know about the dangers and complications do you want to know how a tooth abscess is treated No, I need to know about why it would be dangerous to not get a tooth abscess treated are you interested in the causes of tooth abscesses No just what can go wrong if left untreated.
51.0	253	F0595	What are the concerns with extracting an abscessed tooth?	What treatments are available for a tooth abscess?	would you like to learn about home remedies for treating a tooth abscess	no i would learn about the concecuenses	do you want to know about tooth abscess symptoms	Find me the concerns associated withextracting an abscessed tooth.	do you want to know how a tooth abscess is treated	I would like to know what happens after the abscessed tooth is treated, are there any concerns?	What treatments are available for a tooth abscess? would you like to learn about home remedies for treating a tooth abscess no i would learn about the concecuenses do you want to know about tooth abscess symptoms Find me the concerns associated withextracting an abscessed tooth. do you want to know how a tooth abscess is treated I would like to know what happens after the abscessed tooth is treated, are there any concerns?
426.0	253	F0595	What are the concerns with extracting an abscessed tooth?	What treatments are available for a tooth abscess?	are you looking for pictures of a tooth abscess	no	do you want to see a selfquiz to determine if you have a tooth abscess	No.	do you want to know how a tooth abscess is treated	What can happen after an abscessed tooth is extracted, could anything go wrong?	What treatments are available for a tooth abscess? are you looking for pictures of a tooth abscess no do you want to see a selfquiz to determine if you have a tooth abscess No. do you want to know how a tooth abscess is treated What can happen after an abscessed tooth is extracted, could anything go wrong?
345.0	253	F0596	Which antibiotics are used to treat a tooth abscess.	What treatments are available for a tooth abscess?	would you like to learn about home remedies for treating a tooth abscess	no i would like information about what antibiotics treat tooth abscesses	would you like to know the symptoms of a tooth abscess	I don't know	are you looking for treatments	No, I just want to know what antibiotics might be used for it.	What treatments are available for a tooth abscess? would you like to learn about home remedies for treating a tooth abscess no i would like information about what antibiotics treat tooth abscesses would you like to know the symptoms of a tooth abscess I don't know are you looking for treatments No, I just want to know what antibiotics might be used for it.
417.0	253	F0596	Which antibiotics are used to treat a tooth abscess.	What treatments are available for a tooth abscess?	are you looking for pictures of a tooth abscess	no id like to know what antibiotics are used to treat one	do you want to see a selfquiz to determine if you have a tooth abscess	No, I already asked what kind of antibiotics are they treated with?	do you want to know how a tooth abscess is treated	Yes, specifically which antibiotics are used in that treatment.	What treatments are available for a tooth abscess? are you looking for pictures of a tooth abscess no id like to know what antibiotics are used to treat one do you want to see a selfquiz to determine if you have a tooth abscess No, I already asked what kind of antibiotics are they treated with? do you want to know how a tooth abscess is treated Yes, specifically which antibiotics are used in that treatment.
231.0	254	F0597	Find the causes and risk factors of Barrett's Esophagus.	Tell me about barrett's esophagus	would you like to know what is a suitable feet for someone who has barrets esophagus	no i want to know what causes barretts esophagus	do you want to know if barretts esophagus is serious	No I want to know how Barretts Esophagus is caused	do you want to learn more about the risk factors for barretts esophagus	Yes, I also want to know the causes of barrets asophagus	Tell me about barrett's esophagus would you like to know what is a suitable feet for someone who has barrets esophagus no i want to know what causes barretts esophagus do you want to know if barretts esophagus is serious No I want to know how Barretts Esophagus is caused do you want to learn more about the risk factors for barretts esophagus Yes, I also want to know the causes of barrets asophagus
315.0	254	F0597	Find the causes and risk factors of Barrett's Esophagus.	Tell me about barrett's esophagus	would you like to get information about getting diagnosed with barretts esophagus	yes as well as risk factors that could lead to the condition	are you interested in signs you may have barretts esophagus	I want causes and conditions	do you want to learn more about the risk factors for barretts esophagus	yes and aslo prevention for barretts esophagus.	Tell me about barrett's esophagus would you like to get information about getting diagnosed with barretts esophagus yes as well as risk factors that could lead to the condition are you interested in signs you may have barretts esophagus I want causes and conditions do you want to learn more about the risk factors for barretts esophagus yes and aslo prevention for barretts esophagus.
303.0	254	F0598	What treatments are available for Barrett's Esophagus?	Tell me about barrett's esophagus	would you like to get information about getting diagnosed with barretts esophagus	no id like to know what the treatment options are	would you like to know about the symptoms of barretts esophagus	No, I need to know how to treat it.	would you like to hear about related conditions to barretts esophagus	No,  I would like to know about ways to treat it.	Tell me about barrett's esophagus would you like to get information about getting diagnosed with barretts esophagus no id like to know what the treatment options are would you like to know about the symptoms of barretts esophagus No, I need to know how to treat it. would you like to hear about related conditions to barretts esophagus No,  I would like to know about ways to treat it.
414.0	254	F0598	What treatments are available for Barrett's Esophagus?	Tell me about barrett's esophagus	would you like to know what is a suitable feet for someone who has barrets esophagus	no i do not want to know about suitable feets	do you want to know if barretts esophagus is serious	I don't know	do you want to learn more about the risk factors for barretts esophagus	no, i want to learn more about treatment options for Barrett's Esophagus.	Tell me about barrett's esophagus would you like to know what is a suitable feet for someone who has barrets esophagus no i do not want to know about suitable feets do you want to know if barretts esophagus is serious I don't know do you want to learn more about the risk factors for barretts esophagus no, i want to learn more about treatment options for Barrett's Esophagus.
352.0	254	F0599	What is the recommended diet for Barrett's Esophagus?	Tell me about barrett's esophagus	would you like to get information about getting diagnosed with barretts esophagus	no i want information about a feet for barretts esophagus	would you like to know about the symptoms of barretts esophagus	I don't know	is this an emergency	I dont know.	Tell me about barrett's esophagus would you like to get information about getting diagnosed with barretts esophagus no i want information about a feet for barretts esophagus would you like to know about the symptoms of barretts esophagus I don't know is this an emergency I dont know.
393.0	254	F0599	What is the recommended diet for Barrett's Esophagus?	Tell me about barrett's esophagus	would you like to know what is a suitable feet for someone who has barrets esophagus	yes feet recommendations would be great	do you want to know if barretts esophagus is serious	No I want to know what diet is best for it.	do you want to learn more about the risk factors for barretts esophagus	No just which diet to follow.	Tell me about barrett's esophagus would you like to know what is a suitable feet for someone who has barrets esophagus yes feet recommendations would be great do you want to know if barretts esophagus is serious No I want to know what diet is best for it. do you want to learn more about the risk factors for barretts esophagus No just which diet to follow.
42.0	254	F0600	Is there a link between Barrett's Esophagus and cancer?	Tell me about barrett's esophagus	would you like to get information about getting diagnosed with barretts esophagus	no i would like to know if barretts esophagus is linked with cancer	would you like to know about the symptoms of barretts esophagus	No, I already said I want to know if it has been linked to any kinds of cancer.	do you want to know if barretts esophagus is serious	No, I just want to know if it is linked to any type of cancer.	Tell me about barrett's esophagus would you like to get information about getting diagnosed with barretts esophagus no i would like to know if barretts esophagus is linked with cancer would you like to know about the symptoms of barretts esophagus No, I already said I want to know if it has been linked to any kinds of cancer. do you want to know if barretts esophagus is serious No, I just want to know if it is linked to any type of cancer.
481.0	254	F0600	Is there a link between Barrett's Esophagus and cancer?	Tell me about barrett's esophagus	would you like to know what is a suitable feet for someone who has barrets esophagus	yes	do you want to know what barrets esophagus is	Information on whether Barreys Esophagu is related to Cancer.	do you want to learn more about the risk factors for barretts esophagus	Only if it is related to cancer.	Tell me about barrett's esophagus would you like to know what is a suitable feet for someone who has barrets esophagus yes do you want to know what barrets esophagus is Information on whether Barreys Esophagu is related to Cancer. do you want to learn more about the risk factors for barretts esophagus Only if it is related to cancer.
197.0	254	F0601	Find symptoms of Barrett's Esophagus.	Tell me about barrett's esophagus	would you like to know what is a suitable feet for someone who has barrets esophagus	no i want symptoms for barretts esophagus	would you like to know about the symptoms of barretts esophagus	Yes, thats what i'm looking for.	do you want to learn more about the risk factors for barretts esophagus	No, I would like to know the symptoms of barretts esophagus.	Tell me about barrett's esophagus would you like to know what is a suitable feet for someone who has barrets esophagus no i want symptoms for barretts esophagus would you like to know about the symptoms of barretts esophagus Yes, thats what i'm looking for. do you want to learn more about the risk factors for barretts esophagus No, I would like to know the symptoms of barretts esophagus.
204.0	254	F0601	Find symptoms of Barrett's Esophagus.	Tell me about barrett's esophagus	would you like to get information about getting diagnosed with barretts esophagus	yes i want info about symptoms	would you like to see a picture of barretts esophagus	No.	would you like to know about the symptoms of barretts esophagus	yes, I would like to know about the symptoms.	Tell me about barrett's esophagus would you like to get information about getting diagnosed with barretts esophagus yes i want info about symptoms would you like to see a picture of barretts esophagus No. would you like to know about the symptoms of barretts esophagus yes, I would like to know about the symptoms.
2.0	254	F0602	Find pictures of Barrett's Esophagus.	Tell me about barrett's esophagus	would you like to know what is a suitable feet for someone who has barrets esophagus	no i just need to see pictures of barrets esophagus	do you want to know what barrets esophagus is	No not really, I just need to see what it looks like	do you want to know if barretts esophagus is serious	No I just want to see what Barret's Esophagus looks like.	Tell me about barrett's esophagus would you like to know what is a suitable feet for someone who has barrets esophagus no i just need to see pictures of barrets esophagus do you want to know what barrets esophagus is No not really, I just need to see what it looks like do you want to know if barretts esophagus is serious No I just want to see what Barret's Esophagus looks like.
367.0	254	F0602	Find pictures of Barrett's Esophagus.	Tell me about barrett's esophagus	would you like to get information about getting diagnosed with barretts esophagus	no show me pictures	do you want to know if barretts esophagus is serious	No.	would you like to know about the symptoms of barretts esophagus	No, I would only like to see photos of people with Barretts esophagus.	Tell me about barrett's esophagus would you like to get information about getting diagnosed with barretts esophagus no show me pictures do you want to know if barretts esophagus is serious No. would you like to know about the symptoms of barretts esophagus No, I would only like to see photos of people with Barretts esophagus.
374.0	254	F0603	Find Barret's Esophagus studies performed at the Mayo Clinic.	Tell me about barrett's esophagus	would you like to get information about getting diagnosed with barretts esophagus	no i want to know studies performed at the mayo clinic for barrets esophagus	would you like to know about the symptoms of barretts esophagus	No, I want the Mayo Clinic's studies about it.	would you like to speak to an expert about barretts esophagus	No, I would like to see a list of Mayo clinic studies on barretts esphagus.	Tell me about barrett's esophagus would you like to get information about getting diagnosed with barretts esophagus no i want to know studies performed at the mayo clinic for barrets esophagus would you like to know about the symptoms of barretts esophagus No, I want the Mayo Clinic's studies about it. would you like to speak to an expert about barretts esophagus No, I would like to see a list of Mayo clinic studies on barretts esphagus.
382.0	254	F0603	Find Barret's Esophagus studies performed at the Mayo Clinic.	Tell me about barrett's esophagus	would you like to know what is a suitable feet for someone who has barrets esophagus	no please show me studies done on it from the mayo clinic	have you been to this clinic before	I don't know	what time are you wanting to visit this clinic	No I want the studies done at the Mayo Clinic.	Tell me about barrett's esophagus would you like to know what is a suitable feet for someone who has barrets esophagus no please show me studies done on it from the mayo clinic have you been to this clinic before I don't know what time are you wanting to visit this clinic No I want the studies done at the Mayo Clinic.
74.0	255	F0604	Find information about teddy bear picnics.	Tell me about teddy bears.	do you want to know where to buy teddy bears	no i want to know more about teddy bear picnics	are you interested in the history of teddy bears	No.	do you want to know about the history of teddy bears	No just tell me about the picnics.	Tell me about teddy bears. do you want to know where to buy teddy bears no i want to know more about teddy bear picnics are you interested in the history of teddy bears No. do you want to know about the history of teddy bears No just tell me about the picnics.
338.0	255	F0604	Find information about teddy bear picnics.	Tell me about teddy bears.	are you interested in the history of teddy bears	yes i want to know the history of them	would you like to know more about the cultural impact of teddy bears	No find teddy bear picnics	do you want to know about the history of teddy bears	No, just find me teddy bear picnics.	Tell me about teddy bears. are you interested in the history of teddy bears yes i want to know the history of them would you like to know more about the cultural impact of teddy bears No find teddy bear picnics do you want to know about the history of teddy bears No, just find me teddy bear picnics.
121.0	255	F0605	Show me teddy bears made by Gund.	Tell me about teddy bears.	do you want to know where to buy teddy bears	no i want teddy bears made by gund	are you interested in the history of teddy bears	No. I need to know where I can get Gund's teddies	are you interested in books about teddy bears	No just teddy bears that are manufactured by Gund.	Tell me about teddy bears. do you want to know where to buy teddy bears no i want teddy bears made by gund are you interested in the history of teddy bears No. I need to know where I can get Gund's teddies are you interested in books about teddy bears No just teddy bears that are manufactured by Gund.
266.0	255	F0605	Show me teddy bears made by Gund.	Tell me about teddy bears.	are you interested in the history of teddy bears	no	would you like to know more about the cultural impact of teddy bears	No, i wold like to see teddy bears made by Gud.	do you want to know about the history of teddy bears	No, I just want to see ones manufactured by the Gund company.	Tell me about teddy bears. are you interested in the history of teddy bears no would you like to know more about the cultural impact of teddy bears No, i wold like to see teddy bears made by Gud. do you want to know about the history of teddy bears No, I just want to see ones manufactured by the Gund company.
112.0	255	F0606	Find giant teddy bears.	Tell me about teddy bears.	do you want to know where to buy teddy bears	yes	are you looking for general information about teddy bears and are you looking to buy a teddy bear	Yes I want to buy giant teddy bears	are you interested in the history of teddy bears	No, I just want to buy giant teddy bears.	Tell me about teddy bears. do you want to know where to buy teddy bears yes are you looking for general information about teddy bears and are you looking to buy a teddy bear Yes I want to buy giant teddy bears are you interested in the history of teddy bears No, I just want to buy giant teddy bears.
323.0	255	F0606	Find giant teddy bears.	Tell me about teddy bears.	are you interested in the history of teddy bears	no i want to know where to find the bears	would you like to know more about the cultural impact of teddy bears	I want to find a location where to buy giant teddy bear.	are you looking for general information about teddy bears and are you looking to buy a teddy bear	Yes just general information on them.	Tell me about teddy bears. are you interested in the history of teddy bears no i want to know where to find the bears would you like to know more about the cultural impact of teddy bears I want to find a location where to buy giant teddy bear. are you looking for general information about teddy bears and are you looking to buy a teddy bear Yes just general information on them.
161.0	255	F0607	Locate information about teddy bears by Steiff.	Tell me about teddy bears.	do you want to know where to buy teddy bears	yes	are you looking for general information about teddy bears and are you looking to buy a teddy bear	I am interested in Steiff teddy bears.	do you want to know about the history of teddy bears	Yes, Only on Steiff teddy bears.	Tell me about teddy bears. do you want to know where to buy teddy bears yes are you looking for general information about teddy bears and are you looking to buy a teddy bear I am interested in Steiff teddy bears. do you want to know about the history of teddy bears Yes, Only on Steiff teddy bears.
182.0	255	F0608	Where can I buy teddy bears wholesale?	Tell me about teddy bears.	are you interested in the history of teddy bears	no i want to buy teddy bears	are you interested in books about teddy bears	No.	would you like to know more about the cultural impact of teddy bears	No, I want to know how to buy them in bulk.	Tell me about teddy bears. are you interested in the history of teddy bears no i want to buy teddy bears are you interested in books about teddy bears No. would you like to know more about the cultural impact of teddy bears No, I want to know how to buy them in bulk.
305.0	255	F0608	Where can I buy teddy bears wholesale?	Tell me about teddy bears.	do you want to know where to buy teddy bears	yes but i need to purchase them wholesale	are you looking for general information about teddy bears and are you looking to buy a teddy bear	What I said before about buying them wholesale.	are you interested in the history of teddy bears	No, I need a teddy bear wholesale website, please.	Tell me about teddy bears. do you want to know where to buy teddy bears yes but i need to purchase them wholesale are you looking for general information about teddy bears and are you looking to buy a teddy bear What I said before about buying them wholesale. are you interested in the history of teddy bears No, I need a teddy bear wholesale website, please.
	256	F0609	Who is the patron saint of mental illness?	Who is the patron saint of mental illness?	who you like to know who the patron saint of mental illness is	yes exactly	would you like to know more about the patron saint of mental illness	yes	do you need to know if there is a patron saint for mental illness	yes	Who is the patron saint of mental illness? who you like to know who the patron saint of mental illness is yes exactly would you like to know more about the patron saint of mental illness yes do you need to know if there is a patron saint for mental illness yes
340.0	257	F0610	"Find summaries of ""Holes"" by Louis Sachar."	Find information about holes by louis sachar	would you like to know other books written by louis sachar	no thanks im looking for summeries of holes by louis sachar	do you want his biography	No.	are you referring to the author	I want the summary of the movie Holes.	Find information about holes by louis sachar would you like to know other books written by louis sachar no thanks im looking for summeries of holes by louis sachar do you want his biography No. are you referring to the author I want the summary of the movie Holes.
118.0	257	F0611	"Find lesson plans or classroom activities related to ""Holes"" by Louis Sachar."	Find information about holes by louis sachar	would you like to know other books written by louis sachar	no i want lesson plans or activities fro louis sachars book holes	did you find them	I don't know.	are you interested in purchasing the book	No just want lesson plans and things to do related to the book.	Find information about holes by louis sachar would you like to know other books written by louis sachar no i want lesson plans or activities fro louis sachars book holes did you find them I don't know. are you interested in purchasing the book No just want lesson plans and things to do related to the book.
226.0	257	F0613	"Who are the characters in the book ""Holes"" by Louis Sachar?"	Find information about holes by louis sachar	would you like to know other books written by louis sachar	no id like to know who the characters are in holes	are you referring to the author	"I want to know about his book ""Holes""."	are you interested in purchasing the book	Yes how much?	"Find information about holes by louis sachar would you like to know other books written by louis sachar no id like to know who the characters are in holes are you referring to the author I want to know about his book ""Holes"". are you interested in purchasing the book Yes how much?"
3.0	258	F0614	Find pictures of a hip roof.	Find information on hip roof	would you like to know how to frame a hip roof	no i just want pictures of one	are you interested in more than one hip roof design	Sure. As many examples as you want to give me	which type of hip roof design are you interested in	I am interested in as many hip roof designs as possible.	Find information on hip roof would you like to know how to frame a hip roof no i just want pictures of one are you interested in more than one hip roof design Sure. As many examples as you want to give me which type of hip roof design are you interested in I am interested in as many hip roof designs as possible.
7.0	258	F0615	Find information on hip roof trusses.	Find information on hip roof	do you want to know where hip roofs are popular	i want to know about the trusses	do you want to know the common features of hip roofs	No.	would you like to see how a hip roof looks like	I would like pictures and more information on the trusses.	Find information on hip roof do you want to know where hip roofs are popular i want to know about the trusses do you want to know the common features of hip roofs No. would you like to see how a hip roof looks like I would like pictures and more information on the trusses.
245.0	258	F0615	Find information on hip roof trusses.	Find information on hip roof	would you like to know how to frame a hip roof	yes more specifically about the trusses though	are you interested in learning how to construct a hip roof	It is like I said before	want to learn about trusses for such a roof	No, I need information hip roof trusses specifically.	Find information on hip roof would you like to know how to frame a hip roof yes more specifically about the trusses though are you interested in learning how to construct a hip roof It is like I said before want to learn about trusses for such a roof No, I need information hip roof trusses specifically.
277.0	258	F0616	I'm looking for engineering drawings of a hip roof.	Find information on hip roof	do you want to know where hip roofs are popular	no i need engineering drawings of a hip roof	do you want to know the common features of hip roofs	I don't know	would you like to see how a hip roof looks like	Yes, I would like to see enineering drawings.	Find information on hip roof do you want to know where hip roofs are popular no i need engineering drawings of a hip roof do you want to know the common features of hip roofs I don't know would you like to see how a hip roof looks like Yes, I would like to see enineering drawings.
442.0	258	F0616	I'm looking for engineering drawings of a hip roof.	Find information on hip roof	would you like to know how to frame a hip roof	i need the engineering drawings for the roof please	are you interested in learning how to construct a hip roof	Can i get the engineering drawings of a hp roof?	do you want to know where hip roofs are popular	No, I want to know about engineering drawings of a hip roof.	Find information on hip roof would you like to know how to frame a hip roof i need the engineering drawings for the roof please are you interested in learning how to construct a hip roof Can i get the engineering drawings of a hp roof? do you want to know where hip roofs are popular No, I want to know about engineering drawings of a hip roof.
149.0	258	F0617	What are the advantages and disadvantages of a hip roof over other roof types?	Find information on hip roof	do you want to know where hip roofs are popular	no i want to know what advantages and disadvantages hip roofs offer	do you want to know the common features of hip roofs	Advantages and Disadvatages of a Hip roof Over other roof types.	would you like to see how a hip roof looks like	No just why it's better or worse than other types.	Find information on hip roof do you want to know where hip roofs are popular no i want to know what advantages and disadvantages hip roofs offer do you want to know the common features of hip roofs Advantages and Disadvatages of a Hip roof Over other roof types. would you like to see how a hip roof looks like No just why it's better or worse than other types.
459.0	258	F0617	What are the advantages and disadvantages of a hip roof over other roof types?	Find information on hip roof	would you like to know how to frame a hip roof	no i would just like to know the advantages and disadvantages	would you like to know the different designs of hip roofs	No, I would like to know why I should use a hip roof.	do you want to know the advantages and disadvantages of hip roofs	Yes, exactly. I want to know the advantages and disadvantages of hip roofs.	Find information on hip roof would you like to know how to frame a hip roof no i would just like to know the advantages and disadvantages would you like to know the different designs of hip roofs No, I would like to know why I should use a hip roof. do you want to know the advantages and disadvantages of hip roofs Yes, exactly. I want to know the advantages and disadvantages of hip roofs.
35.0	259	F0618	How do you identify carpenter bees and how are they different from other bees?	What is special about Carpenter bees?	do you need to know how to get rid of carpenterter bees	no i can tell the difference between a carpenterter bee and other bees	are you interested in the difference between carpenterter bee and other bees	Yes, please give me more information	are you simply seeking general information about carpenterter bees	Yes, I need general information on how carpenterter bees and how they interact with their environment.	What is special about Carpenter bees? do you need to know how to get rid of carpenterter bees no i can tell the difference between a carpenterter bee and other bees are you interested in the difference between carpenterter bee and other bees Yes, please give me more information are you simply seeking general information about carpenterter bees Yes, I need general information on how carpenterter bees and how they interact with their environment.
364.0	259	F0618	How do you identify carpenter bees and how are they different from other bees?	What is special about Carpenter bees?	what kind of sound carpenterter bees make	i don know what kind of sound carpenterter bees make	do you need to know how to get rid of carpenterter bees	I don't know	are you simply seeking general information about carpenterter bees	Not really important.	What is special about Carpenter bees? what kind of sound carpenterter bees make i don know what kind of sound carpenterter bees make do you need to know how to get rid of carpenterter bees I don't know are you simply seeking general information about carpenterter bees Not really important.
240.0	259	F0619	How and where do carpenter bees make their nests?	What is special about Carpenter bees?	what kind of sound carpenterter bees make	i need to know how and where carpenterter bees make their nests	do you need to know how to get rid of carpenterter bees	No. I would just like info on where they make their nests and by what means	are you looking for signs to identify if carpenterter bees are present	No, just how they make their nests and with what.	What is special about Carpenter bees? what kind of sound carpenterter bees make i need to know how and where carpenterter bees make their nests do you need to know how to get rid of carpenterter bees No. I would just like info on where they make their nests and by what means are you looking for signs to identify if carpenterter bees are present No, just how they make their nests and with what.
318.0	259	F0619	How and where do carpenter bees make their nests?	What is special about Carpenter bees?	do you need to know how to get rid of carpenterter bees	no i do not	are you simply seeking general information about carpenterter bees	I want to know about their nests. Where do they make them and by what means?	does carpenterter bee make a nest	I know they make them, but how do they make their nests?	What is special about Carpenter bees? do you need to know how to get rid of carpenterter bees no i do not are you simply seeking general information about carpenterter bees I want to know about their nests. Where do they make them and by what means? does carpenterter bee make a nest I know they make them, but how do they make their nests?
27.0	259	F0620	How does one get rid of carpenter bees?	What is special about Carpenter bees?	do you need to know how to get rid of carpenterter bees	yes i want to know how to get rid of carpenterter bees	what kind of sound carpenterter bees make	I don't know.	is this an emergency	No just what do they sound like?	What is special about Carpenter bees? do you need to know how to get rid of carpenterter bees yes i want to know how to get rid of carpenterter bees what kind of sound carpenterter bees make I don't know. is this an emergency No just what do they sound like?
320.0	259	F0620	How does one get rid of carpenter bees?	What is special about Carpenter bees?	what kind of sound carpenterter bees make	i am not interested in this information	do you need to know how to get rid of carpenterter bees	Find the answer to that question for me	are you looking for signs to identify if carpenterter bees are present	No just how to get rid of them.	What is special about Carpenter bees? what kind of sound carpenterter bees make i am not interested in this information do you need to know how to get rid of carpenterter bees Find the answer to that question for me are you looking for signs to identify if carpenterter bees are present No just how to get rid of them.
134.0	259	F0621	What damage can a carpenter bee do to a home or structure?	What is special about Carpenter bees?	do you need to know how to get rid of carpenterter bees	tell me the extent of structure damage that can be done by a carpenterter bee	are you simply seeking general information about carpenterter bees	No, I want to know how they cause structural damage to buildings.	how harmful are carpenterter bees	Yes to a home or structure.	What is special about Carpenter bees? do you need to know how to get rid of carpenterter bees tell me the extent of structure damage that can be done by a carpenterter bee are you simply seeking general information about carpenterter bees No, I want to know how they cause structural damage to buildings. how harmful are carpenterter bees Yes to a home or structure.
150.0	259	F0621	What damage can a carpenter bee do to a home or structure?	What is special about Carpenter bees?	what kind of sound carpenterter bees make	what kind of damage can they do	do you need to know how to get rid of carpenterter bees	No, I want to know what the worst they can do is	are you looking for signs to identify if carpenterter bees are present	No, I'm just curious as to what is the extent of the damage they can cause.	What is special about Carpenter bees? what kind of sound carpenterter bees make what kind of damage can they do do you need to know how to get rid of carpenterter bees No, I want to know what the worst they can do is are you looking for signs to identify if carpenterter bees are present No, I'm just curious as to what is the extent of the damage they can cause.
191.0	259	F0622	Find a picture of a carpenter bee.	What is special about Carpenter bees?	do you need to know how to get rid of carpenterter bees	no i would like to see pictures of carpenterter bees	what kind of sound carpenterter bees make	No, I just want to see what it looks like	do you want their names	I want a picture of a carpenter bee.	What is special about Carpenter bees? do you need to know how to get rid of carpenterter bees no i would like to see pictures of carpenterter bees what kind of sound carpenterter bees make No, I just want to see what it looks like do you want their names I want a picture of a carpenter bee.
69.0	259	F0623	Do carpenter bees sting?	What is special about Carpenter bees?	what kind of sound carpenterter bees make	id like to know if carpenterter bees sting	do you want to know more about carpenterter bees sting	Yes, I want to know if they sting.	do you need to know how to get rid of carpenterter bees	No, I need to know if Carpenter Bees can sting.	What is special about Carpenter bees? what kind of sound carpenterter bees make id like to know if carpenterter bees sting do you want to know more about carpenterter bees sting Yes, I want to know if they sting. do you need to know how to get rid of carpenterter bees No, I need to know if Carpenter Bees can sting.
129.0	259	F0623	Do carpenter bees sting?	What is special about Carpenter bees?	do you need to know how to get rid of carpenterter bees	no i am curious if carpenterter bees will sting	are you simply seeking general information about carpenterter bees	No.	did you find them	Yes and now I would like to know if they sting humans or animals.	What is special about Carpenter bees? do you need to know how to get rid of carpenterter bees no i am curious if carpenterter bees will sting are you simply seeking general information about carpenterter bees No. did you find them Yes and now I would like to know if they sting humans or animals.
	26	F0624	What causes the heart to beat faster or slower?	How can I lower my heart rate?	would you like to know about normal heart rate	yes and also what causes it to increase and decrease	would you like to know what effects hart beat rate	yes	would you like to know why its important to lower your heart rate	yes	How can I lower my heart rate? would you like to know about normal heart rate yes and also what causes it to increase and decrease would you like to know what effects hart beat rate yes would you like to know why its important to lower your heart rate yes
	26	F0625	What is a normal heart rate when a person is resting?	How can I lower my heart rate?	would you like to find exercises to lower your heart rate	yes	would you like to know about normal heart rate	yes			How can I lower my heart rate? would you like to find exercises to lower your heart rate yes would you like to know about normal heart rate yes
	26	F0626	How can I lower my heart rate?	How can I lower my heart rate?	would you like to find exercises to lower your heart rate	yes i would like to have this information	would you like to find foods that will lower your heart rate	yes but also please include other things such as exercises vitamins etc	would you like to know about normal heart rate	yes	How can I lower my heart rate? would you like to find exercises to lower your heart rate yes i would like to have this information would you like to find foods that will lower your heart rate yes but also please include other things such as exercises vitamins etc would you like to know about normal heart rate yes
363.0	260	F0628	Find a list of the major battles of the American Revolution.	tell me more about the american revolutionary	what revolutionary general would you like to know about	none i need a list of the major battles of the american revolution	are you looking for revolutionary war videos	No, just a list	which viewpoint of the american revolutionary are you interested in	I want the major battles fought during that war.	tell me more about the american revolutionary what revolutionary general would you like to know about none i need a list of the major battles of the american revolution are you looking for revolutionary war videos No, just a list which viewpoint of the american revolutionary are you interested in I want the major battles fought during that war.
485.0	260	F0628	Find a list of the major battles of the American Revolution.	tell me more about the american revolutionary	would you like me to tell you why the american revolution began	no please give me a list of major battles from the american revolution	do you want the american revolutionary war a specific person or a specific army	I want to know about the biggest battles	are you asking about the revolutionary war	Yes and the major battles fought in it.	tell me more about the american revolutionary would you like me to tell you why the american revolution began no please give me a list of major battles from the american revolution do you want the american revolutionary war a specific person or a specific army I want to know about the biggest battles are you asking about the revolutionary war Yes and the major battles fought in it.
221.0	260	F0629	Find a time line of the American Revolution.	tell me more about the american revolutionary	would you like me to tell you why the american revolution began	i would just like to know the years of the american revolution	would you like to know who fought in the american revolution	Yes, I would like all the information presented in a timeline format.	would you like to know the years of the american revolution	Yes, but I want it in a timeline format.	tell me more about the american revolutionary would you like me to tell you why the american revolution began i would just like to know the years of the american revolution would you like to know who fought in the american revolution Yes, I would like all the information presented in a timeline format. would you like to know the years of the american revolution Yes, but I want it in a timeline format.
362.0	260	F0629	Find a time line of the American Revolution.	tell me more about the american revolutionary	what revolutionary general would you like to know about	i want to know about the timing of events of the american revolution not specific generals	do you want the american revolutionary war a specific person or a specific army	I want to know a general timeline of important events from the american revolutionary war.	are you looking for revolutionary war videos	No, I just want the timeline.	tell me more about the american revolutionary what revolutionary general would you like to know about i want to know about the timing of events of the american revolution not specific generals do you want the american revolutionary war a specific person or a specific army I want to know a general timeline of important events from the american revolutionary war. are you looking for revolutionary war videos No, I just want the timeline.
202.0	260	F0630	Find images of the American Revolution.	tell me more about the american revolutionary	would you like me to tell you why the american revolution began	no id like to find images of the american revolution	would you like to know who fought in the american revolution	No I just need to see pics of the American Revolution	would you like to know the causes of the revolution	No, I would like to see pictures of the American revolution.	tell me more about the american revolutionary would you like me to tell you why the american revolution began no id like to find images of the american revolution would you like to know who fought in the american revolution No I just need to see pics of the American Revolution would you like to know the causes of the revolution No, I would like to see pictures of the American revolution.
494.0	260	F0630	Find images of the American Revolution.	tell me more about the american revolutionary	what revolutionary general would you like to know about	this isnt related to my search	which viewpoint of the american revolutionary are you interested in	It doesn't matter, as long as you give me pics	do you want the american revolutionary war a specific person or a specific army	No, I just want pictures portraying the American Revolution - people or places.	tell me more about the american revolutionary what revolutionary general would you like to know about this isnt related to my search which viewpoint of the american revolutionary are you interested in It doesn't matter, as long as you give me pics do you want the american revolutionary war a specific person or a specific army No, I just want pictures portraying the American Revolution - people or places.
70.0	260	F0631	What were the causes of the American revolutionary war?	tell me more about the american revolutionary	what revolutionary general would you like to know about	not the general the causes of the war	which viewpoint of the american revolutionary are you interested in	The historically deduced causes post war.	do you want the american revolutionary war a specific person or a specific army	No, I would like to know what caused the American Revolutionary War to begin.	tell me more about the american revolutionary what revolutionary general would you like to know about not the general the causes of the war which viewpoint of the american revolutionary are you interested in The historically deduced causes post war. do you want the american revolutionary war a specific person or a specific army No, I would like to know what caused the American Revolutionary War to begin.
77.0	260	F0631	What were the causes of the American revolutionary war?	tell me more about the american revolutionary	would you like me to tell you why the american revolution began	yes	would you like to know who fought in the american revolution	No, I want to find out why the American Revolution happened.	do you want the american revolutionary war a specific person or a specific army	I just want the causes of it.	tell me more about the american revolutionary would you like me to tell you why the american revolution began yes would you like to know who fought in the american revolution No, I want to find out why the American Revolution happened. do you want the american revolutionary war a specific person or a specific army I just want the causes of it.
381.0	260	F0632	What is the history of the American revolutionary war?	tell me more about the american revolutionary	what revolutionary general would you like to know about	i would like to know the history of the american revolutionary war	are you looking for revolutionary war videos	Just like I said before	do you want the american revolutionary war a specific person or a specific army	No, I want the history of the entire war - not just a specific person or army, but the entire conflict.	tell me more about the american revolutionary what revolutionary general would you like to know about i would like to know the history of the american revolutionary war are you looking for revolutionary war videos Just like I said before do you want the american revolutionary war a specific person or a specific army No, I want the history of the entire war - not just a specific person or army, but the entire conflict.
421.0	260	F0632	What is the history of the American revolutionary war?	tell me more about the american revolutionary	would you like me to tell you why the american revolution began	yes and i would also like the entire history of the war	would you like to know the years of the american revolution	Yes, and what happened during those years.	did you mean the american revolution	yes	tell me more about the american revolutionary would you like me to tell you why the american revolution began yes and i would also like the entire history of the war would you like to know the years of the american revolution Yes, and what happened during those years. did you mean the american revolution yes
	261	F0633	What folk remedies are there for soothing a sore throat?	Tell me about folk remedies for a sore throat.	do you want to learn about home health care when you have a sore throat	yes i want to know what i can use at home to help my sore throat	are you interested in making your own medicine to cure a sore throat	yes	are you interested in remedies that are proven effective for treating a sore throat	yes specifically folk remedies for soothing a sore throat	Tell me about folk remedies for a sore throat. do you want to learn about home health care when you have a sore throat yes i want to know what i can use at home to help my sore throat are you interested in making your own medicine to cure a sore throat yes are you interested in remedies that are proven effective for treating a sore throat yes specifically folk remedies for soothing a sore throat
	262	F0634	Find cures for baldness (other than hair replacement, hair transplants, or wigs).	Find more information about baldness cure	would you like to know the latest news about balding cures	yes please find this information	would you like to see a reddit page on possible balding cures	yes that would be helpful	are you interested in a natural balding cure	yes im interested in a natural balding cure	Find more information about baldness cure would you like to know the latest news about balding cures yes please find this information would you like to see a reddit page on possible balding cures yes that would be helpful are you interested in a natural balding cure yes im interested in a natural balding cure
	263	F0635	What are the current scientific theories of and data on evolution?	tell me about evidence for evolution	are you looking for evidence of the current accepted theory of evolution	yes	are you looking for scientific evidence	yes			tell me about evidence for evolution are you looking for evidence of the current accepted theory of evolution yes are you looking for scientific evidence yes
	264	F0636	Find information about Indian tribes that lived in the area that is now Alabama.	Give me information about tribe formerly living in alabama	are you interested in where in alabama indian tribes lived	yes and i would like a list of the tribes and all the information you can find about them	are you referring to an indian tribe	yes one that lived in the alabama area			Give me information about tribe formerly living in alabama are you interested in where in alabama indian tribes lived yes and i would like a list of the tribes and all the information you can find about them are you referring to an indian tribe yes one that lived in the alabama area
5.0	265	F0637	What were the ten worst tornadoes in the USA?	What were the worst tornadoes in the USA?	are you wondering where tornadoes are more likely	I don't understand your question.	are you interested in other categories of tornadoes	I don't understand your question	are there any specific media type on your mind shall i play a video of tornadoes	No, I would like to have a list of the top ten f5	What were the worst tornadoes in the USA? are you wondering where tornadoes are more likely I don't understand your question. are you interested in other categories of tornadoes I don't understand your question are there any specific media type on your mind shall i play a video of tornadoes No, I would like to have a list of the top ten f5
293.0	265	F0637	What were the ten worst tornadoes in the USA?	What were the worst tornadoes in the USA?	which tornados were the most devastating	tri state tornado is the most devastating tornado in the united state	are you interested in tornado disasters	Yes, tell me about the 10 worst ones in the US	are you interested in how tornadoes are formed	No, I just want to know which are the 10 worst tornadoes in the USA of all time.	What were the worst tornadoes in the USA? which tornados were the most devastating tri state tornado is the most devastating tornado in the united state are you interested in tornado disasters Yes, tell me about the 10 worst ones in the US are you interested in how tornadoes are formed No, I just want to know which are the 10 worst tornadoes in the USA of all time.
24.0	265	F0638	Where is tornado alley?	What were the worst tornadoes in the USA?	which tornados were the most devastating	i am not interested in this information	are you interested in tornado disasters	No.	would like to know about where f5 tornadoes have struck	No, I would like to know where tornado alley is.	What were the worst tornadoes in the USA? which tornados were the most devastating i am not interested in this information are you interested in tornado disasters No. would like to know about where f5 tornadoes have struck No, I would like to know where tornado alley is.
271.0	265	F0638	Where is tornado alley?	What were the worst tornadoes in the USA?	are you wondering where tornadoes are more likely	I don't understand your question.	are you interested in other categories of tornadoes	"No, I need to know where ""tornado alley"" is"	are there any specific media type on your mind shall i play a video of tornadoes	No, I would like you to show me where tornado alley is.	"What were the worst tornadoes in the USA? are you wondering where tornadoes are more likely I don't understand your question. are you interested in other categories of tornadoes No, I need to know where ""tornado alley"" is are there any specific media type on your mind shall i play a video of tornadoes No, I would like you to show me where tornado alley is."
108.0	265	F0639	What damage can an F5 tornado do?	What were the worst tornadoes in the USA?	are you wondering where tornadoes are more likely	I don't understand your question.	are you interested in other categories of tornadoes	I want to learn more about F5 tornados	are there any specific media type on your mind shall i play a video of tornadoes	No, I want like to see reports on the amount of damage that F5 tornados can do.	What were the worst tornadoes in the USA? are you wondering where tornadoes are more likely I don't understand your question. are you interested in other categories of tornadoes I want to learn more about F5 tornados are there any specific media type on your mind shall i play a video of tornadoes No, I want like to see reports on the amount of damage that F5 tornados can do.
128.0	265	F0639	What damage can an F5 tornado do?	What were the worst tornadoes in the USA?	which tornados were the most devastating	no i would like to know the kind of damage and f5 tornado can cause	would like to know about where f5 tornadoes have struck	no, but I'd like to know what the extent of damage that f5 tornadoes can do	how many victims f5 tornado caused	No, I just want to know about the damage a F5 tornado is capable of.	What were the worst tornadoes in the USA? which tornados were the most devastating no i would like to know the kind of damage and f5 tornado can cause would like to know about where f5 tornadoes have struck no, but I'd like to know what the extent of damage that f5 tornadoes can do how many victims f5 tornado caused No, I just want to know about the damage a F5 tornado is capable of.
251.0	265	F0640	Find information on tornado shelters.	What were the worst tornadoes in the USA?	are you wondering where tornadoes are more likely	I don't understand your question.	are you interested in other categories of tornadoes	No, I'd like some information about tornado shelters.	are there any specific media type on your mind shall i play a video of tornadoes	No, I would like to know info on tornado shelters.	What were the worst tornadoes in the USA? are you wondering where tornadoes are more likely I don't understand your question. are you interested in other categories of tornadoes No, I'd like some information about tornado shelters. are there any specific media type on your mind shall i play a video of tornadoes No, I would like to know info on tornado shelters.
486.0	265	F0640	Find information on tornado shelters.	What were the worst tornadoes in the USA?	which tornados were the most devastating	i just need information on tornado shelters	are you interested in tornado disasters	No, I need to know about how to shelter myself from them	would like to know about where f5 tornadoes have struck	No, I want to know about tornado shelters.	What were the worst tornadoes in the USA? which tornados were the most devastating i just need information on tornado shelters are you interested in tornado disasters No, I need to know about how to shelter myself from them would like to know about where f5 tornadoes have struck No, I want to know about tornado shelters.
321.0	265	F0641	What wind speed defines an F5 tornado?	What were the worst tornadoes in the USA?	which tornados were the most devastating	no i need general information about the wind speed that defines an f5 tornado	would like to know about where f5 tornadoes have struck	no the wind speed only	how many victims f5 tornado caused	I am unsure	What were the worst tornadoes in the USA? which tornados were the most devastating no i need general information about the wind speed that defines an f5 tornado would like to know about where f5 tornadoes have struck no the wind speed only how many victims f5 tornado caused I am unsure
347.0	265	F0641	What wind speed defines an F5 tornado?	What were the worst tornadoes in the USA?	are you wondering where tornadoes are more likely	I don't understand your question.	are you interested in other categories of tornadoes	Yes, what constitures an F5 tornado?	are there any specific media type on your mind shall i play a video of tornadoes	No	What were the worst tornadoes in the USA? are you wondering where tornadoes are more likely I don't understand your question. are you interested in other categories of tornadoes Yes, what constitures an F5 tornado? are there any specific media type on your mind shall i play a video of tornadoes No
115.0	267	F0643	What are the lyrics to the song Feliz Navidad?	What are the lyrics to feliz navidad?	do you want to hear the songs while you read the lyrics	I don't understand your question.	are you looking for lyrics from the songs from the music man	"No. I just need to know the words to ""Feliz Navidad"""	do you want the lyrics to the whole song	Yes please.	"What are the lyrics to feliz navidad? do you want to hear the songs while you read the lyrics I don't understand your question. are you looking for lyrics from the songs from the music man No. I just need to know the words to ""Feliz Navidad"" do you want the lyrics to the whole song Yes please."
401.0	267	F0643	What are the lyrics to the song Feliz Navidad?	What are the lyrics to feliz navidad?	are you looking for a translation of the lyrics	no im looking for the actual lyrics	do you want the lyrics on paper or on video	It would be fine to get the lyrics either way - on paper or video.	do you want the text or a video	I would like a text or video of the lyrics	What are the lyrics to feliz navidad? are you looking for a translation of the lyrics no im looking for the actual lyrics do you want the lyrics on paper or on video It would be fine to get the lyrics either way - on paper or video. do you want the text or a video I would like a text or video of the lyrics
61.0	268	F0644	How is running beneficial to the health of the human body?	What are the benefits of running?	are you wanting to know benefits of running vs walking	i want to know the health benefits	are you planning to run or exercise	Run.	which types of benefits are you interested in with regard to running	Any benefits that you can find would be helpful.	What are the benefits of running? are you wanting to know benefits of running vs walking i want to know the health benefits are you planning to run or exercise Run. which types of benefits are you interested in with regard to running Any benefits that you can find would be helpful.
329.0	268	F0644	How is running beneficial to the health of the human body?	What are the benefits of running?	would you like to see resources for retirement investing	I don't understand your question.	would you like to find retirement financial advisors	What are the physical benefits of running as exercise.	would you like to know more about a 403b retirement account	No, this is not what I want to know about.	What are the benefits of running? would you like to see resources for retirement investing I don't understand your question. would you like to find retirement financial advisors What are the physical benefits of running as exercise. would you like to know more about a 403b retirement account No, this is not what I want to know about.
396.0	269	F0645	Find information about Marshall County Schools in West Virginia.	Find information about marshall county schools.	which state would you like to find out about in regards to marshall county schools	west virginia	what state are you searching for marshall county schools	In West Virginia, in Marshall County.	would like to know a list of marshall county schools in your state	No, only in West Virginia.	Find information about marshall county schools. which state would you like to find out about in regards to marshall county schools west virginia what state are you searching for marshall county schools In West Virginia, in Marshall County. would like to know a list of marshall county schools in your state No, only in West Virginia.
484.0	269	F0645	Find information about Marshall County Schools in West Virginia.	Find information about marshall county schools.	which state would you like to find out about in regards to marshall county schools	west virginia	what state are you searching for marshall county schools	In West Virginia, in Marshall County.	would like to know a list of marshall county schools in your state	Yes and info about them.	Find information about marshall county schools. which state would you like to find out about in regards to marshall county schools west virginia what state are you searching for marshall county schools In West Virginia, in Marshall County. would like to know a list of marshall county schools in your state Yes and info about them.
75.0	269	F0646	Find the Marshall County Schools in Kentucky school calendar	Find information about marshall county schools.	would like to know a list of marshall county schools in your state	i am looking for the school calendar for marshall county schools in the state of kentucky	what state are you searching for marshall county schools	Kentucky.	are you looking for events	yes in calender format please	Find information about marshall county schools. would like to know a list of marshall county schools in your state i am looking for the school calendar for marshall county schools in the state of kentucky what state are you searching for marshall county schools Kentucky. are you looking for events yes in calender format please
248.0	269	F0646	Find the Marshall County Schools in Kentucky school calendar	Find information about marshall county schools.	which state would you like to find out about in regards to marshall county schools	kentucky	would like to know a list of marshall county schools in your state	I want to see a copy of the school calendar for that county	what state are you searching for marshall county schools	The state is Kentucky, like I said earlier.	Find information about marshall county schools. which state would you like to find out about in regards to marshall county schools kentucky would like to know a list of marshall county schools in your state I want to see a copy of the school calendar for that county what state are you searching for marshall county schools The state is Kentucky, like I said earlier.
	27	F0647	Take me to the Starbucks homepage.	Tell me about Starbucks.	would you like specific information about starbucks	yes specifically the i want the starbucks homepage					Tell me about Starbucks. would you like specific information about starbucks yes specifically the i want the starbucks homepage
	27	F0648	What is the balance on my Starbucks gift card?	Tell me about Starbucks.	are you looking for specific information about starbucks gift cards	yes i am specifically looking for the balance on on the card					Tell me about Starbucks. are you looking for specific information about starbucks gift cards yes i am specifically looking for the balance on on the card
	27	F0649	Find calorie counts and other nutritional information about Starbucks products.	Tell me about Starbucks.	are you interested in a specific nutritional information	yes the nutritional information about starbucks products					Tell me about Starbucks. are you interested in a specific nutritional information yes the nutritional information about starbucks products
	27	F0650	Find recipes from Starbucks, either for making or using Starbucks products.	Tell me about Starbucks.	are you looking for a recipe	yes from starbucks					Tell me about Starbucks. are you looking for a recipe yes from starbucks
	27	F0651	I'm looking for locations of Starbucks stores worldwide.	Tell me about Starbucks.	would you like specific information about starbucks	yes i am looking fro starbucks locations worldwide					Tell me about Starbucks. would you like specific information about starbucks yes i am looking fro starbucks locations worldwide
135.0	270	F0652	Find quotes from Sun Tzu.	I'm interested in sun tzu	would like to know the story behind sun tzu	no i would like to see sun tzu quotes	would you like to see quotes by sun tzu	Yes	are you interested in books written about sun tzu	yes very much interested.	I'm interested in sun tzu would like to know the story behind sun tzu no i would like to see sun tzu quotes would you like to see quotes by sun tzu Yes are you interested in books written about sun tzu yes very much interested.
168.0	270	F0652	Find quotes from Sun Tzu.	I'm interested in sun tzu	would like to know the story behind sun tzu	no i would like to see sun tzu quotes	would you like to see quotes by sun tzu	Yes	are you interested in books written about sun tzu	No, I just want the quotes.	I'm interested in sun tzu would like to know the story behind sun tzu no i would like to see sun tzu quotes would you like to see quotes by sun tzu Yes are you interested in books written about sun tzu No, I just want the quotes.
114.0	270	F0653	"Find commentary on Sun Tzu's ""The Art of War""."	I'm interested in sun tzu	are you interested in books written about sun tzu	i need to find commentary on the art of war	are you interested in learning more about sun tzus art of war	Yes.	would you like to known tzus philosophies on war	Yes, that would be helpful.	I'm interested in sun tzu are you interested in books written about sun tzu i need to find commentary on the art of war are you interested in learning more about sun tzus art of war Yes. would you like to known tzus philosophies on war Yes, that would be helpful.
316.0	270	F0654	"How does Sun Tzu's ""The Art of War"" apply to business?"	I'm interested in sun tzu	are you interested in books written about sun tzu	no i want to know how to use sun tzus book the art of war in modern business	are you interested in learning more about sun tzus art of war	Yes but in regards to business	would you like to buy the book the art of war	No, I just want to know how its principles might be applied to business.	I'm interested in sun tzu are you interested in books written about sun tzu no i want to know how to use sun tzus book the art of war in modern business are you interested in learning more about sun tzus art of war Yes but in regards to business would you like to buy the book the art of war No, I just want to know how its principles might be applied to business.
482.0	270	F0654	"How does Sun Tzu's ""The Art of War"" apply to business?"	I'm interested in sun tzu	would like to know the story behind sun tzu	i would specifically like to know how his book the art of war can be used in a business setting	are you interested in books written about sun tzu	Yes	would you like to see quotes by sun tzu	Yes, I would like to see quotes in regard to business.	I'm interested in sun tzu would like to know the story behind sun tzu i would specifically like to know how his book the art of war can be used in a business setting are you interested in books written about sun tzu Yes would you like to see quotes by sun tzu Yes, I would like to see quotes in regard to business.
86.0	270	F0655	Find comparisons of Sun Tzu and Machiavelli.	I'm interested in sun tzu	would like to know the story behind sun tzu	no i want a comparison of him to machiavelli	are you more interested in how to apply sun tzu philosophy to a business	No.	are you interested in books written about sun tzu	yes and how much is the books written about sun tzu?	I'm interested in sun tzu would like to know the story behind sun tzu no i want a comparison of him to machiavelli are you more interested in how to apply sun tzu philosophy to a business No. are you interested in books written about sun tzu yes and how much is the books written about sun tzu?
422.0	270	F0655	Find comparisons of Sun Tzu and Machiavelli.	I'm interested in sun tzu	are you interested in books written about sun tzu	i want to know the comparison between sun tzu and machiavelli	would like to know the story behind sun tzu	Yes as I said before	are you interested in learning more about sun tzus art of war	No, I want to know about how Sun Tzu compares to Machiavelli.	I'm interested in sun tzu are you interested in books written about sun tzu i want to know the comparison between sun tzu and machiavelli would like to know the story behind sun tzu Yes as I said before are you interested in learning more about sun tzus art of war No, I want to know about how Sun Tzu compares to Machiavelli.
282.0	270	F0656	What are examples of the philosophy of Sun Tzu?	I'm interested in sun tzu	are you interested in books written about sun tzu	im interested in learning about some reallife examples of how to apply sun tzus philosophy	would like to know the story behind sun tzu	Yes, I would like to know everything about sun tzu's background	want to see some examples of his philosophy	Yes, that would be perfect.	I'm interested in sun tzu are you interested in books written about sun tzu im interested in learning about some reallife examples of how to apply sun tzus philosophy would like to know the story behind sun tzu Yes, I would like to know everything about sun tzu's background want to see some examples of his philosophy Yes, that would be perfect.
483.0	270	F0656	What are examples of the philosophy of Sun Tzu?	I'm interested in sun tzu	would like to know the story behind sun tzu	no i would like to know some of the ideas of sun tzu and his personal philosophies	are you interested in books written about sun tzu	No I need to know what Sun Tzu said in regards to how he saw the world	are you more interested in how to apply sun tzu philosophy to a business	No, I would like examples of Sun Tzu's philosophy in general.	I'm interested in sun tzu would like to know the story behind sun tzu no i would like to know some of the ideas of sun tzu and his personal philosophies are you interested in books written about sun tzu No I need to know what Sun Tzu said in regards to how he saw the world are you more interested in how to apply sun tzu philosophy to a business No, I would like examples of Sun Tzu's philosophy in general.
440.0	271	F0657	What activities are good for middle-school-aged children to celebrate Halloween?	Tell me about halloween activities for middle school	are you looking for indoor or outdoor halloween activities for middle school	i don know	would you like to see fun halloween science activities for middle school	Yes I would	are you interested in middle school halloween activities worksheets	yes	Tell me about halloween activities for middle school are you looking for indoor or outdoor halloween activities for middle school i don know would you like to see fun halloween science activities for middle school Yes I would are you interested in middle school halloween activities worksheets yes
448.0	271	F0657	What activities are good for middle-school-aged children to celebrate Halloween?	Tell me about halloween activities for middle school	are you looking for foodie halloween activities for middle school	yes and other activities that middle aged children can do	what kind of school subject are you interested in making the halloween activities for	I don't know.	are you interested in middle school halloween activities worksheets	yes.	Tell me about halloween activities for middle school are you looking for foodie halloween activities for middle school yes and other activities that middle aged children can do what kind of school subject are you interested in making the halloween activities for I don't know. are you interested in middle school halloween activities worksheets yes.
8.0	272	F0658	Find data on how to generally interpret dreams.	How can I interpret my dreams	do you want to know common ways to explain dreams	i am interested in information about interpreting dreams	do you want to know what dreams mean	Yes, I want to know what they mean in general.	are you interested in a book about dream interpretations	Yes, that might be helpful.	How can I interpret my dreams do you want to know common ways to explain dreams i am interested in information about interpreting dreams do you want to know what dreams mean Yes, I want to know what they mean in general. are you interested in a book about dream interpretations Yes, that might be helpful.
490.0	272	F0658	Find data on how to generally interpret dreams.	How can I interpret my dreams	do you want to know common ways to explain dreams	i am interested in information about interpreting dreams	do you want to know what dreams mean	Yes, I want to know what they mean in general.	do you what to know about interpretation of decease in dreams	No, I just want to know about general dream interpretation.	How can I interpret my dreams do you want to know common ways to explain dreams i am interested in information about interpreting dreams do you want to know what dreams mean Yes, I want to know what they mean in general. do you what to know about interpretation of decease in dreams No, I just want to know about general dream interpretation.
263.0	272	F0659	What do dreams about flying mean?	How can I interpret my dreams	do you want to know common ways to explain dreams	yes as long as i can focus in on flying in dreams	do you want to know what dreams mean	Dreams about flying is  what I am most interested in interpreting.	do you what to know about interpretation of decease in dreams	No, that is not something I am interested in.	How can I interpret my dreams do you want to know common ways to explain dreams yes as long as i can focus in on flying in dreams do you want to know what dreams mean Dreams about flying is  what I am most interested in interpreting. do you what to know about interpretation of decease in dreams No, that is not something I am interested in.
443.0	272	F0659	What do dreams about flying mean?	How can I interpret my dreams	do you want to know common ways to explain dreams	yes as long as i can focus in on flying in dreams	do you want to know what dreams mean	Dreams about flying is  what I am most interested in interpreting.	would you like an app on dreams interpretation	No, I just want information on dreams about flying and their meaning.	How can I interpret my dreams do you want to know common ways to explain dreams yes as long as i can focus in on flying in dreams do you want to know what dreams mean Dreams about flying is  what I am most interested in interpreting. would you like an app on dreams interpretation No, I just want information on dreams about flying and their meaning.
88.0	272	F0660	What do dreams about water mean?	How can I interpret my dreams	would you like an app on dreams interpretation	no i want to know what dreams about water mean	are you interested in dreams interpretations dealing with water	Yes.	do you want to know what dreams mean	I only want to know what dreams about water mean.	How can I interpret my dreams would you like an app on dreams interpretation no i want to know what dreams about water mean are you interested in dreams interpretations dealing with water Yes. do you want to know what dreams mean I only want to know what dreams about water mean.
308.0	272	F0661	What do dreams about teeth mean?	How can I interpret my dreams	do you want to know common ways to explain dreams	no i want to know what dreams about teeth mean	do you want to know what dreams mean	Yes but I need to know about ones regarding teeth.	do you what to know about interpretation of decease in dreams	No, just about dreams that have teeth in them.	How can I interpret my dreams do you want to know common ways to explain dreams no i want to know what dreams about teeth mean do you want to know what dreams mean Yes but I need to know about ones regarding teeth. do you what to know about interpretation of decease in dreams No, just about dreams that have teeth in them.
351.0	272	F0661	What do dreams about teeth mean?	How can I interpret my dreams	would you like an app on dreams interpretation	no im looking for the explanation to dreams about teeth directly	do you want information about dreams interpretations about teeth falling out	I am not sure about the details.	are you interested in a book about dream interpretations	If I have dreams about teeth, what could that signify?	How can I interpret my dreams would you like an app on dreams interpretation no im looking for the explanation to dreams about teeth directly do you want information about dreams interpretations about teeth falling out I am not sure about the details. are you interested in a book about dream interpretations If I have dreams about teeth, what could that signify?
475.0	272	F0662	What do dreams about spiders mean?	How can I interpret my dreams	do you want to know common ways to explain dreams	no id like to know what dreams about spiders mean	do you want to know what dreams mean	Yes but ones about creepy icky spiders!	would you like an app on dreams interpretation	Yes, I would like to knwo what dreams on spiders mean.	How can I interpret my dreams do you want to know common ways to explain dreams no id like to know what dreams about spiders mean do you want to know what dreams mean Yes but ones about creepy icky spiders! would you like an app on dreams interpretation Yes, I would like to knwo what dreams on spiders mean.
154.0	272	F0663	What do dreams about being chased mean?	How can I interpret my dreams	do you want to know common ways to explain dreams	no i want to know about being chased in your dreams	do you want to know what dreams mean	Specifically I need to know the interpretation of being chased	would you like an app on dreams interpretation	No just what being chased in a dream means.	How can I interpret my dreams do you want to know common ways to explain dreams no i want to know about being chased in your dreams do you want to know what dreams mean Specifically I need to know the interpretation of being chased would you like an app on dreams interpretation No just what being chased in a dream means.
497.0	272	F0663	What do dreams about being chased mean?	How can I interpret my dreams	do you want to know common ways to explain dreams	no i want to know about being chased in your dreams	do you want to know what dreams mean	Specifically I need to know the interpretation of being chased	do you what to know about interpretation of decease in dreams	No interpretation of being chased.	How can I interpret my dreams do you want to know common ways to explain dreams no i want to know about being chased in your dreams do you want to know what dreams mean Specifically I need to know the interpretation of being chased do you what to know about interpretation of decease in dreams No interpretation of being chased.
100.0	272	F0664	What do dreams about death mean?	How can I interpret my dreams	do you want to know common ways to explain dreams	i would like to specifically know what death dreams mean	do you want to know what dreams mean	Yes	do you what to know about interpretation of decease in dreams	No, I specifically would like to know about what death means when it's in a dream.	How can I interpret my dreams do you want to know common ways to explain dreams i would like to specifically know what death dreams mean do you want to know what dreams mean Yes do you what to know about interpretation of decease in dreams No, I specifically would like to know about what death means when it's in a dream.
458.0	272	F0664	What do dreams about death mean?	How can I interpret my dreams	would you like an app on dreams interpretation	that could be helpful i want to know what dreams about death mean	do you what to know about interpretation of decease in dreams	yes, that's right	do you want to know what dreams mean	I just want to know what dreams about death mean.	How can I interpret my dreams would you like an app on dreams interpretation that could be helpful i want to know what dreams about death mean do you what to know about interpretation of decease in dreams yes, that's right do you want to know what dreams mean I just want to know what dreams about death mean.
243.0	273	F0665	Find Wilson (Wilson's) Disease Association web site.	Give me information on wilson's disease.	do you want information on the treatment of wilsons disease	i want to know about wilsons disease association website	would you like to know about potential cures for wilsons disease	No, I just need the website for The Wilson's Disease Association	what do you need to know about wilsons disease	I want to know the website for the disease.	Give me information on wilson's disease. do you want information on the treatment of wilsons disease i want to know about wilsons disease association website would you like to know about potential cures for wilsons disease No, I just need the website for The Wilson's Disease Association what do you need to know about wilsons disease I want to know the website for the disease.
392.0	273	F0665	Find Wilson (Wilson's) Disease Association web site.	Give me information on wilson's disease.	are you interested in description of the disease	I don't understand your question.	would you like to hear about treatments for this disease	No, I want the association's website.		I need the website on Wilson's disease Association	Give me information on wilson's disease. are you interested in description of the disease I don't understand your question. would you like to hear about treatments for this disease No, I want the association's website.
269.0	273	F0666	What are the symptoms of Wilson's disease?	Give me information on wilson's disease.	are you interested in description of the disease	I don't understand your question.	would you like to hear about treatments for this disease	No, I want to know the main symptoms of Wilson's disease.	are you looking for the symptoms of this disease	Yes I am.	Give me information on wilson's disease. are you interested in description of the disease I don't understand your question. would you like to hear about treatments for this disease No, I want to know the main symptoms of Wilson's disease. are you looking for the symptoms of this disease Yes I am.
309.0	273	F0666	What are the symptoms of Wilson's disease?	Give me information on wilson's disease.	do you want information on the treatment of wilsons disease	no i need information on the symptoms	what can i tell you about wilsons disease	Just let me know the signs of it	do you want to know the symptoms of wilsons disease	Yes, I do.	Give me information on wilson's disease. do you want information on the treatment of wilsons disease no i need information on the symptoms what can i tell you about wilsons disease Just let me know the signs of it do you want to know the symptoms of wilsons disease Yes, I do.
217.0	273	F0667	What is the relationship between Wilson's disease and zinc?	Give me information on wilson's disease.	do you want information on the treatment of wilsons disease	no i want to know how wilsons disease is related to zinc	would you like to know about potential cures for wilsons disease	No, I  asked how zinc is related to it.	what do you need to know about wilsons disease	What connection there is between it and zinc.	Give me information on wilson's disease. do you want information on the treatment of wilsons disease no i want to know how wilsons disease is related to zinc would you like to know about potential cures for wilsons disease No, I  asked how zinc is related to it. what do you need to know about wilsons disease What connection there is between it and zinc.
241.0	273	F0667	What is the relationship between Wilson's disease and zinc?	Give me information on wilson's disease.	are you interested in description of the disease	I don't understand your question.	would you like to hear about treatments for this disease	I don't know	are you looking for the symptoms of this disease	I would like to know how the disease connects to zinc.	Give me information on wilson's disease. are you interested in description of the disease I don't understand your question. would you like to hear about treatments for this disease I don't know are you looking for the symptoms of this disease I would like to know how the disease connects to zinc.
296.0	273	F0668	What diet should a person with Wilson's disease follow?	Give me information on wilson's disease.	are you interested in description of the disease	I don't understand your question.	would you like to hear about treatments for this disease	I want to know about diets for the disease	are you looking for the symptoms of this disease	No. I need to know the required diet for someone with the disease.	Give me information on wilson's disease. are you interested in description of the disease I don't understand your question. would you like to hear about treatments for this disease I want to know about diets for the disease are you looking for the symptoms of this disease No. I need to know the required diet for someone with the disease.
454.0	273	F0668	What diet should a person with Wilson's disease follow?	Give me information on wilson's disease.	do you want information on the treatment of wilsons disease	no	would you like to know about potential cures for wilsons disease	I want to what diet is best for it.	would you like to know the typical treatment for wilsons disease	No, I want to know about what is the best diet to follow when you have Wilson's disease.	Give me information on wilson's disease. do you want information on the treatment of wilsons disease no would you like to know about potential cures for wilsons disease I want to what diet is best for it. would you like to know the typical treatment for wilsons disease No, I want to know about what is the best diet to follow when you have Wilson's disease.
292.0	273	F0669	Find pictures of the Kayser-Fleischer ring that is a sign of Wilson's disease.	Give me information on wilson's disease.	do you want information on the treatment of wilsons disease	no	would you like to know about potential cures for wilsons disease	I want to see pictures of the Kayser-Fleischer ring that is a sign of Wilson Disease.	what would you like to know about wilsons disease	I need a picture of the Kayser-Fleischer ring, like I said earlier.	Give me information on wilson's disease. do you want information on the treatment of wilsons disease no would you like to know about potential cures for wilsons disease I want to see pictures of the Kayser-Fleischer ring that is a sign of Wilson Disease. what would you like to know about wilsons disease I need a picture of the Kayser-Fleischer ring, like I said earlier.
406.0	273	F0669	Find pictures of the Kayser-Fleischer ring that is a sign of Wilson's disease.	Give me information on wilson's disease.	are you interested in description of the disease	I don't understand your question.	would you like to hear about treatments for this disease	No, I  want you to show me pictures of the Kayser-Fleischer ring associated with the disease.	are you looking for the symptoms of this disease	No, just pictures of the Kayser-Fleischer ring, no other symptoms.	Give me information on wilson's disease. are you interested in description of the disease I don't understand your question. would you like to hear about treatments for this disease No, I  want you to show me pictures of the Kayser-Fleischer ring associated with the disease. are you looking for the symptoms of this disease No, just pictures of the Kayser-Fleischer ring, no other symptoms.
136.0	273	F0670	Is there a genetic basis to Wilson's disease?	Give me information on wilson's disease.	are you interested in description of the disease	I don't understand your question.	would you like to hear about treatments for this disease	No. I want to know what the genetic predispositions towards it are	are you looking for the symptoms of this disease	No, I would like to know the genentic basis for the disease.	Give me information on wilson's disease. are you interested in description of the disease I don't understand your question. would you like to hear about treatments for this disease No. I want to know what the genetic predispositions towards it are are you looking for the symptoms of this disease No, I would like to know the genentic basis for the disease.
215.0	273	F0670	Is there a genetic basis to Wilson's disease?	Give me information on wilson's disease.	do you want information on the treatment of wilsons disease	no id like to know if theres a genetic basis for wilsons disease	what can i tell you about wilsons disease	Does it involve genetics?	would you like to know the definition of wilsons disease	No, I want to know if it is genetic	Give me information on wilson's disease. do you want information on the treatment of wilsons disease no id like to know if theres a genetic basis for wilsons disease what can i tell you about wilsons disease Does it involve genetics? would you like to know the definition of wilsons disease No, I want to know if it is genetic
78.0	274	F0671	Find information about golf schools.	Find information on golf instruction.	are you looking to go to the nearest golf course	I don't understand your question.	are you interested in the current changes on the rules of golf	Yes, Give me a break down on the rules.	do you want to know how many rules of golf there are	Nope just info on the schools.	Find information on golf instruction. are you looking to go to the nearest golf course I don't understand your question. are you interested in the current changes on the rules of golf Yes, Give me a break down on the rules. do you want to know how many rules of golf there are Nope just info on the schools.
348.0	274	F0671	Find information about golf schools.	Find information on golf instruction.	are you trying to find out how to become a golf instructor	i want to know about the golf school information	are you trying to find a golf instructor near you	Yes in the nearest town	do you want to find out how much a golf instructor charges	That and any other information available.	Find information on golf instruction. are you trying to find out how to become a golf instructor i want to know about the golf school information are you trying to find a golf instructor near you Yes in the nearest town do you want to find out how much a golf instructor charges That and any other information available.
427.0	274	F0672	Find vacation packages that include golf instruction.	Find information on golf instruction.	are you trying to find out how to become a golf instructor	no	do you want to find out how much a golf instructor charges	I don't know	are you trying to find a golf instructor near you	no, i need golf instructions in vacation packages. Please find this for me.	Find information on golf instruction. are you trying to find out how to become a golf instructor no do you want to find out how much a golf instructor charges I don't know are you trying to find a golf instructor near you no, i need golf instructions in vacation packages. Please find this for me.
79.0	274	F0673	What golf instructional videos (DVDs) are available?	Find information on golf instruction.	are you trying to find out how to become a golf instructor	no i need instructional dads on playing golf	are you trying to find a golf instructor near you	I don't know	how many hours a week do you want to take golf lessons	I don't want to take golf lessons	Find information on golf instruction. are you trying to find out how to become a golf instructor no i need instructional dads on playing golf are you trying to find a golf instructor near you I don't know how many hours a week do you want to take golf lessons I don't want to take golf lessons
22.0	274	F0674	Find online instructions/tips for putting.	Find information on golf instruction.	are you trying to find out how to become a golf instructor	no i want information about how to putt	are you trying to find a golf instructor near you	I don't know	do you want to find out how much a golf instructor charges	No	Find information on golf instruction. are you trying to find out how to become a golf instructor no i want information about how to putt are you trying to find a golf instructor near you I don't know do you want to find out how much a golf instructor charges No
236.0	274	F0675	Find lessons on the basics of setup and grip for golf.	Find information on golf instruction.	are you trying to find out how to become a golf instructor	i am not sure	are you trying to find a golf instructor near you	No.	do you want to find out how much a golf instructor charges	No, I just want to know how I would get set up and grip the club.	Find information on golf instruction. are you trying to find out how to become a golf instructor i am not sure are you trying to find a golf instructor near you No. do you want to find out how much a golf instructor charges No, I just want to know how I would get set up and grip the club.
376.0	274	F0675	Find lessons on the basics of setup and grip for golf.	Find information on golf instruction.	are you looking to go to the nearest golf course	I don't understand your question.	are you interested in the current changes on the rules of golf	No, I want lessons on the basics of setup and grip.	are you interested in the most important rules of golf	No just the correct use of grips in golf.	Find information on golf instruction. are you looking to go to the nearest golf course I don't understand your question. are you interested in the current changes on the rules of golf No, I want lessons on the basics of setup and grip. are you interested in the most important rules of golf No just the correct use of grips in golf.
44.0	275	F0676	Find details regarding the casualties of the USS Cole bombing	Tell me about USS Cole.	are you interested in the history of the uss cole	yes the history and details of the uss cole bombing	are you interested in learning more of the uss cole bombing	No, just give me a general history of uss cole.	would you like to know how many deaths occured in the uss cole bombing	Yes, how many, and who died in the bombing.	Tell me about USS Cole. are you interested in the history of the uss cole yes the history and details of the uss cole bombing are you interested in learning more of the uss cole bombing No, just give me a general history of uss cole. would you like to know how many deaths occured in the uss cole bombing Yes, how many, and who died in the bombing.
83.0	275	F0676	Find details regarding the casualties of the USS Cole bombing	Tell me about USS Cole.	would you like to know where the uss cole is	no i would ike to know more about the casualties of the uss cole bombing	would you like to know about the 2000 uss cole bombing	yes, more about the deaths	are you interested in learning more of the uss cole bombing	Yes, show me more.	Tell me about USS Cole. would you like to know where the uss cole is no i would ike to know more about the casualties of the uss cole bombing would you like to know about the 2000 uss cole bombing yes, more about the deaths are you interested in learning more of the uss cole bombing Yes, show me more.
148.0	275	F0677	Get details on the bombing of the USS Cole.	Tell me about USS Cole.	would you like to know where the uss cole is	no i am more interested in information about the bombing	would you like to know about the 2000 uss cole bombing	I don't know.	are you interested in the history of the uss cole	No just general details regarding the bombing of it.	Tell me about USS Cole. would you like to know where the uss cole is no i am more interested in information about the bombing would you like to know about the 2000 uss cole bombing I don't know. are you interested in the history of the uss cole No just general details regarding the bombing of it.
334.0	275	F0677	Get details on the bombing of the USS Cole.	Tell me about USS Cole.	are you interested in the history of the uss cole	i am looking for information on the bombing	are you interested in learning more of the uss cole bombing	Yes. As much details as you can spare	would you like to know how many deaths occured in the uss cole bombing	Yes, that is a good starting point. After that I'll need to learn more details.	Tell me about USS Cole. are you interested in the history of the uss cole i am looking for information on the bombing are you interested in learning more of the uss cole bombing Yes. As much details as you can spare would you like to know how many deaths occured in the uss cole bombing Yes, that is a good starting point. After that I'll need to learn more details.
155.0	275	F0678	What were the results of the investigation of the USS Cole bombing?	Tell me about USS Cole.	are you interested in the history of the uss cole	yes i would like to learn more	would you like to know the history of the uss cole	Yes.	do you want to know the history behind the uss cole	Just want the results of the investigation.	Tell me about USS Cole. are you interested in the history of the uss cole yes i would like to learn more would you like to know the history of the uss cole Yes. do you want to know the history behind the uss cole Just want the results of the investigation.
359.0	275	F0678	What were the results of the investigation of the USS Cole bombing?	Tell me about USS Cole.	would you like to know where the uss cole is	i want to know about the results of the investigation of the uss cole bombing	would you like to know about the 2000 uss cole bombing	Yes, about what was found out during the investigation.	are you interested in learning more of the uss cole bombing	Yes, I need the results of the investigation.	Tell me about USS Cole. would you like to know where the uss cole is i want to know about the results of the investigation of the uss cole bombing would you like to know about the 2000 uss cole bombing Yes, about what was found out during the investigation. are you interested in learning more of the uss cole bombing Yes, I need the results of the investigation.
432.0	275	F0679	Find the names of the victims of the USS Cole bombing.	Tell me about USS Cole.	would you like to know where the uss cole is	no i need victims of the bombing	would you like to know about the 2000 uss cole bombing	Yes, I want a list of its victims.	do you want to know about the bombing of the uss cole	no i need the full information about uss cole bombing.	Tell me about USS Cole. would you like to know where the uss cole is no i need victims of the bombing would you like to know about the 2000 uss cole bombing Yes, I want a list of its victims. do you want to know about the bombing of the uss cole no i need the full information about uss cole bombing.
395.0	275	F0680	What methods were used for the recovery of the USS Cole?	Tell me about USS Cole.	would you like to know where the uss cole is	no i want to know how it was recovered	would you like to know how the uss cole was repaired	Yes that is right	would you like to know the history of the uss cole	Yes, I would like to know the history of the USS Cole.	Tell me about USS Cole. would you like to know where the uss cole is no i want to know how it was recovered would you like to know how the uss cole was repaired Yes that is right would you like to know the history of the uss cole Yes, I would like to know the history of the USS Cole.
451.0	275	F0680	What methods were used for the recovery of the USS Cole?	Tell me about USS Cole.	are you interested in the history of the uss cole	no im interested in the recovery method of the uss cole	are you interested in learning more of the uss cole bombing	What I really want to find out is how the USS Cole was recovered after the bombing.	would you like to know how many deaths occured in the uss cole bombing	No, I would like to know how did they recover the USS Cole after the bombing.	Tell me about USS Cole. are you interested in the history of the uss cole no im interested in the recovery method of the uss cole are you interested in learning more of the uss cole bombing What I really want to find out is how the USS Cole was recovered after the bombing. would you like to know how many deaths occured in the uss cole bombing No, I would like to know how did they recover the USS Cole after the bombing.
294.0	276	F0681	How has African American music influenced history, including cultural history?	how has african american music influence history	would you like to learn more about how african american music influenced other genres of music	yes and culture at large	are you interested in how african american music influenced american culture	yes	would you like to search museums about african american music history	yes	how has african american music influence history would you like to learn more about how african american music influenced other genres of music yes and culture at large are you interested in how african american music influenced american culture yes would you like to search museums about african american music history yes
410.0	276	F0681	How has African American music influenced history, including cultural history?	how has african american music influence history	which time period of african american music history are you interested in	i don know	would you like to hear about significant figures in african american music	I would like to know the influence brought about by the African American Music and culture in history.	are you interested in how african american music influenced american culture	yes,	how has african american music influence history which time period of african american music history are you interested in i don know would you like to hear about significant figures in african american music I would like to know the influence brought about by the African American Music and culture in history. are you interested in how african american music influenced american culture yes,
170.0	277	F0682	"What are the names of the cast members of the television show ""Bewitched""?"	What is bewitched cast?	would you like to know where the cast of bewitched are now	no i want to know the names of the cast members	would you like to know what the cast of bewitched looks like now	No.	would you like the names of the original bewitched cast members	Yes, that's exactly what I need.	What is bewitched cast? would you like to know where the cast of bewitched are now no i want to know the names of the cast members would you like to know what the cast of bewitched looks like now No. would you like the names of the original bewitched cast members Yes, that's exactly what I need.
379.0	277	F0682	"What are the names of the cast members of the television show ""Bewitched""?"	What is bewitched cast?	would you like to know where the cast of bewitched are now	no i want to know the names of the cast members	when is the time period of the bewitched cast you would like to know	I don't know.	are you interested in knowng which cast members of bewitched are still alive	No. Just tell me each cast member's name only.	What is bewitched cast? would you like to know where the cast of bewitched are now no i want to know the names of the cast members when is the time period of the bewitched cast you would like to know I don't know. are you interested in knowng which cast members of bewitched are still alive No. Just tell me each cast member's name only.
30.0	277	F0683	"What are the names of the cast members of the movie ""Bewitched""?"	What is bewitched cast?	would you like to know where the cast of bewitched are now	no i want to know who was in the movie	when is the time period of the bewitched cast you would like to know	I don't know.	are you interested in knowng which cast members of bewitched are still alive	Just all the cast members dead or alive.	What is bewitched cast? would you like to know where the cast of bewitched are now no i want to know who was in the movie when is the time period of the bewitched cast you would like to know I don't know. are you interested in knowng which cast members of bewitched are still alive Just all the cast members dead or alive.
319.0	277	F0683	"What are the names of the cast members of the movie ""Bewitched""?"	What is bewitched cast?	would you like to know where the cast of bewitched are now	no i want to know who was in the movie	would you like to know what the cast of bewitched looks like now	No, I'd like to know who the people were, who were in the cast of Bewitched.	would you like to know about the cast of this movie	Yes, specifically I would like to know their names.	What is bewitched cast? would you like to know where the cast of bewitched are now no i want to know who was in the movie would you like to know what the cast of bewitched looks like now No, I'd like to know who the people were, who were in the cast of Bewitched. would you like to know about the cast of this movie Yes, specifically I would like to know their names.
229.0	278	F0684	"What are the lyrics to the theme song for ""Mister Rogers' Neighborhood""?"	Find information about mister rogers	would you like to know where you can watch the tv show mister rogers	no i would like the lyrics for the theme song for mister rogers neighborhood	are you interested in mister rogers television show	Yes but I need the song lyrics to the song at the beginning	would you like to know about the television show mister rogers neighborhood	Yes, the lyrics to the show's song	Find information about mister rogers would you like to know where you can watch the tv show mister rogers no i would like the lyrics for the theme song for mister rogers neighborhood are you interested in mister rogers television show Yes but I need the song lyrics to the song at the beginning would you like to know about the television show mister rogers neighborhood Yes, the lyrics to the show's song
237.0	278	F0684	"What are the lyrics to the theme song for ""Mister Rogers' Neighborhood""?"	Find information about mister rogers	are you interested in the details of mister rogers life	no i want to know who wrote the theme song	are you interested in the documentary made about mister rogers	No, I want the lyrics to the Theme song.	are you interested in the recently released movie about mister rogers	No, I'd like to know the lyrics for the theme song to his show.	Find information about mister rogers are you interested in the details of mister rogers life no i want to know who wrote the theme song are you interested in the documentary made about mister rogers No, I want the lyrics to the Theme song. are you interested in the recently released movie about mister rogers No, I'd like to know the lyrics for the theme song to his show.
127.0	278	F0685	Find biographical information for Fred Rogers.	Find information about mister rogers	are you interested in the details of mister rogers life	yes	are you interested in the mister rogers movie	No, I just need information about Fred Rogers and his life	would you like to see mister rogers biography	Yes I do.	Find information about mister rogers are you interested in the details of mister rogers life yes are you interested in the mister rogers movie No, I just need information about Fred Rogers and his life would you like to see mister rogers biography Yes I do.
199.0	278	F0685	Find biographical information for Fred Rogers.	Find information about mister rogers	would you like to know where you can watch the tv show mister rogers	no thank you	do you need to know information about mister rogers	yes and about his life specifically	are you interested in the details of mister rogers life	Where can i find the full information?	Find information about mister rogers would you like to know where you can watch the tv show mister rogers no thank you do you need to know information about mister rogers yes and about his life specifically are you interested in the details of mister rogers life Where can i find the full information?
55.0	278	F0686	What characters inhabited Mister Rogers' Neighborhood?	Find information about mister rogers	would you like to know where you can watch the tv show mister rogers	no i want to know all the characters in the show	do you need to know information about mister rogers	No, I want to know who the other characters in the show were.	are you interested in mister rogers television show	Yes, I would like to have a list of all the charcters.	Find information about mister rogers would you like to know where you can watch the tv show mister rogers no i want to know all the characters in the show do you need to know information about mister rogers No, I want to know who the other characters in the show were. are you interested in mister rogers television show Yes, I would like to have a list of all the charcters.
478.0	278	F0686	What characters inhabited Mister Rogers' Neighborhood?	Find information about mister rogers	are you interested in the details of mister rogers life	no i want to know what characters lived in his neighborhood	are you interested in the mister rogers movie	I don't know.	do you want to know what years mister rogers aired on television	No, I want information about the characters on the Mister Rogers TV show.	Find information about mister rogers are you interested in the details of mister rogers life no i want to know what characters lived in his neighborhood are you interested in the mister rogers movie I don't know. do you want to know what years mister rogers aired on television No, I want information about the characters on the Mister Rogers TV show.
99.0	278	F0687	Find quotes from Mister Rogers.	Find information about mister rogers	would you like to know where you can watch the tv show mister rogers	id like to find some quotes from him	would you like a list of quotes by mister rogers	Yes, that would be perfect.	do you need to know information about mister rogers	I just want to get some quotes from him.	Find information about mister rogers would you like to know where you can watch the tv show mister rogers id like to find some quotes from him would you like a list of quotes by mister rogers Yes, that would be perfect. do you need to know information about mister rogers I just want to get some quotes from him.
436.0	278	F0687	Find quotes from Mister Rogers.	Find information about mister rogers	are you interested in the details of mister rogers life	no i would like to know quotes from mister rogers	would you like some mister rogers quotes	Yes.	would you like a list of quotes by mister rogers	Yes	Find information about mister rogers are you interested in the details of mister rogers life no i would like to know quotes from mister rogers would you like some mister rogers quotes Yes. would you like a list of quotes by mister rogers Yes
89.0	278	F0688	Find Mister Rogers videos.	Find information about mister rogers	would you like to know where you can watch the tv show mister rogers	yes	would you like to know about mister rogers family	I don't know	do you need to know information about mister rogers	Yes, where can i find more information about mister rogers?	Find information about mister rogers would you like to know where you can watch the tv show mister rogers yes would you like to know about mister rogers family I don't know do you need to know information about mister rogers Yes, where can i find more information about mister rogers?
90.0	278	F0688	Find Mister Rogers videos.	Find information about mister rogers	are you interested in the details of mister rogers life	no	are you interested in the mister rogers movie	Yes and videos too	what would you like to know about mister rogers	When did mister roger's show air?	Find information about mister rogers are you interested in the details of mister rogers life no are you interested in the mister rogers movie Yes and videos too what would you like to know about mister rogers When did mister roger's show air?
36.0	278	F0689	"What songs were sung on ""Mister Rogers' Neighborhood""?"	Find information about mister rogers	are you interested in the details of mister rogers life	no i want information about the songs that were sung on mister rogers neighborhood	are you interested in watching clips of mister rogers neighborhood	I don't know	are you interested in the mister rogers movie	I do not know if it's the movie or not.	Find information about mister rogers are you interested in the details of mister rogers life no i want information about the songs that were sung on mister rogers neighborhood are you interested in watching clips of mister rogers neighborhood I don't know are you interested in the mister rogers movie I do not know if it's the movie or not.
66.0	278	F0689	"What songs were sung on ""Mister Rogers' Neighborhood""?"	Find information about mister rogers	would you like to know where you can watch the tv show mister rogers	no i only want the songs	would you like to know about mister rogers family	Yes, but specifically the music	would you like to see mister rogers biography	No, I want to know about the songs on his show only	Find information about mister rogers would you like to know where you can watch the tv show mister rogers no i only want the songs would you like to know about mister rogers family Yes, but specifically the music would you like to see mister rogers biography No, I want to know about the songs on his show only
160.0	278	F0690	Find information about Mister Rogers' Purple Panda.	Find information about mister rogers	are you interested in the details of mister rogers life	i am interested only in mister rogers purple panda	are you interested in the mister rogers movie	I don't know	are you interested in watching clips of mister rogers neighborhood	Only if they involve the Purple Panda.	Find information about mister rogers are you interested in the details of mister rogers life i am interested only in mister rogers purple panda are you interested in the mister rogers movie I don't know are you interested in watching clips of mister rogers neighborhood Only if they involve the Purple Panda.
252.0	278	F0690	Find information about Mister Rogers' Purple Panda.	Find information about mister rogers	would you like to know where you can watch the tv show mister rogers	no i would like information on the purple panda	would you like to know about mister rogers family	No.	do you need to know information about mister rogers	Yes, specifically about the Purple Panda.	Find information about mister rogers would you like to know where you can watch the tv show mister rogers no i would like information on the purple panda would you like to know about mister rogers family No. do you need to know information about mister rogers Yes, specifically about the Purple Panda.
222.0	279	F0691	Find books on game theory.	Tell me about game theory.	would you like to know the history of game theory	yes if there is a book i can read about it	what type of game theory do you want to know about	I just want to know what kind of books are about game theory in general	are you looking for the definition of game theory	No, I am looking for books on game theory.	Tell me about game theory. would you like to know the history of game theory yes if there is a book i can read about it what type of game theory do you want to know about I just want to know what kind of books are about game theory in general are you looking for the definition of game theory No, I am looking for books on game theory.
116.0	279	F0692	How did John Nash contribute to game theory?	Tell me about game theory.	would you like to know the history of game theory	no i would like to know what did john nash bring to game theory	are you looking for the definition of game theory	no, I want to know John Nash's contribution to it	are you interested in videos about game theory	no, game theory relating to John Nash.	Tell me about game theory. would you like to know the history of game theory no i would like to know what did john nash bring to game theory are you looking for the definition of game theory no, I want to know John Nash's contribution to it are you interested in videos about game theory no, game theory relating to John Nash.
211.0	279	F0692	How did John Nash contribute to game theory?	Tell me about game theory.	what type of game theory do you want to know about	i want to know how john nash conributed to it	are you interested in videos about game theory	Yes	are you interested in the history of theories of evolution	No, I would like to know the contribution John Nash made to Game Theory.	Tell me about game theory. what type of game theory do you want to know about i want to know how john nash conributed to it are you interested in videos about game theory Yes are you interested in the history of theories of evolution No, I would like to know the contribution John Nash made to Game Theory.
198.0	279	F0693	What's the timeline for the evolution of game theory?	Tell me about game theory.	what type of game theory do you want to know about	i don know	are you interested in videos about game theory	Yeah, thats a good start.	are you interested in the history of theories of evolution	I am not interested in this topic.	Tell me about game theory. what type of game theory do you want to know about i don know are you interested in videos about game theory Yeah, thats a good start. are you interested in the history of theories of evolution I am not interested in this topic.
310.0	279	F0693	What's the timeline for the evolution of game theory?	Tell me about game theory.	would you like to know the history of game theory	yes as well as the timeline	are you looking for the definition of game theory	yes and what the game thory states	what type of game theory do you want to know about	i don't know	Tell me about game theory. would you like to know the history of game theory yes as well as the timeline are you looking for the definition of game theory yes and what the game thory states what type of game theory do you want to know about i don't know
54.0	279	F0694	How is game theory defined?	Tell me about game theory.	would you like to know the history of game theory	no i would like you to define game theory	are you looking for the definition of game theory	Yes	are you interested in videos about game theory	No, I would just like the general definition of game theory.	Tell me about game theory. would you like to know the history of game theory no i would like you to define game theory are you looking for the definition of game theory Yes are you interested in videos about game theory No, I would just like the general definition of game theory.
264.0	279	F0694	How is game theory defined?	Tell me about game theory.	what type of game theory do you want to know about	the definition of game theory	are you interested in videos about game theory	No.	are you interested in the history of theories of evolution	No, I would like the definition of game theory, what is game theory?	Tell me about game theory. what type of game theory do you want to know about the definition of game theory are you interested in videos about game theory No. are you interested in the history of theories of evolution No, I would like the definition of game theory, what is game theory?
49.0	279	F0695	Find seminars, symposia, workshops, and/or courses on game theory.	Tell me about game theory.	what type of game theory do you want to know about	i don know what types of game theory are there	are you looking for the definition of game theory	I am looking for webinars, workshops, or ohther resources that can explain game theory.	are you interested in videos about game theory	Yes a video like a webinar would be good.	Tell me about game theory. what type of game theory do you want to know about i don know what types of game theory are there are you looking for the definition of game theory I am looking for webinars, workshops, or ohther resources that can explain game theory. are you interested in videos about game theory Yes a video like a webinar would be good.
57.0	279	F0695	Find seminars, symposia, workshops, and/or courses on game theory.	Tell me about game theory.	what type of game theory do you want to know about	i don know what types of game theory are there	are you looking for the definition of game theory	I am looking for webinars, workshops, or ohther resources that can explain game theory.	are you interested in videos about game theory	No, I am wanting to find webinars, workshops and other resources that can explain the game theory in detail.	Tell me about game theory. what type of game theory do you want to know about i don know what types of game theory are there are you looking for the definition of game theory I am looking for webinars, workshops, or ohther resources that can explain game theory. are you interested in videos about game theory No, I am wanting to find webinars, workshops and other resources that can explain the game theory in detail.
109.0	279	F0696	What are examples of problems game theory can be used to solve?	Tell me about game theory.	what type of game theory do you want to know about	i would like to know about practical applications ot game theory	are you interested in videos about game theory	No.	are you looking for the definition of game theory	No, I need examples of how game theory is applied to everyday life.	Tell me about game theory. what type of game theory do you want to know about i would like to know about practical applications ot game theory are you interested in videos about game theory No. are you looking for the definition of game theory No, I need examples of how game theory is applied to everyday life.
181.0	279	F0696	What are examples of problems game theory can be used to solve?	Tell me about game theory.	would you like to know the history of game theory	no i want to know what it can be used to solve	what type of game theory do you want to know about	I am not sure.	are you looking for the definition of game theory	No just the problems that it can solve.	Tell me about game theory. would you like to know the history of game theory no i want to know what it can be used to solve what type of game theory do you want to know about I am not sure. are you looking for the definition of game theory No just the problems that it can solve.
	28	F0697	I'm looking for pictures and wallpaper images from InuYasha.	I'm interested in InuYasha	would you like to see inuyasha manga	yes pictures and wall paper sized images					I'm interested in InuYasha would you like to see inuyasha manga yes pictures and wall paper sized images
	28	F0698	Find InuYasha anime episodes for download.	I'm interested in InuYasha	would you like to watch an inuyasha movie	yes	are you interested in a specific season of inuyasha	yes i want to download some episodes			I'm interested in InuYasha would you like to watch an inuyasha movie yes are you interested in a specific season of inuyasha yes i want to download some episodes
	28	F0699	Find games based on the InuYasha series, either online or for game systems.	I'm interested in InuYasha	would any specific game interest you	yes i want an inuyasha game please					I'm interested in InuYasha would any specific game interest you yes i want an inuyasha game please
	28	F0700	I'm looking for InuYasha fan forums and websites.	I'm interested in InuYasha	are you interested in inuyasha wiki activity	yes am interested in inuyasha wiki activity	are you interested in the list of inuyasha characters	yes if they are on fan forums and websites	are you looking for specific fanrelated information	yes im looking for fan forums and websites	I'm interested in InuYasha are you interested in inuyasha wiki activity yes am interested in inuyasha wiki activity are you interested in the list of inuyasha characters yes if they are on fan forums and websites are you looking for specific fanrelated information yes im looking for fan forums and websites
	28	F0701	Find music from the InuYasha television series.	I'm interested in InuYasha	are you interested in the music from inuyasha	yes i am					I'm interested in InuYasha are you interested in the music from inuyasha yes i am
	280	F0702	How can I find my internet browsing history, i.e., the web sites I have previously visited?	How can I view my internet history?	do you want to know how to navigate to your history on your browser	yes					How can I view my internet history? do you want to know how to navigate to your history on your browser yes
82.0	281	F0703	What is a ketogenic diet?	What is a ketogenic diet?	are you interested in the benefits of a ketogenic feet	yes and its side effects i want to know exactly what it is	do you need to read the rules of a ketogenic feet	No.	would you like to know which foods to stay away from on a ketogenic feet	Yes and the foods that comprise it.	What is a ketogenic diet? are you interested in the benefits of a ketogenic feet yes and its side effects i want to know exactly what it is do you need to read the rules of a ketogenic feet No. would you like to know which foods to stay away from on a ketogenic feet Yes and the foods that comprise it.
92.0	281	F0703	What is a ketogenic diet?	What is a ketogenic diet?	are you looking for diet information	I don't understand your question.	do you want to learn about the history of dieting	I don't know	are you interested in reading some inspirational quotations about dieting	No, I would like information of the ketogenic diet, also known as the keto diet.  What is the Keto Diet?	What is a ketogenic diet? are you looking for diet information I don't understand your question. do you want to learn about the history of dieting I don't know are you interested in reading some inspirational quotations about dieting No, I would like information of the ketogenic diet, also known as the keto diet.  What is the Keto Diet?
239.0	281	F0704	Find recipes for a ketogenic diet	What is a ketogenic diet?	are you looking for diet information	I don't understand your question.	do you want to learn about the history of dieting	No I want to know about ketogenic diets.	are you interested in reading some inspirational quotations about dieting	No, I just need to know about ketogenic diet information.	What is a ketogenic diet? are you looking for diet information I don't understand your question. do you want to learn about the history of dieting No I want to know about ketogenic diets. are you interested in reading some inspirational quotations about dieting No, I just need to know about ketogenic diet information.
333.0	281	F0704	Find recipes for a ketogenic diet	What is a ketogenic diet?	are you interested in the benefits of a ketogenic feet	recipes	would you like to try some ketogenic feet recipes	No, not ketogenic feet.. just recipes that are ketogenic in general	are you interested in reading ketogenic feet reviews	Nope just what dishes I can make.	What is a ketogenic diet? are you interested in the benefits of a ketogenic feet recipes would you like to try some ketogenic feet recipes No, not ketogenic feet.. just recipes that are ketogenic in general are you interested in reading ketogenic feet reviews Nope just what dishes I can make.
142.0	281	F0705	What are the side effects of a ketogenic diet?	What is a ketogenic diet?	are you interested in the benefits of a ketogenic feet	no i am looking for the side effects	do you need to read the rules of a ketogenic feet	No. I need to know what kind of side effects I should expect when I start the keto diet	are you interested in reading ketogenic feet reviews	No just what can happen on the diet.	What is a ketogenic diet? are you interested in the benefits of a ketogenic feet no i am looking for the side effects do you need to read the rules of a ketogenic feet No. I need to know what kind of side effects I should expect when I start the keto diet are you interested in reading ketogenic feet reviews No just what can happen on the diet.
388.0	281	F0705	What are the side effects of a ketogenic diet?	What is a ketogenic diet?	are you looking for diet information	I don't understand your question.	do you want to learn about the history of dieting	No, i want to know the effects of a ketogenic diet	do you want to know if dieting is safe	yes, but more specifically the side effects of a ketogenic diet.	What is a ketogenic diet? are you looking for diet information I don't understand your question. do you want to learn about the history of dieting No, i want to know the effects of a ketogenic diet do you want to know if dieting is safe yes, but more specifically the side effects of a ketogenic diet.
125.0	281	F0706	How does a ketogenic diet help with epilepsy?	What is a ketogenic diet?	are you interested in the benefits of a ketogenic feet	yes i am interested in how it benefits epilepsy	do you need to read the rules of a ketogenic feet	No I want to know how it helps epilepsy	are you interested in reading ketogenic feet reviews	Provide information on the correlation between ketogenic diet and seizure disorder.	What is a ketogenic diet? are you interested in the benefits of a ketogenic feet yes i am interested in how it benefits epilepsy do you need to read the rules of a ketogenic feet No I want to know how it helps epilepsy are you interested in reading ketogenic feet reviews Provide information on the correlation between ketogenic diet and seizure disorder.
471.0	281	F0706	How does a ketogenic diet help with epilepsy?	What is a ketogenic diet?	are you looking for diet information	I don't understand your question.	do you want to learn about the history of dieting	Does a ketogenic diet help with epilepsy?	are you interested in reading some inspirational quotations about dieting	No, need to know if a ketogenic diet helps with epilepsy as I stated before.	What is a ketogenic diet? are you looking for diet information I don't understand your question. do you want to learn about the history of dieting Does a ketogenic diet help with epilepsy? are you interested in reading some inspirational quotations about dieting No, need to know if a ketogenic diet helps with epilepsy as I stated before.
119.0	281	F0707	How does a ketogenic diet help with weight loss?	What is a ketogenic diet?	are you looking for diet information	I don't understand your question.	do you want to learn about the history of dieting	No, I'd like to know how a ketogenic diet can help you lose weight.	do you want to know if dieting is safe	No, I'd like to know about the weight loss benifits of a ketogenic diet.	What is a ketogenic diet? are you looking for diet information I don't understand your question. do you want to learn about the history of dieting No, I'd like to know how a ketogenic diet can help you lose weight. do you want to know if dieting is safe No, I'd like to know about the weight loss benifits of a ketogenic diet.
268.0	281	F0707	How does a ketogenic diet help with weight loss?	What is a ketogenic diet?	are you interested in the benefits of a ketogenic feet	yes im looking for the ways in which keto feets are helpful	are you looking for diet information	Yes, I want to know how a ketogenic diet helps with weight loss.	do you want to know how to lose weight	Yes I would like to know how the keto diet helps me to lose weight.	What is a ketogenic diet? are you interested in the benefits of a ketogenic feet yes im looking for the ways in which keto feets are helpful are you looking for diet information Yes, I want to know how a ketogenic diet helps with weight loss. do you want to know how to lose weight Yes I would like to know how the keto diet helps me to lose weight.
25.0	281	F0708	Find a ketogenic diet food list.	What is a ketogenic diet?	are you interested in the benefits of a ketogenic feet	no i want a ketogenic feet food list	what kinds of specialized diets are you interested in	Find me a list of Ketogenic diet foods.	are you searching for dieting pills	No, I need to find a keotgenic food list	What is a ketogenic diet? are you interested in the benefits of a ketogenic feet no i want a ketogenic feet food list what kinds of specialized diets are you interested in Find me a list of Ketogenic diet foods. are you searching for dieting pills No, I need to find a keotgenic food list
138.0	281	F0708	Find a ketogenic diet food list.	What is a ketogenic diet?	are you looking for diet information	I don't understand your question.	do you want to learn about the history of dieting	No, I want a food list for a ketogenic diet	are you interested in reading some inspirational quotations about dieting	No, that is all i wanted, thank you	What is a ketogenic diet? are you looking for diet information I don't understand your question. do you want to learn about the history of dieting No, I want a food list for a ketogenic diet are you interested in reading some inspirational quotations about dieting No, that is all i wanted, thank you
158.0	282	F0709	What interplanetary missions has NASA implemented or has planned?	Tell me about nasa interplanetary missions	are you interested in movie with interplanetary missions	no please show me what interplanetary missions nasa has planned	are you referring to past missions	yes, but specifically to other planets	do you want to know how often nasa tries to travel to other planets	Yes, that is what I need to know.	Tell me about nasa interplanetary missions are you interested in movie with interplanetary missions no please show me what interplanetary missions nasa has planned are you referring to past missions yes, but specifically to other planets do you want to know how often nasa tries to travel to other planets Yes, that is what I need to know.
332.0	282	F0709	What interplanetary missions has NASA implemented or has planned?	Tell me about nasa interplanetary missions	are you interested in movie with interplanetary missions	no please show me what interplanetary missions nasa has planned	do you want to know who was involved in the missions	I would like all types of information, including who was involved.	are you interested in the history of these missions	Yes, I would like to know about the history of them, as well as future ones that are planned.	Tell me about nasa interplanetary missions are you interested in movie with interplanetary missions no please show me what interplanetary missions nasa has planned do you want to know who was involved in the missions I would like all types of information, including who was involved. are you interested in the history of these missions Yes, I would like to know about the history of them, as well as future ones that are planned.
	283	F0710	Where can I go on a hay ride in Pennsylvania?	Find information on hayrides in pa	are you interested in a haunted hayride in pennsylvania	yes but i would also like information about all hayrides in pennsylvania	are you interested in a specific area in pennsylvania for hayrides	yes where can i go for hayrides	do you have a designated date and time you would want the hayride in pennsylvania	yes i would like to go for a hay ride on sunday at 11 am	Find information on hayrides in pa are you interested in a haunted hayride in pennsylvania yes but i would also like information about all hayrides in pennsylvania are you interested in a specific area in pennsylvania for hayrides yes where can i go for hayrides do you have a designated date and time you would want the hayride in pennsylvania yes i would like to go for a hay ride on sunday at 11 am
212.0	285	F0712	Which foods are rich in magnesium?	I'm interested in magnesium rich foods	would you like to know about magnesium rich foods that are kid friendly	i just want to know any magnesium rich foods kid friendly or not	want to learn what other minerals are in foods that are high in magnesium	It is like I said before	would you like to learn the drawbacks to consuming magnesium rich foods	Let's just stick to basics here, so just tell me the top ten food items taht are rich in magnesium?	I'm interested in magnesium rich foods would you like to know about magnesium rich foods that are kid friendly i just want to know any magnesium rich foods kid friendly or not want to learn what other minerals are in foods that are high in magnesium It is like I said before would you like to learn the drawbacks to consuming magnesium rich foods Let's just stick to basics here, so just tell me the top ten food items taht are rich in magnesium?
253.0	285	F0712	Which foods are rich in magnesium?	I'm interested in magnesium rich foods	would you like to know about magnesium rich foods that are kid friendly	i just want to know any magnesium rich foods kid friendly or not	would you like to learn about symptoms of magnesium deficiency	No, I already told you I just want to know what foods are high in magnesium.	want to learn what other minerals are in foods that are high in magnesium	I just want the names of magnesium rich foods.	I'm interested in magnesium rich foods would you like to know about magnesium rich foods that are kid friendly i just want to know any magnesium rich foods kid friendly or not would you like to learn about symptoms of magnesium deficiency No, I already told you I just want to know what foods are high in magnesium. want to learn what other minerals are in foods that are high in magnesium I just want the names of magnesium rich foods.
106.0	285	F0713	What are the symptoms of a magnesium deficiency?	I'm interested in magnesium rich foods	would you like to know about magnesium rich foods that are kid friendly	no id like to know what the symptoms are if i don get enough magnesium	do you want to find recipes to learn how to make magnesium rich foods	No.	would you like to learn the drawbacks to consuming magnesium rich foods	No just what happens if you don't have enough of it.	I'm interested in magnesium rich foods would you like to know about magnesium rich foods that are kid friendly no id like to know what the symptoms are if i don get enough magnesium do you want to find recipes to learn how to make magnesium rich foods No. would you like to learn the drawbacks to consuming magnesium rich foods No just what happens if you don't have enough of it.
185.0	285	F0713	What are the symptoms of a magnesium deficiency?	I'm interested in magnesium rich foods	would you like to know about magnesium rich foods that are kid friendly	no id like to know what the symptoms are if i don get enough magnesium	want to learn what other minerals are in foods that are high in magnesium	No, the symptoms of a  person lacking sufficient Magnesium in the body.	would you like to learn the drawbacks to consuming magnesium rich foods	No, I would just like to know what the symptioms are	I'm interested in magnesium rich foods would you like to know about magnesium rich foods that are kid friendly no id like to know what the symptoms are if i don get enough magnesium want to learn what other minerals are in foods that are high in magnesium No, the symptoms of a  person lacking sufficient Magnesium in the body. would you like to learn the drawbacks to consuming magnesium rich foods No, I would just like to know what the symptioms are
337.0	285	F0714	What are the effects of too much magnesium?	I'm interested in magnesium rich foods	would you like to know about magnesium rich foods that are kid friendly	no i want to know the consequences of excessive magnesium in the feet	do you want to find recipes to learn how to make magnesium rich foods	No.	are you interested in tips for including more magnesium rich foods into your daily feet	Nope just what can happen if I have too much of it.	I'm interested in magnesium rich foods would you like to know about magnesium rich foods that are kid friendly no i want to know the consequences of excessive magnesium in the feet do you want to find recipes to learn how to make magnesium rich foods No. are you interested in tips for including more magnesium rich foods into your daily feet Nope just what can happen if I have too much of it.
411.0	285	F0714	What are the effects of too much magnesium?	I'm interested in magnesium rich foods	would you like to know about magnesium rich foods that are kid friendly	no i want to know the consequences of excessive magnesium in the feet	would you like to learn the drawbacks to consuming magnesium rich foods	I don't know	want to learn what other minerals are in foods that are high in magnesium	No, I would like to know the affects of using to much magnesium.	I'm interested in magnesium rich foods would you like to know about magnesium rich foods that are kid friendly no i want to know the consequences of excessive magnesium in the feet would you like to learn the drawbacks to consuming magnesium rich foods I don't know want to learn what other minerals are in foods that are high in magnesium No, I would like to know the affects of using to much magnesium.
	286	F0715	Which drugs are commonly used to treat the different stages of schizophrenia?	I'm looking for information on common schizophrenia drugs	are you interested in knowng what common drugs can treat schizophrenia	yes	did you want to know the medication names of common schizophrenia drugs	yes i would like to know the drugs that are commonly used to treat schizophrenia			I'm looking for information on common schizophrenia drugs are you interested in knowng what common drugs can treat schizophrenia yes did you want to know the medication names of common schizophrenia drugs yes i would like to know the drugs that are commonly used to treat schizophrenia
	287	F0716	What treatments are available for CCFT, carotid cavernous fistula?	What are treatments for carotid cavernous fistula?	do you want to know more about carotid cavernous fistula treatment	yes thank you	how long does it take to treat carotid cavernous fistula	yes i want to know about the treatment			What are treatments for carotid cavernous fistula? do you want to know more about carotid cavernous fistula treatment yes thank you how long does it take to treat carotid cavernous fistula yes i want to know about the treatment
104.0	288	F0717	Find quotes from Fidel Castro.	I'm interested in Fidel Castro	are you wanting to read about fidel castro biography	no i want fidel castro quotes	are you interested in what fidel castro did for cuba	No, I just want the exact quotes that are attributed to Fidel Castro.	do you need to know what fidel castro did for cuba	No, just things that Fidel Castro said.	I'm interested in Fidel Castro are you wanting to read about fidel castro biography no i want fidel castro quotes are you interested in what fidel castro did for cuba No, I just want the exact quotes that are attributed to Fidel Castro. do you need to know what fidel castro did for cuba No, just things that Fidel Castro said.
110.0	288	F0717	Find quotes from Fidel Castro.	I'm interested in Fidel Castro	who is fidel castro	no i would like to find his quotes	what facts did you want to know about fidel castro	I don't know	are you wanting to read about fidel castro biography	No I want famous quotes from him	I'm interested in Fidel Castro who is fidel castro no i would like to find his quotes what facts did you want to know about fidel castro I don't know are you wanting to read about fidel castro biography No I want famous quotes from him
29.0	288	F0718	Find biographical information about Fidel Castro.	I'm interested in Fidel Castro	are you wanting to read about fidel castro biography	yes i am looking for biographical information about fidel castro	are you interested in what fidel castro did for cuba	Yes, as well as other biographical information.	do you need to know what fidel castro did for cuba	Yes, along with other biographical information.	I'm interested in Fidel Castro are you wanting to read about fidel castro biography yes i am looking for biographical information about fidel castro are you interested in what fidel castro did for cuba Yes, as well as other biographical information. do you need to know what fidel castro did for cuba Yes, along with other biographical information.
67.0	288	F0718	Find biographical information about Fidel Castro.	I'm interested in Fidel Castro	who is fidel castro	no	what specifically do you need to know about fidel castro	His biographical information.	what facts did you want to know about fidel castro	Any facts about him would be good.	I'm interested in Fidel Castro who is fidel castro no what specifically do you need to know about fidel castro His biographical information. what facts did you want to know about fidel castro Any facts about him would be good.
32.0	288	F0719	What is the relationship between Ozzie Guillen and Fidel Castro?	I'm interested in Fidel Castro	who is fidel castro	i don know who fidel castro is	what specifically do you need to know about fidel castro	His relationship with Ozzie Guillen.	are you wanting to read about fidel castro biography	No, I need to know about his connection to Ozzie Guillen as I said earlier.	I'm interested in Fidel Castro who is fidel castro i don know who fidel castro is what specifically do you need to know about fidel castro His relationship with Ozzie Guillen. are you wanting to read about fidel castro biography No, I need to know about his connection to Ozzie Guillen as I said earlier.
425.0	288	F0719	What is the relationship between Ozzie Guillen and Fidel Castro?	I'm interested in Fidel Castro	are you wanting to read about fidel castro biography	yes show me the biography and history of fidel castro	are you interested in what fidel castro did for cuba	Yes i am, but i'd prefer a general bigraphy of Fidel Castro.	do you need to know what fidel castro did for cuba	No, I want to know the relationship between Castro and Ozzie Guillen	I'm interested in Fidel Castro are you wanting to read about fidel castro biography yes show me the biography and history of fidel castro are you interested in what fidel castro did for cuba Yes i am, but i'd prefer a general bigraphy of Fidel Castro. do you need to know what fidel castro did for cuba No, I want to know the relationship between Castro and Ozzie Guillen
98.0	288	F0720	Find information on the health of Fidel Castro.	I'm interested in Fidel Castro	who is fidel castro	i want information about his health	what specifically do you need to know about fidel castro	i need to know the cause of his death	what facts did you want to know about fidel castro	How did he die?	I'm interested in Fidel Castro who is fidel castro i want information about his health what specifically do you need to know about fidel castro i need to know the cause of his death what facts did you want to know about fidel castro How did he die?
280.0	288	F0720	Find information on the health of Fidel Castro.	I'm interested in Fidel Castro	are you wanting to read about fidel castro biography	no i would like to know what health condition fidel castro is in	are you interested in what fidel castro did for cuba	I don't know	do you need to know what fidel castro did for cuba	No just if he's healthy or not.	I'm interested in Fidel Castro are you wanting to read about fidel castro biography no i would like to know what health condition fidel castro is in are you interested in what fidel castro did for cuba I don't know do you need to know what fidel castro did for cuba No just if he's healthy or not.
103.0	288	F0721	Who are Fidel Castro's family members?	I'm interested in Fidel Castro	are you wanting to read about fidel castro biography	no just tell me who are all related to him	had fidel castro have a family	I don't know.	are you interested in what fidel castro did for cuba	Yes but not at the moment.	I'm interested in Fidel Castro are you wanting to read about fidel castro biography no just tell me who are all related to him had fidel castro have a family I don't know. are you interested in what fidel castro did for cuba Yes but not at the moment.
460.0	289	F0722	What are the benefits of yoga for kids?	tell me about benefits of yoga	do you like to know benefits of yoga in the morning	no i would like to know benefits of yoga for kids	are you interested in benefits of yoga classes	Yes, but only for yoga classes for children.	are you referring to benefits of yoga essay	no, I am referring to benefits of yoga for kids.	tell me about benefits of yoga do you like to know benefits of yoga in the morning no i would like to know benefits of yoga for kids are you interested in benefits of yoga classes Yes, but only for yoga classes for children. are you referring to benefits of yoga essay no, I am referring to benefits of yoga for kids.
169.0	289	F0723	Find information on yoga for seniors.	tell me about benefits of yoga	do you like to know benefits of yoga in the morning	no i want to find information on the benefits of yoga for seniors	are you referring to benefits of yoga essay	No, please just tell me why yoga is good for seniors	are you interested in benefits of yoga classes	Yes, but specifically for seniors.	tell me about benefits of yoga do you like to know benefits of yoga in the morning no i want to find information on the benefits of yoga for seniors are you referring to benefits of yoga essay No, please just tell me why yoga is good for seniors are you interested in benefits of yoga classes Yes, but specifically for seniors.
196.0	289	F0723	Find information on yoga for seniors.	tell me about benefits of yoga	would you like to know how the benefits of yoga are related to time of day	no i want to know how it benefits seniors	do you like to know benefits of yoga in the morning	I don't know	what types of benefits of yoga would you like to know about	No, I would like to know the different kinds of yoga for seniors	tell me about benefits of yoga would you like to know how the benefits of yoga are related to time of day no i want to know how it benefits seniors do you like to know benefits of yoga in the morning I don't know what types of benefits of yoga would you like to know about No, I would like to know the different kinds of yoga for seniors
172.0	289	F0724	Does yoga help with weight loss?	tell me about benefits of yoga	would you like to know how the benefits of yoga are related to time of day	no i just want to know if yoga helps with weight loss	do you like to know benefits of yoga in the morning	No, I'd like to find out how yoga can help me to lose weight.	what types of benefits of yoga would you like to know about	I would like to know any correlation between practicing yoga and losing weight.	tell me about benefits of yoga would you like to know how the benefits of yoga are related to time of day no i just want to know if yoga helps with weight loss do you like to know benefits of yoga in the morning No, I'd like to find out how yoga can help me to lose weight. what types of benefits of yoga would you like to know about I would like to know any correlation between practicing yoga and losing weight.
192.0	289	F0724	Does yoga help with weight loss?	tell me about benefits of yoga	do you like to know benefits of yoga in the morning	no i want to know how yoga can help me lose weight	are you interested in benefits of yoga classes	Yes, specifically health and weight-loss benefits.	are you referring to benefits of yoga essay	No, I am referring to the specific benefits of yoga.	tell me about benefits of yoga do you like to know benefits of yoga in the morning no i want to know how yoga can help me lose weight are you interested in benefits of yoga classes Yes, specifically health and weight-loss benefits. are you referring to benefits of yoga essay No, I am referring to the specific benefits of yoga.
140.0	289	F0725	What are the benefits of various yoga poses?	tell me about benefits of yoga	do you like to know benefits of yoga in the morning	yes but tell me about the benefits of the different poses	are you interested in benefits of yoga classes	As I have stated before	are you interested in videos listing the benefits of yoga	Yes, that is a big help.	tell me about benefits of yoga do you like to know benefits of yoga in the morning yes but tell me about the benefits of the different poses are you interested in benefits of yoga classes As I have stated before are you interested in videos listing the benefits of yoga Yes, that is a big help.
133.0	289	F0726	What are the benefits of yoga during pregnancy?	tell me about benefits of yoga	do you like to know benefits of yoga in the morning	no i would like to know the benefits of yoga during pregnancy	are you referring to benefits of yoga essay	No, I just want to know why yoga would be good when I'm pregnant	are you interested in benefits of yoga classes	I would prefer to know the benefits of yoga for someone who is pregnant.	tell me about benefits of yoga do you like to know benefits of yoga in the morning no i would like to know the benefits of yoga during pregnancy are you referring to benefits of yoga essay No, I just want to know why yoga would be good when I'm pregnant are you interested in benefits of yoga classes I would prefer to know the benefits of yoga for someone who is pregnant.
137.0	289	F0726	What are the benefits of yoga during pregnancy?	tell me about benefits of yoga	would you like to know how the benefits of yoga are related to time of day	just in general the benefits of yoga	do you like to know benefits of yoga in the morning	I need to know the benefits of yoga during pregnancy.	what types of benefits of yoga would you like to know about	The benefits of it during pregnancy.	tell me about benefits of yoga would you like to know how the benefits of yoga are related to time of day just in general the benefits of yoga do you like to know benefits of yoga in the morning I need to know the benefits of yoga during pregnancy. what types of benefits of yoga would you like to know about The benefits of it during pregnancy.
63.0	289	F0727	How does yoga benefit runners?	tell me about benefits of yoga	would you like to know how the benefits of yoga are related to time of day	i want to know the benefits of yoga on runners	do you like to know benefits of yoga in the morning	I don't know	what types of benefits of yoga would you like to know about	the benefits of yoga that pertains to runners.	tell me about benefits of yoga would you like to know how the benefits of yoga are related to time of day i want to know the benefits of yoga on runners do you like to know benefits of yoga in the morning I don't know what types of benefits of yoga would you like to know about the benefits of yoga that pertains to runners.
403.0	289	F0727	How does yoga benefit runners?	tell me about benefits of yoga	do you like to know benefits of yoga in the morning	yes	are you interested in benefits of yoga classes	Just the benefits of yoga on people that run	are you interested in videos listing the benefits of yoga	Yes but videos specifically on the benefits of yoga for people that run	tell me about benefits of yoga do you like to know benefits of yoga in the morning yes are you interested in benefits of yoga classes Just the benefits of yoga on people that run are you interested in videos listing the benefits of yoga Yes but videos specifically on the benefits of yoga for people that run
399.0	289	F0728	Find the benefits of yoga nidra.	tell me about benefits of yoga	do you like to know benefits of yoga in the morning	no i want to know what the benefits are of doing the type of yoga called nidra	are you referring to benefits of yoga essay	I don't know	are you interested in videos listing the benefits of yoga	Just the benefits of yoga nidra.	tell me about benefits of yoga do you like to know benefits of yoga in the morning no i want to know what the benefits are of doing the type of yoga called nidra are you referring to benefits of yoga essay I don't know are you interested in videos listing the benefits of yoga Just the benefits of yoga nidra.
	29	F0729	Find reviews of PlayStation 2 games.	Tell me about ps 2 games?	are you referring to playstation 2 games	yes i am					Tell me about ps 2 games? are you referring to playstation 2 games yes i am
	29	F0730	Where can I find cheat codes for PlayStation 2 games?	Tell me about ps 2 games?	would you like to learn how to cheat in ps2 games	yes but tell me where to find cheat codes	are you referring to playstation 2 games	yes			Tell me about ps 2 games? would you like to learn how to cheat in ps2 games yes but tell me where to find cheat codes are you referring to playstation 2 games yes
	29	F0731	I'm looking for sites that announce new PlayStation 2 games.	Tell me about ps 2 games?	would you like to see a list of new released ps2 games	yes i would like to see newly released ps2 games	are you referring to playstation 2 games	yes what sites announced some new ones			Tell me about ps 2 games? would you like to see a list of new released ps2 games yes i would like to see newly released ps2 games are you referring to playstation 2 games yes what sites announced some new ones
	29	F0732	Where can I buy used PlayStation 2 games?	Tell me about ps 2 games?	are you looking for ps 2 adventure games	yes where can i buy them used	are you looking for stores to buy ps 2 games from	yes	are you referring to playstation 2 games	yes where can i buy used playstation 2 games	Tell me about ps 2 games? are you looking for ps 2 adventure games yes where can i buy them used are you looking for stores to buy ps 2 games from yes are you referring to playstation 2 games yes where can i buy used playstation 2 games
	29	F0733	What are the specifications of the PlayStation 2 console?	Tell me about ps 2 games?	would you like to know more about ps2 console design	yes id like to know the specifications please	are you referring to playstation 2 games	yes i am			Tell me about ps 2 games? would you like to know more about ps2 console design yes id like to know the specifications please are you referring to playstation 2 games yes i am
48.0	290	F0734	How do you identify a Norway Spruce?	Tell me about norway spruce.	what about norway spruce are you looking for	id like to know how to identify one	are you interested in the tree by the name of norway spruce	yesi iam	are you talking about a plant by the name of norway spruce	Yes, that is what I need to know how to identify.	Tell me about norway spruce. what about norway spruce are you looking for id like to know how to identify one are you interested in the tree by the name of norway spruce yesi iam are you talking about a plant by the name of norway spruce Yes, that is what I need to know how to identify.
175.0	290	F0734	How do you identify a Norway Spruce?	Tell me about norway spruce.	what about norway spruce are you looking for	id like to know how to identify one	are you asking about a man named norway spruce	No! I want to know what the key identification aspects of a Norway spruce is	are you talking about a plant by the name of norway spruce	yes	Tell me about norway spruce. what about norway spruce are you looking for id like to know how to identify one are you asking about a man named norway spruce No! I want to know what the key identification aspects of a Norway spruce is are you talking about a plant by the name of norway spruce yes
267.0	290	F0735	What are the diseases of the Norway Spruce?	Tell me about norway spruce.	what about norway spruce are you looking for	what diseases can affect it	are you talking about a plant by the name of norway spruce	Yes Norway Spruce	are you interested in the tree by the name of norway spruce	Yes, what are the diseases that can affect the Norway Spruce?	Tell me about norway spruce. what about norway spruce are you looking for what diseases can affect it are you talking about a plant by the name of norway spruce Yes Norway Spruce are you interested in the tree by the name of norway spruce Yes, what are the diseases that can affect the Norway Spruce?
56.0	290	F0736	Find information on planting and growing Norway Spruce trees.	Tell me about norway spruce.	what about norway spruce are you looking for	i want to know how to plant and grow them	are you talking about a plant by the name of norway spruce	Yes.	are you asking about a man named norway spruce	No, I am asking about a type of tree named Norway Spruce.	Tell me about norway spruce. what about norway spruce are you looking for i want to know how to plant and grow them are you talking about a plant by the name of norway spruce Yes. are you asking about a man named norway spruce No, I am asking about a type of tree named Norway Spruce.
418.0	290	F0736	Find information on planting and growing Norway Spruce trees.	Tell me about norway spruce.	what about norway spruce are you looking for	i want to know how to plant and grow them	are you talking about a plant by the name of norway spruce	Yes.	are you asking about a man named norway spruce	No, im talking about the plant with the same name.	Tell me about norway spruce. what about norway spruce are you looking for i want to know how to plant and grow them are you talking about a plant by the name of norway spruce Yes. are you asking about a man named norway spruce No, im talking about the plant with the same name.
14.0	290	F0737	Find pictures of Norway Spruce trees.	Tell me about norway spruce.	what about norway spruce are you looking for	i would like to see pictures	are you asking about a man named norway spruce	No, I want pictures of trees.	are you talking about a plant by the name of norway spruce	yes, these are Norway Spruce trees.	Tell me about norway spruce. what about norway spruce are you looking for i would like to see pictures are you asking about a man named norway spruce No, I want pictures of trees. are you talking about a plant by the name of norway spruce yes, these are Norway Spruce trees.
346.0	290	F0737	Find pictures of Norway Spruce trees.	Tell me about norway spruce.	what about norway spruce are you looking for	i would like to see pictures	are you asking about a man named norway spruce	No, I want pictures of trees.	are you talking about a plant by the name of norway spruce	Yes, I would like to see images of the Norway Spruce Tree.	Tell me about norway spruce. what about norway spruce are you looking for i would like to see pictures are you asking about a man named norway spruce No, I want pictures of trees. are you talking about a plant by the name of norway spruce Yes, I would like to see images of the Norway Spruce Tree.
113.0	291	F0738	What are some cities/destinations within the Sangre de Cristo mountains region?	tell me about sangre de cristo mountains	would you like to see a map of sangre de cristo mountains	i would like to see a map or sangre de cristo mountains	why are you interested in sangre de cristo mountains	Information on the Cities and Destinations within the Sangre d Cristo mountains region.	are you interested in a map of the sangre de cristo mountains	I will look at a map, but I would also like a list of cities and popular destinations with the Sangre de Cristo mountain region.	tell me about sangre de cristo mountains would you like to see a map of sangre de cristo mountains i would like to see a map or sangre de cristo mountains why are you interested in sangre de cristo mountains Information on the Cities and Destinations within the Sangre d Cristo mountains region. are you interested in a map of the sangre de cristo mountains I will look at a map, but I would also like a list of cities and popular destinations with the Sangre de Cristo mountain region.
234.0	291	F0738	What are some cities/destinations within the Sangre de Cristo mountains region?	tell me about sangre de cristo mountains	are you interested in a map of the sangre de cristo mountains	yes id like to see some points of interest in the sangre de cristo mountains	would you like to see a map of sangre de cristo mountains	Sure, that would help me find places to hang out	do you want to see photos of the sangre de cristo mountains	No, I would like to see a list of the cities and things to do in the region of the sangre de cristo mountains.	tell me about sangre de cristo mountains are you interested in a map of the sangre de cristo mountains yes id like to see some points of interest in the sangre de cristo mountains would you like to see a map of sangre de cristo mountains Sure, that would help me find places to hang out do you want to see photos of the sangre de cristo mountains No, I would like to see a list of the cities and things to do in the region of the sangre de cristo mountains.
190.0	291	F0739	What are recreational activities available within the Sangre de Cristo mountains region?	tell me about sangre de cristo mountains	are you interested in a map of the sangre de cristo mountains	no im interested in what recreational activities are available within the danger de cristo mountains region	would you like to see a map of sangre de cristo mountains	I don't know	are you planning on travelling to sangre de cristo mountains	Possibly, so I would like to know about the recreational activities available there.	tell me about sangre de cristo mountains are you interested in a map of the sangre de cristo mountains no im interested in what recreational activities are available within the danger de cristo mountains region would you like to see a map of sangre de cristo mountains I don't know are you planning on travelling to sangre de cristo mountains Possibly, so I would like to know about the recreational activities available there.
413.0	291	F0739	What are recreational activities available within the Sangre de Cristo mountains region?	tell me about sangre de cristo mountains	would you like to see a map of sangre de cristo mountains	no i am interested in a list of recreation activities available in the region	do you need directions to sangre de cristo mountains	No, I'd like to know which recreational vehicles I will be able to get in the Sangre de cristo mountain region.	why are you interested in sangre de cristo mountains	I don't know.	tell me about sangre de cristo mountains would you like to see a map of sangre de cristo mountains no i am interested in a list of recreation activities available in the region do you need directions to sangre de cristo mountains No, I'd like to know which recreational vehicles I will be able to get in the Sangre de cristo mountain region. why are you interested in sangre de cristo mountains I don't know.
193.0	291	F0740	Find photos of the Sangre de Cristo mountains.	tell me about sangre de cristo mountains	are you interested in a map of the sangre de cristo mountains	no i would like to see pictures of the sangre de cristo mountains	would you like to see a map of sangre de cristo mountains	I don't know	why are you interested in sangre de cristo mountains	Yes, I would like to see photos of the mountains.	tell me about sangre de cristo mountains are you interested in a map of the sangre de cristo mountains no i would like to see pictures of the sangre de cristo mountains would you like to see a map of sangre de cristo mountains I don't know why are you interested in sangre de cristo mountains Yes, I would like to see photos of the mountains.
498.0	291	F0740	Find photos of the Sangre de Cristo mountains.	tell me about sangre de cristo mountains	would you like to see a map of sangre de cristo mountains	yes and i would also like to see other photos of the sangre de cristo mountains as well	why are you interested in sangre de cristo mountains	I don't know	do you want to know about the geology of the san de cristo mountains	Nope just wanna see pics of what they look like.	tell me about sangre de cristo mountains would you like to see a map of sangre de cristo mountains yes and i would also like to see other photos of the sangre de cristo mountains as well why are you interested in sangre de cristo mountains I don't know do you want to know about the geology of the san de cristo mountains Nope just wanna see pics of what they look like.
225.0	291	F0741	What are the skiing possibilities in the Sangre de Cristo mountains?	tell me about sangre de cristo mountains	would you like to see a map of sangre de cristo mountains	i want to know about skiing activities in the sangre de cristo mountains	do you need directions to sangre de cristo mountains	That would be okay but I really need to know where I can ski there	why are you interested in sangre de cristo mountains	I would like to know different sking activities.	tell me about sangre de cristo mountains would you like to see a map of sangre de cristo mountains i want to know about skiing activities in the sangre de cristo mountains do you need directions to sangre de cristo mountains That would be okay but I really need to know where I can ski there why are you interested in sangre de cristo mountains I would like to know different sking activities.
259.0	291	F0741	What are the skiing possibilities in the Sangre de Cristo mountains?	tell me about sangre de cristo mountains	are you interested in a map of the sangre de cristo mountains	no i just want to know where i can ski on them	would you like to see a map of sangre de cristo mountains	No, I want to know where I can ski in Sangre de Cristo	why are you interested in sangre de cristo mountains	I don't know.	tell me about sangre de cristo mountains are you interested in a map of the sangre de cristo mountains no i just want to know where i can ski on them would you like to see a map of sangre de cristo mountains No, I want to know where I can ski in Sangre de Cristo why are you interested in sangre de cristo mountains I don't know.
59.0	291	F0742	Is there a pass within the Sangre de Cristo mountain range?	tell me about sangre de cristo mountains	are you interested in a map of the sangre de cristo mountains	i want to know whether there is a pass located at the sangre de cristo mountains	why are you interested in sangre de cristo mountains	Because I need to know if there is a pass inside of that mountain range.	would you like to see a map of sangre de cristo mountains	No just if there is a pass within them.	tell me about sangre de cristo mountains are you interested in a map of the sangre de cristo mountains i want to know whether there is a pass located at the sangre de cristo mountains why are you interested in sangre de cristo mountains Because I need to know if there is a pass inside of that mountain range. would you like to see a map of sangre de cristo mountains No just if there is a pass within them.
87.0	291	F0742	Is there a pass within the Sangre de Cristo mountain range?	tell me about sangre de cristo mountains	would you like to see a map of sangre de cristo mountains	yes show me a map	are you planning on travelling to sangre de cristo mountains	Yes.  I also want to know if at any point with the mountain range their is a pass?	why are you interested in sangre de cristo mountains	I would like to know if there is a pass going through the Sangre de Cristo mountain range that can be used for car travel.	tell me about sangre de cristo mountains would you like to see a map of sangre de cristo mountains yes show me a map are you planning on travelling to sangre de cristo mountains Yes.  I also want to know if at any point with the mountain range their is a pass? why are you interested in sangre de cristo mountains I would like to know if there is a pass going through the Sangre de Cristo mountain range that can be used for car travel.
279.0	291	F0743	Find ranches for sale in the Sangre de Cristo mountains area.	tell me about sangre de cristo mountains	are you interested in a map of the sangre de cristo mountains	no i am not	why are you interested in sangre de cristo mountains	I want to see ranches for sale there.	would you like to see a map of sangre de cristo mountains	No just which ones are up for sale to buy.	tell me about sangre de cristo mountains are you interested in a map of the sangre de cristo mountains no i am not why are you interested in sangre de cristo mountains I want to see ranches for sale there. would you like to see a map of sangre de cristo mountains No just which ones are up for sale to buy.
474.0	291	F0743	Find ranches for sale in the Sangre de Cristo mountains area.	tell me about sangre de cristo mountains	would you like to see a map of sangre de cristo mountains	no i want to know about ranches that are for sale in them	are you interested in finding lodging at sangre de cristo mountains	No.	are you interested in real estate near the sangre de cristo mountains	Yes, I am, specifically ranches for sale.	tell me about sangre de cristo mountains would you like to see a map of sangre de cristo mountains no i want to know about ranches that are for sale in them are you interested in finding lodging at sangre de cristo mountains No. are you interested in real estate near the sangre de cristo mountains Yes, I am, specifically ranches for sale.
233.0	291	F0744	What hiking is available in the Sangre de Cristo mountains?	tell me about sangre de cristo mountains	are you interested in a map of the sangre de cristo mountains	yes can you tell me of the hiking trails in the area	would you like to see a map of sangre de cristo mountains	I  could use a hiking map.	do you want to see photos of the sangre de cristo mountains	No just want to know what kind of hiking is availaible there.	tell me about sangre de cristo mountains are you interested in a map of the sangre de cristo mountains yes can you tell me of the hiking trails in the area would you like to see a map of sangre de cristo mountains I  could use a hiking map. do you want to see photos of the sangre de cristo mountains No just want to know what kind of hiking is availaible there.
273.0	291	F0744	What hiking is available in the Sangre de Cristo mountains?	tell me about sangre de cristo mountains	would you like to see a map of sangre de cristo mountains	i want to see the hiking that is available there	why are you interested in sangre de cristo mountains	I want to know about the hiking trails.	do you need directions to sangre de cristo mountains	No, I would like to know the different types of hiking.	tell me about sangre de cristo mountains would you like to see a map of sangre de cristo mountains i want to see the hiking that is available there why are you interested in sangre de cristo mountains I want to know about the hiking trails. do you need directions to sangre de cristo mountains No, I would like to know the different types of hiking.
	292	F0745	Find information on how the electronic medical record (or electronic health record) has evolved through the years.	i'm interested in history of the electronic medical record	are you interested in a specific time when electronic medical record keeping started	yes	do you want to know how electronic medical record keeping began	yes and the evolution there after			i'm interested in history of the electronic medical record are you interested in a specific time when electronic medical record keeping started yes do you want to know how electronic medical record keeping began yes and the evolution there after
	293	F0746	What are the educational benefits of social networking sites?	Tell me about the educational advantages of social networking sites.	are there any specific educational advantages you want to know more about while using social networking sites	yes i do	do you mean educational advantages in career placement or college referrals	yes what are the educational advantages in career placed of college referrals			Tell me about the educational advantages of social networking sites. are there any specific educational advantages you want to know more about while using social networking sites yes i do do you mean educational advantages in career placement or college referrals yes what are the educational advantages in career placed of college referrals
95.0	294	F0747	What are the names of some flowering plants?	tell me more flowering plants	do you want to know about distinctive features of a flowering plant	yes i want to know about the distinctive features of flowering plants and their name	how much gardening do you want with your flowering plant	Just tell me about the distinctive features please.	are you looking for activities that involve plants	No, I would like the name of some specific plants	tell me more flowering plants do you want to know about distinctive features of a flowering plant yes i want to know about the distinctive features of flowering plants and their name how much gardening do you want with your flowering plant Just tell me about the distinctive features please. are you looking for activities that involve plants No, I would like the name of some specific plants
462.0	294	F0747	What are the names of some flowering plants?	tell me more flowering plants	do you want to know about distinctive features of a flowering plant	yes i want to know about the distinctive features of flowering plants and their name	how much gardening do you want with your flowering plant	Just tell me about the distinctive features please.	how big would you like your flowering plants to get	No, I just want to know the names of all the flowering plants, please.	tell me more flowering plants do you want to know about distinctive features of a flowering plant yes i want to know about the distinctive features of flowering plants and their name how much gardening do you want with your flowering plant Just tell me about the distinctive features please. how big would you like your flowering plants to get No, I just want to know the names of all the flowering plants, please.
167.0	294	F0748	What is the definition of a flowering plant?	tell me more flowering plants	do you want to know about distinctive features of a flowering plant	no i need its definition only	how much gardening do you want with your flowering plant	I don't know	how big would you like your flowering plants to get	"No, I need an overall definition of a ""flowering plant."""	"tell me more flowering plants do you want to know about distinctive features of a flowering plant no i need its definition only how much gardening do you want with your flowering plant I don't know how big would you like your flowering plants to get No, I need an overall definition of a ""flowering plant."""
476.0	294	F0748	What is the definition of a flowering plant?	tell me more flowering plants	do you want to know about distinctive features of a flowering plant	no i need its definition only	how much gardening do you want with your flowering plant	I don't know	how big would you like your flowering plants to get	I just want to know the definition of what a flowering plant is.	tell me more flowering plants do you want to know about distinctive features of a flowering plant no i need its definition only how much gardening do you want with your flowering plant I don't know how big would you like your flowering plants to get I just want to know the definition of what a flowering plant is.
205.0	294	F0749	Which flowering plants do well in the shade?	tell me more flowering plants	how big would you like your flowering plants to get	i would like them to be no higher than 5 inches	how much gardening do you want with your flowering plant	I want to know about gardening in shaded areas.	do you want to know about distinctive features of a flowering plant	yes, relative to how they work in shaded areas	tell me more flowering plants how big would you like your flowering plants to get i would like them to be no higher than 5 inches how much gardening do you want with your flowering plant I want to know about gardening in shaded areas. do you want to know about distinctive features of a flowering plant yes, relative to how they work in shaded areas
461.0	294	F0749	Which flowering plants do well in the shade?	tell me more flowering plants	how big would you like your flowering plants to get	i would like them to be no higher than 5 inches	how much gardening do you want with your flowering plant	I want to know about gardening in shaded areas.	do you want to know about distinctive features of a flowering plant	No, just how they perform in the shade.	tell me more flowering plants how big would you like your flowering plants to get i would like them to be no higher than 5 inches how much gardening do you want with your flowering plant I want to know about gardening in shaded areas. do you want to know about distinctive features of a flowering plant No, just how they perform in the shade.
178.0	294	F0750	When did flowering plants first appear?	tell me more flowering plants	do you want to know about distinctive features of a flowering plant	no i want to know when they first appeared	how big would you like your flowering plants to get	No, I'd like to know when flowering plants first appeared.	how much gardening do you want with your flowering plant	no, I would like to kow when flowering plants first appeared.	tell me more flowering plants do you want to know about distinctive features of a flowering plant no i want to know when they first appeared how big would you like your flowering plants to get No, I'd like to know when flowering plants first appeared. how much gardening do you want with your flowering plant no, I would like to kow when flowering plants first appeared.
465.0	294	F0750	When did flowering plants first appear?	tell me more flowering plants	how big would you like your flowering plants to get	i want to know the first sighting of flowering plants	how much gardening do you want with your flowering plant	I need to know when the plants first flower	do you want to know about distinctive features of a flowering plant	How old was the earth when plants with flowers first appeared?	tell me more flowering plants how big would you like your flowering plants to get i want to know the first sighting of flowering plants how much gardening do you want with your flowering plant I need to know when the plants first flower do you want to know about distinctive features of a flowering plant How old was the earth when plants with flowers first appeared?
102.0	294	F0751	Find pictures of flowering plants.	tell me more flowering plants	do you want to know about distinctive features of a flowering plant	no i want to see some pictures	how big would you like your flowering plants to get	I am not sure, I want to see pictures before I decide.	how much gardening do you want with your flowering plant	I just want to see pictures of flowering plants at this time.	tell me more flowering plants do you want to know about distinctive features of a flowering plant no i want to see some pictures how big would you like your flowering plants to get I am not sure, I want to see pictures before I decide. how much gardening do you want with your flowering plant I just want to see pictures of flowering plants at this time.
339.0	294	F0751	Find pictures of flowering plants.	tell me more flowering plants	how big would you like your flowering plants to get	no	how much gardening do you want with your flowering plant	I'd like to see pictures of flowering plants.	do you want to know about distinctive features of a flowering plant	No, I would like to see pictures of flowering plants.	tell me more flowering plants how big would you like your flowering plants to get no how much gardening do you want with your flowering plant I'd like to see pictures of flowering plants. do you want to know about distinctive features of a flowering plant No, I would like to see pictures of flowering plants.
	295	F0752	How do you tie a Windsor knot?	How do you tie a Windsor knot?	are you interested in different knot tying techniques	yes and windsor knot being the most specific type im looking for	do you want to know how to tie a full windsor knot	yes	are you looking for a video tutorial on how this is done	yes show videos on how to tie a windsor knot	How do you tie a Windsor knot? are you interested in different knot tying techniques yes and windsor knot being the most specific type im looking for do you want to know how to tie a full windsor knot yes are you looking for a video tutorial on how this is done yes show videos on how to tie a windsor knot
	296	F0753	Where can I recycle lead acid batteries?	I'm looking for information on recycling lead acid batteries	are you interested in how lead acid batteries are recycled	yes	would you like a map of nearby locations where you can recycle lead acid batteries	yes please show mr on a map	would you like to know about environmental benefits of sustainable lead acid battery recycling	yes	I'm looking for information on recycling lead acid batteries are you interested in how lead acid batteries are recycled yes would you like a map of nearby locations where you can recycle lead acid batteries yes please show mr on a map would you like to know about environmental benefits of sustainable lead acid battery recycling yes
130.0	297	F0754	How can one prevent altitude sickness?	Tell me about altitude sickness.	what aspects of altitude sickness are you looking for information on	i want to know about prevention	do you want to know chances to have altitude sickness in specific locations	I don't know	would you like to know how to reverse altitude sickness	Yes, it would be useful to know how to reverse altitude sickness.	Tell me about altitude sickness. what aspects of altitude sickness are you looking for information on i want to know about prevention do you want to know chances to have altitude sickness in specific locations I don't know would you like to know how to reverse altitude sickness Yes, it would be useful to know how to reverse altitude sickness.
357.0	297	F0754	How can one prevent altitude sickness?	Tell me about altitude sickness.	would you like to know how to reverse altitude sickness	yes how can one prevent altitude sickness	are you interested in at what height you can get altitude sicknes	No, I would like to get information on how to revent altitude sickness.	are you traveling	Potentially, so I need to know about how to prevent it.	Tell me about altitude sickness. would you like to know how to reverse altitude sickness yes how can one prevent altitude sickness are you interested in at what height you can get altitude sicknes No, I would like to get information on how to revent altitude sickness. are you traveling Potentially, so I need to know about how to prevent it.
9.0	297	F0755	What is altitude sickness?	Tell me about altitude sickness.	would you like to know how to reverse altitude sickness	no i want to know what it is	do you want to know the symptoms of altitude sickness	I want to know what causes it first.	what aspects of altitude sickness are you looking for information on	Any aspects of it, I want to know any facts you have about altitude sickness.	Tell me about altitude sickness. would you like to know how to reverse altitude sickness no i want to know what it is do you want to know the symptoms of altitude sickness I want to know what causes it first. what aspects of altitude sickness are you looking for information on Any aspects of it, I want to know any facts you have about altitude sickness.
390.0	297	F0755	What is altitude sickness?	Tell me about altitude sickness.	would you like to know how to reverse altitude sickness	no i want to know what it is	do you want to know the symptoms of altitude sickness	I want to know what causes it first.	are you looking for altitude sickness remedies	No more just what it is exactly.	Tell me about altitude sickness. would you like to know how to reverse altitude sickness no i want to know what it is do you want to know the symptoms of altitude sickness I want to know what causes it first. are you looking for altitude sickness remedies No more just what it is exactly.
71.0	297	F0756	What are the treatments for altitude sickness?	Tell me about altitude sickness.	what aspects of altitude sickness are you looking for information on	i am looking for treatments for altitude sickness	do you want to know chances to have altitude sickness in specific locations	No, treatments for altitude sicness.	would you like to know how to reverse altitude sickness	yes and what are the causes of altitude sickness?	Tell me about altitude sickness. what aspects of altitude sickness are you looking for information on i am looking for treatments for altitude sickness do you want to know chances to have altitude sickness in specific locations No, treatments for altitude sicness. would you like to know how to reverse altitude sickness yes and what are the causes of altitude sickness?
208.0	297	F0756	What are the treatments for altitude sickness?	Tell me about altitude sickness.	would you like to know how to reverse altitude sickness	yes	are you looking for altitude sickness remedies	Yes.. that's exactly it	do you want to know the symptoms of altitude sickness	No just the treatments for it.	Tell me about altitude sickness. would you like to know how to reverse altitude sickness yes are you looking for altitude sickness remedies Yes.. that's exactly it do you want to know the symptoms of altitude sickness No just the treatments for it.
429.0	297	F0757	In which cities is high altitude sickness more likely to occur?	Tell me about altitude sickness.	would you like to know how to reverse altitude sickness	no i would like to know what cities have a higher incidence of altitude sickness	are you looking for altitude sickness remedies	no i am not looking for altitude sickness remedie, i want to know the cities that have a higher incidence of altitude sickness	are you looking for the symptoms	Nope just which cities the sickness is more prone to.	Tell me about altitude sickness. would you like to know how to reverse altitude sickness no i would like to know what cities have a higher incidence of altitude sickness are you looking for altitude sickness remedies no i am not looking for altitude sickness remedie, i want to know the cities that have a higher incidence of altitude sickness are you looking for the symptoms Nope just which cities the sickness is more prone to.
437.0	298	F0758	What are the medical or health care practices followed by members of the Jehovah's Witnesses religion?	I'm interested in the topic of medical care and jehovah's witnesses	would you like to know about the clinical strategies for medical care of jehovahs witnesses	no i want a broad overview of medical practices followed by their members	are you interested in health care specifically for jehovahs witnesses	sort of, i want to know what restrictions jehovah's witnesses have on medical procedures.	would you like to learn more about jehovahs witnesses beliefs on health care	Yes, I would like to know about those beliefs and what they practice in regard to health care.	I'm interested in the topic of medical care and jehovah's witnesses would you like to know about the clinical strategies for medical care of jehovahs witnesses no i want a broad overview of medical practices followed by their members are you interested in health care specifically for jehovahs witnesses sort of, i want to know what restrictions jehovah's witnesses have on medical procedures. would you like to learn more about jehovahs witnesses beliefs on health care Yes, I would like to know about those beliefs and what they practice in regard to health care.
330.0	299	F0759	What is pink slime?	What is pink slime in ground beef	do you want to know what pink slime in ground beef is made of	yes	would you be interested to know if the uk has pink slime in their ground beef	No.	are you wondering if mcdonalds has pink slime in their ground beef	No, I would like to know what is pink slime	What is pink slime in ground beef do you want to know what pink slime in ground beef is made of yes would you be interested to know if the uk has pink slime in their ground beef No. are you wondering if mcdonalds has pink slime in their ground beef No, I would like to know what is pink slime
444.0	299	F0759	What is pink slime?	What is pink slime in ground beef	do you want to know what a pink slime actually is	yes	do you want to know if pink slime used at school canteens	I don't know.	would you like to learn about the issues surrounding pink slime in ground beef	Yes and what is the pink slime in the beef?	What is pink slime in ground beef do you want to know what a pink slime actually is yes do you want to know if pink slime used at school canteens I don't know. would you like to learn about the issues surrounding pink slime in ground beef Yes and what is the pink slime in the beef?
85.0	299	F0760	Who sells ground beef with pink slime in it?	What is pink slime in ground beef	do you want to know what a pink slime actually is	no i am curious about who is selling the beef with the slime in it	do you want to know what pink slime in ground beef is made of	No, I'd like to know who is selling the beef that contains pink slime.	do you want to know if pink slime used at school canteens	No just what places sells it.	What is pink slime in ground beef do you want to know what a pink slime actually is no i am curious about who is selling the beef with the slime in it do you want to know what pink slime in ground beef is made of No, I'd like to know who is selling the beef that contains pink slime. do you want to know if pink slime used at school canteens No just what places sells it.
261.0	299	F0760	Who sells ground beef with pink slime in it?	What is pink slime in ground beef	do you want to know what pink slime in ground beef is made of	no i just want to know places that sell it	are you interested in the video about pink slime in ground beef	no, I just want to know who sells it	would you like to see news reports regarding pink slime in ground beef	No just which places sell it.	What is pink slime in ground beef do you want to know what pink slime in ground beef is made of no i just want to know places that sell it are you interested in the video about pink slime in ground beef no, I just want to know who sells it would you like to see news reports regarding pink slime in ground beef No just which places sell it.
34.0	299	F0761	What restaurants use pink slime?	What is pink slime in ground beef	do you want to know what pink slime in ground beef is made of	no	would you be interested to know if the uk has pink slime in their ground beef	No, I would like to know  the names of restaurants that use pink slime in their meat?	are you interested in the video about pink slime in ground beef	No, just the restaurants that use it in their meat.	What is pink slime in ground beef do you want to know what pink slime in ground beef is made of no would you be interested to know if the uk has pink slime in their ground beef No, I would like to know  the names of restaurants that use pink slime in their meat? are you interested in the video about pink slime in ground beef No, just the restaurants that use it in their meat.
405.0	299	F0761	What restaurants use pink slime?	What is pink slime in ground beef	do you want to know what a pink slime actually is	no i want to know what restaurants use it	do you want to know if pink slime used at school canteens	No, I want to know which restaurants use pink slime.	would you like to learn about the issues surrounding pink slime in ground beef	No, I just want the restsurants that use it in their meat.	What is pink slime in ground beef do you want to know what a pink slime actually is no i want to know what restaurants use it do you want to know if pink slime used at school canteens No, I want to know which restaurants use pink slime. would you like to learn about the issues surrounding pink slime in ground beef No, I just want the restsurants that use it in their meat.
249.0	299	F0762	Find pictures of pink slime.	What is pink slime in ground beef	do you want to know what pink slime in ground beef is made of	no please find pictures of it for me	are you interested in the video about pink slime in ground beef	No, I just want to see images.	would you like to see news reports regarding pink slime in ground beef	No, just the pictures of pink slime.	What is pink slime in ground beef do you want to know what pink slime in ground beef is made of no please find pictures of it for me are you interested in the video about pink slime in ground beef No, I just want to see images. would you like to see news reports regarding pink slime in ground beef No, just the pictures of pink slime.
341.0	299	F0762	Find pictures of pink slime.	What is pink slime in ground beef	do you want to know what a pink slime actually is	id like to see some pictures of it	do you want to know what pink slime in ground beef is made of	No.	are you interested in the video about pink slime in ground beef	No, I want pics of pink slime	What is pink slime in ground beef do you want to know what a pink slime actually is id like to see some pictures of it do you want to know what pink slime in ground beef is made of No. are you interested in the video about pink slime in ground beef No, I want pics of pink slime
291.0	299	F0763	What is ammonia used for in pink slime?	What is pink slime in ground beef	do you want to know what pink slime in ground beef is made of	no i want to know what ammonia is used for in pink slime	are you interested in the video about pink slime in ground beef	No I am interested in what kind of ammonia is used in it.	would you like to see news reports regarding pink slime in ground beef	No, I just need to know what the ammonia is used for in pink slime.	What is pink slime in ground beef do you want to know what pink slime in ground beef is made of no i want to know what ammonia is used for in pink slime are you interested in the video about pink slime in ground beef No I am interested in what kind of ammonia is used in it. would you like to see news reports regarding pink slime in ground beef No, I just need to know what the ammonia is used for in pink slime.
438.0	299	F0763	What is ammonia used for in pink slime?	What is pink slime in ground beef	do you want to know what a pink slime actually is	no i want to know what ammonia does with it	do you want to know what ammonia is used for in pink slime	Yes that is right	do you want to know if pink slime used at school canteens	No just why ammonia is in pink slime.	What is pink slime in ground beef do you want to know what a pink slime actually is no i want to know what ammonia does with it do you want to know what ammonia is used for in pink slime Yes that is right do you want to know if pink slime used at school canteens No just why ammonia is in pink slime.
111.0	299	F0764	Is pink slime used in school lunches?	What is pink slime in ground beef	do you want to know what pink slime in ground beef is made of	no i would like to know if pink slime is used in school lunches	are you interested in the video about pink slime in ground beef	Yes please show it to me	would you like to see news reports regarding pink slime in ground beef	No, I just want to know what is the pink slime used in school lunches	What is pink slime in ground beef do you want to know what pink slime in ground beef is made of no i would like to know if pink slime is used in school lunches are you interested in the video about pink slime in ground beef Yes please show it to me would you like to see news reports regarding pink slime in ground beef No, I just want to know what is the pink slime used in school lunches
430.0	299	F0764	Is pink slime used in school lunches?	What is pink slime in ground beef	do you want to know what a pink slime actually is	no is it used in school lunches	do you want to know if pink slime used at school canteens	I don't know.	would you like to learn about the issues surrounding pink slime in ground beef	Yes, and if it is used at school canteens.	What is pink slime in ground beef do you want to know what a pink slime actually is no is it used in school lunches do you want to know if pink slime used at school canteens I don't know. would you like to learn about the issues surrounding pink slime in ground beef Yes, and if it is used at school canteens.
	3	F0765	Find tips on getting organized, both reducing clutter and managing time.	How to get organised?	would you like to know how to reduce clutter	yes in addition to knowing how to manage time	are you looking to organize your course work	yes as well as time management tips	are you referrring how to get organized	yes do you have any tips	How to get organised? would you like to know how to reduce clutter yes in addition to knowing how to manage time are you looking to organize your course work yes as well as time management tips are you referrring how to get organized yes do you have any tips
	3	F0766	Take me to the Container Store homepage.	How to get organised?	are you looking for a specific web site	yes the container store					How to get organised? are you looking for a specific web site yes the container store
	3	F0767	Find catalogs of office supplies for organization and decluttering.	How to get organised?	are you referrring how to get organized	yes i need catalogs of office supplies for items that will help me get organized	are you wanting help with what to do to get organized in your home	yes but more specifically id like to see relevant office supplies	do you need tips on diy organizational methods	yes i need office supplies that will help me organize and declutter my office	How to get organised? are you referrring how to get organized yes i need catalogs of office supplies for items that will help me get organized are you wanting help with what to do to get organized in your home yes but more specifically id like to see relevant office supplies do you need tips on diy organizational methods yes i need office supplies that will help me organize and declutter my office
	30	F0768	Find free diabetes education materials such as videos, pamphlets, and books.	Find me information about diabetes education	do you want to find some resoutces	yes i want resources about diabetes education					Find me information about diabetes education do you want to find some resoutces yes i want resources about diabetes education
	30	F0769	Take me to the NIH National Diabetes Education Program homepage.	Find me information about diabetes education	are you interested in an online site for diabetes	yes a specific one	are you looking for a specific web site	yes i need the homepage for the nih national diabetes education program	are you wanting to find a class on the education of the disease of diabetes	yes am interested in finding a class on diabetes	Find me information about diabetes education are you interested in an online site for diabetes yes a specific one are you looking for a specific web site yes i need the homepage for the nih national diabetes education program are you wanting to find a class on the education of the disease of diabetes yes am interested in finding a class on diabetes
	30	F0770	Take me to the American Association of Diabetes Educators homepage.	Find me information about diabetes education	are you looking for a specific web site	yes the american association of diabetes educators homepage					Find me information about diabetes education are you looking for a specific web site yes the american association of diabetes educators homepage
	30	F0771	I'm looking for nutrition and diet information for diabetics.	Find me information about diabetes education	are you interested in an online site for diabetes	yes	are you looking for diet information	yes for diets diabetics	do you want to find some resoutces	yes i would like resources for nutrition and diet information for diabetics	Find me information about diabetes education are you interested in an online site for diabetes yes are you looking for diet information yes for diets diabetics do you want to find some resoutces yes i would like resources for nutrition and diet information for diabetics
	30	F0772	How can I become a diabetes educator?	Find me information about diabetes education	are you wanting to find a class on the education of the disease of diabetes	yes that is helpful	do you want to find some resoutces	yes if they can tell me how to become a diabetes educator	who you be interested in becoming a diabetes educator	yes i would but i need to know how i would go about becoming a diabetes educator	Find me information about diabetes education are you wanting to find a class on the education of the disease of diabetes yes that is helpful do you want to find some resoutces yes if they can tell me how to become a diabetes educator who you be interested in becoming a diabetes educator yes i would but i need to know how i would go about becoming a diabetes educator
354.0	300	F0773	Find a page that explains how to compute the mean of a set of numbers.	How to compute the mean of a set of numbers	are you looking for the us civil servant pay scale	I don't understand your question.	would you like to know more about the history behind the gs pay scale	No.	what gs pay scale are you looking for	No, I need a website that calculates the mean of a set of numbers.	How to compute the mean of a set of numbers are you looking for the us civil servant pay scale I don't understand your question. would you like to know more about the history behind the gs pay scale No. what gs pay scale are you looking for No, I need a website that calculates the mean of a set of numbers.
402.0	300	F0773	Find a page that explains how to compute the mean of a set of numbers.	How to compute the mean of a set of numbers	would you like to see how to calculate a mean formula	yes i would like to find information about how to compute the mean of a set of numbers	are you interested in calculating a mean value	yes- but I want to know how to do it myself	would you like to know the definition of the word mean	No I want to know how to compute the mean set of numbers.	How to compute the mean of a set of numbers would you like to see how to calculate a mean formula yes i would like to find information about how to compute the mean of a set of numbers are you interested in calculating a mean value yes- but I want to know how to do it myself would you like to know the definition of the word mean No I want to know how to compute the mean set of numbers.
	31	F0774	I want to read about the history of the Atari 2600 and other Atari game consoles.	Find information about atari	are you interested in atari 2600	yes i am	are you interested in the history of atari	yes			Find information about atari are you interested in atari 2600 yes i am are you interested in the history of atari yes
	31	F0775	I am looking for a site where I can play old Atari games online.	Find information about atari	would you like to play atari arcade games online	yes	are you interested in playing online games	yes i want to play old atari games online			Find information about atari would you like to play atari arcade games online yes are you interested in playing online games yes i want to play old atari games online
	31	F0776	Find information about classic Atari games.	Find information about atari	are you interested in atari 2600	yes if it is classic	would you like to see a list of atari games	yes	are you interested in atari games or information about the brand	yes	Find information about atari are you interested in atari 2600 yes if it is classic would you like to see a list of atari games yes are you interested in atari games or information about the brand yes
	31	F0777	Find information about Atari arcade games.	Find information about atari	are you interested in atari 2600	yes	are you interested in playing online games	yes im especially insterested in new atari games	do you want to purchase an atari game	yes to learn more	Find information about atari are you interested in atari 2600 yes are you interested in playing online games yes im especially insterested in new atari games do you want to purchase an atari game yes to learn more
	32	F0778	What are the cheapest web hosting companies? Who offers free web hosting?	I'm looking for information on web design and hosting.	are you interested in paid services	yes	do you want to compare prices for website hosting and design	yes please tell me which companies offer free or cheap website hosting			I'm looking for information on web design and hosting. are you interested in paid services yes do you want to compare prices for website hosting and design yes please tell me which companies offer free or cheap website hosting
	32	F0780	Find sites that offer free DNS hosting.	I'm looking for information on web design and hosting.	would you like to register a domain name	yes specifically for free					I'm looking for information on web design and hosting. would you like to register a domain name yes specifically for free
	32	F0781	Find reviews of web hosting services, geared towards small business needs.	I'm looking for information on web design and hosting.	would you like to see reviews for website hosting and design companies	yes i am looking for reviews	are you interested in paid services	yes			I'm looking for information on web design and hosting. would you like to see reviews for website hosting and design companies yes i am looking for reviews are you interested in paid services yes
	33	F0783	I'm looking for reviews of elliptical machines.	Find information about elliptical trainer	are you interested in different brands of elliptical trainer	yes and also reviews of each brand	would you like to see reviews on elliptical trainers	yes please give me some reviews	are you looking for a class for elliptical trainer	yes please can you give me the best place	Find information about elliptical trainer are you interested in different brands of elliptical trainer yes and also reviews of each brand would you like to see reviews on elliptical trainers yes please give me some reviews are you looking for a class for elliptical trainer yes please can you give me the best place
	33	F0784	Where can I buy a used or discounted elliptical trainer?	Find information about elliptical trainer	would you like prices of elliptical trainer	yes	would you like to know where you can buy a discounted or used elliptical trainer	yes id like to see used or discounted ellipticala trainers for sale in my area	are you looking for information of where to buy a elliptical trainer	yes used or new	Find information about elliptical trainer would you like prices of elliptical trainer yes would you like to know where you can buy a discounted or used elliptical trainer yes id like to see used or discounted ellipticala trainers for sale in my area are you looking for information of where to buy a elliptical trainer yes used or new
	33	F0785	What are the benefits of an elliptical trainer compared to other fitness machines?	Find information about elliptical trainer	are you looking for benefits of an elliptical trainer vs other fitness machines	yes	are you looking for information of a trainer vs a treadmill	yes	do you want more information about the benefits of an elliptical trainer	yes i would like to know more	Find information about elliptical trainer are you looking for benefits of an elliptical trainer vs other fitness machines yes are you looking for information of a trainer vs a treadmill yes do you want more information about the benefits of an elliptical trainer yes i would like to know more
	33	F0786	What are the best elliptical trainers for home use?	Find information about elliptical trainer	are you interested in different brands of elliptical trainer	yes	would you like to see reviews on elliptical trainers	yes specifically i would like to see revies on elliptical trainers for home use	are you looking for a suitable elliptical machine to use at home	yes i am looking for ellipticals to use at home	Find information about elliptical trainer are you interested in different brands of elliptical trainer yes would you like to see reviews on elliptical trainers yes specifically i would like to see revies on elliptical trainers for home use are you looking for a suitable elliptical machine to use at home yes i am looking for ellipticals to use at home
	34	F0788	Find information on prepaid cell phones. What companies offer them? What kind of phones are available?	Tell me about cell phones.	are you looking for prepaid phones	yes i want to know which companies sell them and what choices there are as well as any information onprepaid cell phones	did you want to know what the most popular cell phones are	yes any kind of information	were you looking for how cell phones work	yes what companies have prepaid phones and what kind are available	Tell me about cell phones. are you looking for prepaid phones yes i want to know which companies sell them and what choices there are as well as any information onprepaid cell phones did you want to know what the most popular cell phones are yes any kind of information were you looking for how cell phones work yes what companies have prepaid phones and what kind are available
	34	F0789	What cell phone companies offer Motorola phones?	Tell me about cell phones.	are you interested in a specific brand of cell phone	yes im looking for a motorola phone					Tell me about cell phones. are you interested in a specific brand of cell phone yes im looking for a motorola phone
	34	F0790	Where can I find information on buying unlocked phones?	Tell me about cell phones.	would you like an unlocked phone	yes give me some steps on how to buy one					Tell me about cell phones. would you like an unlocked phone yes give me some steps on how to buy one
	35	F0791	Find restaurants in Hoboken.	Find information on Hoboken	do you want to see points of interest in hoboken	yes i want to see points of interest in hoboken	are you looking for a specific web page	yes one that shows a list of restaurants in hoboken	are you looking for food in hoboken	yes restaurant food in hoboken	Find information on Hoboken do you want to see points of interest in hoboken yes i want to see points of interest in hoboken are you looking for a specific web page yes one that shows a list of restaurants in hoboken are you looking for food in hoboken yes restaurant food in hoboken
	35	F0792	Find the homepage for the city of Hoboken, NJ.	Find information on Hoboken	are you looking for a specific web page	yes the one for the city of hoboken nj					Find information on Hoboken are you looking for a specific web page yes the one for the city of hoboken nj
	35	F0793	I'm looking for the history of Hoboken, NJ.	Find information on Hoboken	do you want to see points of interest in hoboken	yes if they are related to the history	would you like to know the history of hoboken	yes i would			Find information on Hoboken do you want to see points of interest in hoboken yes if they are related to the history would you like to know the history of hoboken yes i would
	35	F0794	I'm looking for information on bars and nightclubs in Hoboken, NJ.	Find information on Hoboken	are interested in the nightlife here	yes					Find information on Hoboken are interested in the nightlife here yes
	35	F0795	Find real estate listings for Hoboken, NJ.	Find information on Hoboken	are you looking for an apartment in hoboken	yes all real estate listings					Find information on Hoboken are you looking for an apartment in hoboken yes all real estate listings
	36	F0797	Find reviews of GPS units and car navigation systems.	Which gps receiver I should buy	are you looking for any specific device equipped with gps	yes car navigation systems	are you looking for car navigators	yes i am looking for car navigation			Which gps receiver I should buy are you looking for any specific device equipped with gps yes car navigation systems are you looking for car navigators yes i am looking for car navigation
	37	F0799	How do I host a Pampered Chef cooking show?	Tell me about pampered chef	would you like to host the show	yes					Tell me about pampered chef would you like to host the show yes
	37	F0800	How do I become a Pampered Chef consultant?	Tell me about pampered chef	would you like to see the current pampered chef catalog	yes i would love to see the current pampered chef catalog	would you like to become a pampered chef consultant	yes how do i do this			Tell me about pampered chef would you like to see the current pampered chef catalog yes i would love to see the current pampered chef catalog would you like to become a pampered chef consultant yes how do i do this
	37	F0801	Find some recipes from The Pampered Chef.	Tell me about pampered chef	are you trying to buy pampered chef	yes i m trying to buy pampered chef	would you like to find pampered chef recipes	yes i want recipes from the pampered chef			Tell me about pampered chef are you trying to buy pampered chef yes i m trying to buy pampered chef would you like to find pampered chef recipes yes i want recipes from the pampered chef
	37	F0802	I would like to find reviews of The Pampered Chef programs, products, and recipes.	Tell me about pampered chef	are you looking for reviews related to the pampered chef	yes specifically recipe product and program reviews	would you like to see the current pampered chef catalog	yes	would you like to find pampered chef recipes	yes as well as productss and programs	Tell me about pampered chef are you looking for reviews related to the pampered chef yes specifically recipe product and program reviews would you like to see the current pampered chef catalog yes would you like to find pampered chef recipes yes as well as productss and programs
	38	F0803	Find organizations that offer dogs for adoption.	How can I adopt a dog	are you willing to adopt a shelter dog	yes and i woul like an organization that will sell me one	would you like to see local spca or humane societies	yes i would like to see the local humane society organization that has dogs for adoption			How can I adopt a dog are you willing to adopt a shelter dog yes and i woul like an organization that will sell me one would you like to see local spca or humane societies yes i would like to see the local humane society organization that has dogs for adoption
	38	F0804	Take me to the homepage of the Humane Society.	How can I adopt a dog	would you like to see local spca or humane societies	yes local human societies	are you looking for a specific website	yes the humane society			How can I adopt a dog would you like to see local spca or humane societies yes local human societies are you looking for a specific website yes the humane society
	38	F0805	What should I know about adopting a dog?	How can I adopt a dog	are you willing to adopt a shelter dog	yes i want to know the procedures to do that	would you like to how to adopt a dog	yes	would you like to see local spca or humane societies	yes	How can I adopt a dog are you willing to adopt a shelter dog yes i want to know the procedures to do that would you like to how to adopt a dog yes would you like to see local spca or humane societies yes
	39	F0806	What hotels are near Disneyland?	Give me information about Disneyland hotel.	do you want to know how much it costs to stay here	yes and the name and locations of hotels	are you looking for a hotel inside disneyland	yes inside or near disneyland	are you wondering where disneyland hotels are located	yes i would like to know what hotels are near disneyland	Give me information about Disneyland hotel. do you want to know how much it costs to stay here yes and the name and locations of hotels are you looking for a hotel inside disneyland yes inside or near disneyland are you wondering where disneyland hotels are located yes i would like to know what hotels are near disneyland
	39	F0807	Find information on package deals from hotels near Disneyland.	Give me information about Disneyland hotel.	are you interested in staying here for certain dates	yes what sorts of package deals from disneyland area hotels are there	do you want to book a stay here	yes and i want to find deals	do you want to know how much it costs to stay here	yes and information on package deals	Give me information about Disneyland hotel. are you interested in staying here for certain dates yes what sorts of package deals from disneyland area hotels are there do you want to book a stay here yes and i want to find deals do you want to know how much it costs to stay here yes and information on package deals
	39	F0808	Find reviews of Disneyland hotels.	Give me information about Disneyland hotel.	would you like to read some reviews	yes id like some reviews of disneyland hotels	are you looking for a hotel inside disneyland	yes i am looking for a place to stay in disneyland	are you looking for details about disneyland hotels	yes i would like to hear reviews of the hotels	Give me information about Disneyland hotel. would you like to read some reviews yes id like some reviews of disneyland hotels are you looking for a hotel inside disneyland yes i am looking for a place to stay in disneyland are you looking for details about disneyland hotels yes i would like to hear reviews of the hotels
	39	F0809	Find special offers such as reduced ticket rates at Disneyland.	Give me information about Disneyland hotel.	do you need information about special deals	yes					Give me information about Disneyland hotel. do you need information about special deals yes
	4	F0810	What different kinds of toilets exist, and how do they differ?	How to change the toilet in the house	would you like to know about different types of toilets	yes i would like to know the different types of toilets that exist and their differences					How to change the toilet in the house would you like to know about different types of toilets yes i would like to know the different types of toilets that exist and their differences
	4	F0812	Where can I buy parts for American Standard toilets?	How to change the toilet in the house	are you looking for specific products related to toilets	yes i want a list of parts stores	are you trying to find specific toilet parts	yes parts for an american standard toilet	are you trying to fix your toilet	yes i want a list of local parts stores	How to change the toilet in the house are you looking for specific products related to toilets yes i want a list of parts stores are you trying to find specific toilet parts yes parts for an american standard toilet are you trying to fix your toilet yes i want a list of local parts stores
	4	F0813	How do I fix a toilet that isn't working properly?	How to change the toilet in the house	are you trying to fix your toilet	yes i am looking how to fix it	do you need to repair your toilet	yes i would like to repair my toilet			How to change the toilet in the house are you trying to fix your toilet yes i am looking how to fix it do you need to repair your toilet yes i would like to repair my toilet
	4	F0815	I'm looking for a Kohler wall-hung toilet. Where can I buy one?	How to change the toilet in the house	are you looking for specific products related to toilets	yes a kohler wallhung toilet	would you like a new toilet	yes where can i find kohlers wall hung toilet to buy			How to change the toilet in the house are you looking for specific products related to toilets yes a kohler wallhung toilet would you like a new toilet yes where can i find kohlers wall hung toilet to buy
	40	F0816	What jobs are available in Michigan?	what are the popular jobs in Michigan	would you like help searching for work in michigan	yes					what are the popular jobs in Michigan would you like help searching for work in michigan yes
	40	F0817	Find career resources and information on job seeking in Michigan.	what are the popular jobs in Michigan	would you like help searching for work in michigan	yes i am looking for job seeking information for michigan	are you looking for michworks career information	yes please	can i take you to the resource page at the michworks website	yes please show me the resources page	what are the popular jobs in Michigan would you like help searching for work in michigan yes i am looking for job seeking information for michigan are you looking for michworks career information yes please can i take you to the resource page at the michworks website yes please show me the resources page
	40	F0818	Find information about services available to the unemployed in Michigan.	what are the popular jobs in Michigan	would you like application information for the michegan works program	yes	can i take you to the resource page at the michworks website	yes please take me to the resources page	do you need help navigating the website	yes for services availalble to the unemployed	what are the popular jobs in Michigan would you like application information for the michegan works program yes can i take you to the resource page at the michworks website yes please take me to the resources page do you need help navigating the website yes for services availalble to the unemployed
	41	F0819	Find a schedule of events taking place at the Orange County Convention Center.	Looking for information about the Orange County Convention Center	are you looking for events	yes im looking for events taking place at the orange county convention center	do you want to know the events going on here	yes i would like a schedule	are you looking for things to do around that area	yes i need a schedule	Looking for information about the Orange County Convention Center are you looking for events yes im looking for events taking place at the orange county convention center do you want to know the events going on here yes i would like a schedule are you looking for things to do around that area yes i need a schedule
	41	F0820	How do I reserve the Orange County Convention Center for an event?	Looking for information about the Orange County Convention Center	do you want to know their hours of operation	yes and how to reserve the convention center for an event	are you looking for the convention center in florida	yes	are you planning any events there	yes i would like information about booking events there	Looking for information about the Orange County Convention Center do you want to know their hours of operation yes and how to reserve the convention center for an event are you looking for the convention center in florida yes are you planning any events there yes i would like information about booking events there
	41	F0821	What hotels are near the Orange County Convention Center?	Looking for information about the Orange County Convention Center	do you need a hotel	yes	do you need a map	yes and highlight hotels nearby	do you want to know the address	yes addresses of hotels near the convention center	Looking for information about the Orange County Convention Center do you need a hotel yes do you need a map yes and highlight hotels nearby do you want to know the address yes addresses of hotels near the convention center
	42	F0822	Find lyrics for songs from The Music Man.	I’m looking for the music man.	are you interested in the music man	yes i am interested in the music mans song lyrics	are you looking for lyrics from the songs from the music man	yes i am			I’m looking for the music man. are you interested in the music man yes i am interested in the music mans song lyrics are you looking for lyrics from the songs from the music man yes i am
	42	F0823	Find current performances of The Music Man.	I’m looking for the music man.	are you interested in the music man	yes i am looking for current performances of the music man	do you need tickets for the music man	yes what dates are available	are you looking for a summary of the music man plot	yes	I’m looking for the music man. are you interested in the music man yes i am looking for current performances of the music man do you need tickets for the music man yes what dates are available are you looking for a summary of the music man plot yes
	42	F0824	Find recordings of songs from The Music Man.	I’m looking for the music man.	are you interested in the music man	yes	do you want to listen to songs from the music man	yes	are you looking for information on the music man musical	yes i want recordings of its songs	I’m looking for the music man. are you interested in the music man yes do you want to listen to songs from the music man yes are you looking for information on the music man musical yes i want recordings of its songs
	42	F0825	I'm looking for the script for The Music Man.	I’m looking for the music man.	are you interested in the music man	yes i would like to find the script for the music man	are you looking for information on the music man musical	yes i am looking for the script for the music man	are you looking for the script for the music man	yes	I’m looking for the music man. are you interested in the music man yes i would like to find the script for the music man are you looking for information on the music man musical yes i am looking for the script for the music man are you looking for the script for the music man yes
	43	F0826	Find reviews of the book The Secret Garden.	Find information about the secret garden.	are you interested in the original classic book by frances hodges burnett	yes i would like to read some reviews of the book written by frances hodges burnett	can we show you reviews of the original classic book the secret garden	yes please show me the reviews for the secret garden			Find information about the secret garden. are you interested in the original classic book by frances hodges burnett yes i would like to read some reviews of the book written by frances hodges burnett can we show you reviews of the original classic book the secret garden yes please show me the reviews for the secret garden
	43	F0828	I'm looking for biographical notes about Frances Hodgson Burnett.	Find information about the secret garden.	can i provide you information about frances hodgson burnett	yes id like biographical information	is the secret garden a book you are interested in	yes i am interested in the author of the book the secret garden			Find information about the secret garden. can i provide you information about frances hodgson burnett yes id like biographical information is the secret garden a book you are interested in yes i am interested in the author of the book the secret garden
	44	F0830	Find US road maps.	Find me map of USA	are you interested in a current map of the united states	yes especially road maps	do you want to see a map of the continental united states	yes road maps	would you like to know more about us geographic details	yes and i am also looking for road maps	Find me map of USA are you interested in a current map of the united states yes especially road maps do you want to see a map of the continental united states yes road maps would you like to know more about us geographic details yes and i am also looking for road maps
	44	F0831	Find detailed geographic maps of the United States.	Find me map of USA	are you interested in a current map of the united states	yes	do you want to see a map of the continental united states	yes i am looking specifically for detailed geographic maps of the united states	would you be interested in all of the capitals of the map of the united states	yes i would need very detailed information on a map of the united states	Find me map of USA are you interested in a current map of the united states yes do you want to see a map of the continental united states yes i am looking specifically for detailed geographic maps of the united states would you be interested in all of the capitals of the map of the united states yes i would need very detailed information on a map of the united states
	44	F0832	Find political maps of the United States showing the states and their capitals.	Find me map of USA	are you interested in a current map of the united states	yes and political maps	do you want to see a map of the continental united states	yes with the states and their capital cities labeled	do you want to see a political map of the united states	yes i would like to see this	Find me map of USA are you interested in a current map of the united states yes and political maps do you want to see a map of the continental united states yes with the states and their capital cities labeled do you want to see a political map of the united states yes i would like to see this
	44	F0833	Find printable maps of the United States.	Find me map of USA	are you interested in a current map of the united states	yes but it has to be printable	are you looking for a paper version of us map	yes			Find me map of USA are you interested in a current map of the united states yes but it has to be printable are you looking for a paper version of us map yes
	44	F0834	Find a black-and-white outline map of the United States such that a child could color.	Find me map of USA	do you want to see a map of the continental united states	yes but i need a blackandwhite one	are you looking for a paper version of us map	yes that would be good	are you looking for children coloring books	yes i need a coloring book that includes an outline of the united states of america	Find me map of USA do you want to see a map of the continental united states yes but i need a blackandwhite one are you looking for a paper version of us map yes that would be good are you looking for children coloring books yes i need a coloring book that includes an outline of the united states of america
	45	F0835	What kinds of solar panels and photovoltaic cells are there?	Give me information on solar panels.	are you looking for a specific type of solar panels	yes also what photovoltaic cells are there	do you need information about different types of solar panels	yes			Give me information on solar panels. are you looking for a specific type of solar panels yes also what photovoltaic cells are there do you need information about different types of solar panels yes
	45	F0836	Find information about solar panels that I can install on my home.	Give me information on solar panels.	are you looking for a specific type of solar panels	yes i am looking for residential solar panels	are you looking for information on purchasing and installing solar panels	yes	are you looking for specific information on solar power	yes how to install	Give me information on solar panels. are you looking for a specific type of solar panels yes i am looking for residential solar panels are you looking for information on purchasing and installing solar panels yes are you looking for specific information on solar power yes how to install
	45	F0837	Find information about nano-technological solar power.	Give me information on solar panels.	are you looking for a specific type of solar panels	yes nano technological type					Give me information on solar panels. are you looking for a specific type of solar panels yes nano technological type
	46	F0838	Go to the Alexian Brothers Health System homepage.	Give me information about Alexian Brothers hospitals.	do you need their homepage	yes i am looking for the homepage for alexian brothers hospital					Give me information about Alexian Brothers hospitals. do you need their homepage yes i am looking for the homepage for alexian brothers hospital
	46	F0839	Find information about the Alexian Brothers lay Catholic order.	Give me information about Alexian Brothers hospitals.	are you looking for the alexian brothers lay catholic order	yes i am					Give me information about Alexian Brothers hospitals. are you looking for the alexian brothers lay catholic order yes i am
	46	F0840	Find Alexian Brothers hospitals.	Give me information about Alexian Brothers hospitals.	do you need their homepage	yes	do you want the contact info for alexian brothers hospital	yes specifically where they are located			Give me information about Alexian Brothers hospitals. do you need their homepage yes do you want the contact info for alexian brothers hospital yes specifically where they are located
	47	F0841	What is an indexed annuity? What are their advantages and disadvantages? What kinds of indexed annuities are there?	Tell me more about USA tax for annuity	do you want to know how much an indexed annuity would cost	yes but also the differences in each annuity	do you want to know if an indexed annuity a good investment	yes	would you like reasons not to invest in an indexed annuity	yes and reasons to do so as well	Tell me more about USA tax for annuity do you want to know how much an indexed annuity would cost yes but also the differences in each annuity do you want to know if an indexed annuity a good investment yes would you like reasons not to invest in an indexed annuity yes and reasons to do so as well
	47	F0842	Where can I buy an indexed annuity? What investment companies offer them?	Tell me more about USA tax for annuity	are you considering purchasing an indexed annuity	yes	would you like to purchase a indexed annuity	yes i would like to buy an indexed annuity	do you know what an indexed annuity is	yes but i need to know what companies i can buy an indexed annuity from	Tell me more about USA tax for annuity are you considering purchasing an indexed annuity yes would you like to purchase a indexed annuity yes i would like to buy an indexed annuity do you know what an indexed annuity is yes but i need to know what companies i can buy an indexed annuity from
	48	F0843	Go to the Wilson Antenna homepage.	tell me about wilson antenna	are you looking for a specific web page	yes the wilson antenna homepage					tell me about wilson antenna are you looking for a specific web page yes the wilson antenna homepage
	48	F0844	What kinds of CB antennas does Wilson Antenna sell?	tell me about wilson antenna	are you looking for wilson antenna parts	yes but only various cb antennas					tell me about wilson antenna are you looking for wilson antenna parts yes but only various cb antennas
	48	F0845	What is the best antenna from Wilson for a big truck?	tell me about wilson antenna	would you like to read some reviews of wilson antennas	yes that would be helpful get more information	are you looking to buy an antenna or read more about the antenna	yes i want to read about the best antenna from wilson for a big truck			tell me about wilson antenna would you like to read some reviews of wilson antennas yes that would be helpful get more information are you looking to buy an antenna or read more about the antenna yes i want to read about the best antenna from wilson for a big truck
	48	F0846	Find reviews of Wilson antennas.	tell me about wilson antenna	would you like to read some reviews of wilson antennas	yes					tell me about wilson antenna would you like to read some reviews of wilson antennas yes
	49	F0847	Find free flame design clipart I can use on a website.	I'm looking for flame designs	are you looking for flame design outline	yes					I'm looking for flame designs are you looking for flame design outline yes
	49	F0848	I'm looking for good flame tattoo designs.	I'm looking for flame designs	are you looking for flame designs for a tattoo	yes im looking for a good flame tattoo design					I'm looking for flame designs are you looking for flame designs for a tattoo yes im looking for a good flame tattoo design
	49	F0850	I want to find flame design decals I can put on my car or motorcycle.	I'm looking for flame designs	would you want to buy flame design stickers	yes for my motrocycle					I'm looking for flame designs would you want to buy flame design stickers yes for my motrocycle
	49	F0851	I'm looking for flame design stencils.	I'm looking for flame designs	would you want to buy flame design stickers	yes for sure i would buy					I'm looking for flame designs would you want to buy flame design stickers yes for sure i would buy
	5	F0852	Find the homepage for Mitchell College.	Find information about Mitchell College.	are you interested in a specific web page	yes i want the colleges homepage	are you looking for information on mitchell college in connecticut	yes this is the college am interested in	are you referring to the college in new london conneticut	yes i wish infromation on mitchell college in new london	Find information about Mitchell College. are you interested in a specific web page yes i want the colleges homepage are you looking for information on mitchell college in connecticut yes this is the college am interested in are you referring to the college in new london conneticut yes i wish infromation on mitchell college in new london
	5	F0853	Find the homepage for the athletics department at Mitchell College.	Find information about Mitchell College.	are you interested in a specific web page	yes im interested in the athletics department home page for mitchell college					Find information about Mitchell College. are you interested in a specific web page yes im interested in the athletics department home page for mitchell college
	5	F0854	Find information on admissions to Mitchell College. How do I become a student there?	Find information about Mitchell College.	are you interested in a specific web page	yes i am looking for the admissions page to mitchell college	would you like to know about the admission procedure of mitchel college	yes i would like to find the admission procedures at mitchell college	are you looking for information on mitchell college in connecticut	yes i need to know how to apply there	Find information about Mitchell College. are you interested in a specific web page yes i am looking for the admissions page to mitchell college would you like to know about the admission procedure of mitchel college yes i would like to find the admission procedures at mitchell college are you looking for information on mitchell college in connecticut yes i need to know how to apply there
	50	F0855	What is the effect of excessive heat on dogs?	Info on dog heat?	are you looking for symptoms of dog heat	yes					Info on dog heat? are you looking for symptoms of dog heat yes
	50	F0856	What are symptoms of heat stroke and other heat-related illnesses in dogs?	Info on dog heat?	are you looking for any specific heatrelated illness in dogs	yes symptoms related to heat strokes	are you looking for symptoms of dog heat	yes what happens when they get too hot	what would you like to know about the dog heat season	yes	Info on dog heat? are you looking for any specific heatrelated illness in dogs yes symptoms related to heat strokes are you looking for symptoms of dog heat yes what happens when they get too hot what would you like to know about the dog heat season yes
	50	F0857	"Find information on dogs' reproductive cycle. What does it mean when a dog is ""in heat""?"	Info on dog heat?	would you like to know the symptoms of a dog in heat	yes	what would you like to know about the dog heat season	yes	would you like to know how to care for your dog during heat	yes that would be great	Info on dog heat? would you like to know the symptoms of a dog in heat yes what would you like to know about the dog heat season yes would you like to know how to care for your dog during heat yes that would be great
	51	F0858	Find information about horses' hooves and how to care for them.	Tell me more about horse hooves	are you asking about a horses feet	yes about horse hooves	what would you like to know about horse hooves	yes how to care for them	are you inquiring about the animals hooves	yes i want to know information about horses hooves and how to care for them	Tell me more about horse hooves are you asking about a horses feet yes about horse hooves what would you like to know about horse hooves yes how to care for them are you inquiring about the animals hooves yes i want to know information about horses hooves and how to care for them
	51	F0859	Find pictures of horse hooves.	Tell me more about horse hooves	are you asking about a horses feet	yes	are you inquiring about the animals hooves	yes i would like images of horse hooves	do you need your horses hooves trimmed	yes you do have to trim horses hooves	Tell me more about horse hooves are you asking about a horses feet yes are you inquiring about the animals hooves yes i would like images of horse hooves do you need your horses hooves trimmed yes you do have to trim horses hooves
	51	F0860	What are some injuries or diseases of hooves in horses, and how are they treated?	Tell me more about horse hooves	are you asking about a horses feet	yes i would like to know information about injuries or diseases to horses hooves or feet	would you like to know about horse hooves diseases	yes and injuries	are you inquiring about the animals hooves	yes i want to know about injuries or diseases of horse hooves and how are they treated	Tell me more about horse hooves are you asking about a horses feet yes i would like to know information about injuries or diseases to horses hooves or feet would you like to know about horse hooves diseases yes and injuries are you inquiring about the animals hooves yes i want to know about injuries or diseases of horse hooves and how are they treated
	51	F0861	Describe the anatomy of horses' feet and hooves.	Tell me more about horse hooves	are you asking about a horses feet	yes i want to know about their anatomy	do you want to know what horse hooves are made from	yes i would like information about their anatomy	are you inquiring about the animals hooves	yes i want to know about horse hooves	Tell me more about horse hooves are you asking about a horses feet yes i want to know about their anatomy do you want to know what horse hooves are made from yes i would like information about their anatomy are you inquiring about the animals hooves yes i want to know about horse hooves
	51	F0862	Find information on shoeing horses and horseshoe problems.	Tell me more about horse hooves	are you asking about a horses feet	yes i would like to know more about a shoeing horses	are you looking for information about horseshoe	yes			Tell me more about horse hooves are you asking about a horses feet yes i would like to know more about a shoeing horses are you looking for information about horseshoe yes
	52	F0863	Go to the homepage for the AVP, sponsor of professional beach volleyball events.	Tell me about avp	are you looking for avp beach volleyball	yes	are you looking for a specific web site	yes avp the sponser of professional volleyball	are you referring to a specific company	yes the homepage of avp	Tell me about avp are you looking for avp beach volleyball yes are you looking for a specific web site yes avp the sponser of professional volleyball are you referring to a specific company yes the homepage of avp
	52	F0864	Find information about pro beach volleyball tournaments and events sponsored by AVP.	Tell me about avp	are you looking for avp beach volleyball	yes i need information on tournaments	would you like information about the association of volleyball professionals	yes specifically information on their pro beach volleyball tournaments and events			Tell me about avp are you looking for avp beach volleyball yes i need information on tournaments would you like information about the association of volleyball professionals yes specifically information on their pro beach volleyball tournaments and events
	52	F0865	Find the homepage for AVP antivirus software.	Tell me about avp	are you looking for a specific web site	yes i want the avp antivirus software website	are you referring to a software	yes	are you referring to a specific company	yes i am interested in avp	Tell me about avp are you looking for a specific web site yes i want the avp antivirus software website are you referring to a software yes are you referring to a specific company yes i am interested in avp
	52	F0866	Find reviews of AVP antivirus software and comparisons to other products.	Tell me about avp	would you rather read some reviews about avp antivirus	yes and comparisons to other products	are you referring to a software	yes i need reviews of this software			Tell me about avp would you rather read some reviews about avp antivirus yes and comparisons to other products are you referring to a software yes i need reviews of this software
	52	F0867	Find information about the Avon Products (AVP) company.	Tell me about avp	are you looking for a specific web site	yes avon products	would you like information about the alternatives to violence project	yes	would you like stock information for avon products incorporated	yes that would be perfect	Tell me about avp are you looking for a specific web site yes avon products would you like information about the alternatives to violence project yes would you like stock information for avon products incorporated yes that would be perfect
	52	F0868	"Find sites devoted to the ""Alien vs. Predator"" movie franchise."	Tell me about avp	would you like to know about the alien versus predator movie	yes	are you referring to alien vs predator	yes i am			Tell me about avp would you like to know about the alien versus predator movie yes are you referring to alien vs predator yes i am
	53	F0869	Find the Discovery Channel store homepage.	discovery channel store	shall i open discovery channel store homepage	yes please	are you needing store information	yes i am looking for the discovery channel store online			discovery channel store shall i open discovery channel store homepage yes please are you needing store information yes i am looking for the discovery channel store online
	53	F0870	Find Discovery Channel store locations.	discovery channel store	shall i open discovery channel store homepage	yes	are you looking for locations	yes i am			discovery channel store shall i open discovery channel store homepage yes are you looking for locations yes i am
	53	F0871	Find science toys and products geared towards teaching science to kids sold by Discovery Channel stores.	discovery channel store	shall i open discovery channel store homepage	yes i need to know about toys they sell relating to teaching science to kids	are you looking for a mythbusters product	yes that would be wonderful	are you needing store information	yes	discovery channel store shall i open discovery channel store homepage yes i need to know about toys they sell relating to teaching science to kids are you looking for a mythbusters product yes that would be wonderful are you needing store information yes
	53	F0872	Find Discovery Channel store products based on the Animal Planet program.	discovery channel store	are you looking for a deadliest catch product	yes i am looking for products but not from deadliest catch	is there a specific product you are looking for from the store	yes i want products based on the animal planet program	shall i open discovery channel store homepage	yes and find products based on animal planet	discovery channel store are you looking for a deadliest catch product yes i am looking for products but not from deadliest catch is there a specific product you are looking for from the store yes i want products based on the animal planet program shall i open discovery channel store homepage yes and find products based on animal planet
	54	F0873	Find the homepage of the President of the United States.	I'm looking for information on the president of the united states	do you want information on the current us president	yes i woild like to find the us presidents homepage	do you want to learn about our president	yes so i would ike to access his homepage			I'm looking for information on the president of the united states do you want information on the current us president yes i woild like to find the us presidents homepage do you want to learn about our president yes so i would ike to access his homepage
	54	F0874	Find information about the current President of the United States, Barack Obama.	I'm looking for information on the president of the united states	are you looking for the current president of the united states	yes i am looking for information about barack obama	do you want to learn about our president	yes i do please give me information about him			I'm looking for information on the president of the united states are you looking for the current president of the united states yes i am looking for information about barack obama do you want to learn about our president yes i do please give me information about him
	54	F0875	Find a list of past Presidents of the United States.	I'm looking for information on the president of the united states	are you interested in history of presidents	yes i want a list of past presidents	are you looking for a list of all us presidents	yes i want a list of past us presidents			I'm looking for information on the president of the united states are you interested in history of presidents yes i want a list of past presidents are you looking for a list of all us presidents yes i want a list of past us presidents
	54	F0876	Find historical information about the office of the President of the United States.	I'm looking for information on the president of the united states	are you interested in learning about a presidents power	yes i want historical information	do you want to know about the office of the president of the us	yes historical information	do you want to know how a us president is elected	yes and other information regarding the office of president	I'm looking for information on the president of the united states are you interested in learning about a presidents power yes i want historical information do you want to know about the office of the president of the us yes historical information do you want to know how a us president is elected yes and other information regarding the office of president
	55	F0879	Find information about iron as an essential nutrient.	tell me about iron	do you know about why its important to have iron in your diet	yes					tell me about iron do you know about why its important to have iron in your diet yes
	55	F0880	What foods contain iron?	tell me about iron	would you like to know information about iron fe	yes i would like to know which foods contain iron	are you looking for a list of foods that are a good source of iron	yes can you please give me a list of foods containing iron			tell me about iron would you like to know information about iron fe yes i would like to know which foods contain iron are you looking for a list of foods that are a good source of iron yes can you please give me a list of foods containing iron
	55	F0881	Find sites where I can buy iron supplements.	tell me about iron	would you like to buy supplements	yes i would like to find a site to buy iron supplements	would you like to know about iron deficiencies	sure but also tell me some sites where i can buy iron supplements			tell me about iron would you like to buy supplements yes i would like to find a site to buy iron supplements would you like to know about iron deficiencies sure but also tell me some sites where i can buy iron supplements
	55	F0882	Find information about the element iron (Fe).	tell me about iron	would you like to know information about iron fe	yes	would you like to know irons atomic number or mass	yes	are you looking for irons melting point	yes i am looking for general information about iron	tell me about iron would you like to know information about iron fe yes would you like to know irons atomic number or mass yes are you looking for irons melting point yes i am looking for general information about iron
	55	F0883	Find information about iron deficiencies.	tell me about iron	would you like to know about iron deficiencies	yes exactly	would you like to know information about iron fe	yes and its deficiencies	are you trying to determine whats a safe amount of iron in your blood	yes as well as iron deficiencies	tell me about iron would you like to know about iron deficiencies yes exactly would you like to know information about iron fe yes and its deficiencies are you trying to determine whats a safe amount of iron in your blood yes as well as iron deficiencies
	56	F0885	Find historical information about the USS Yorktown aircraft carriers used during World War 2.	tell me about uss yorktown charleston SC	do you want to know where the uss yorktown is currently located	yes					tell me about uss yorktown charleston SC do you want to know where the uss yorktown is currently located yes
	56	F0886	Find information about the USS Yorktown exhibit at the Patriots Point museum.	tell me about uss yorktown charleston SC	would you like to see reviews of the uss yorktown tour	yes	do you need information for group or individual ticket prices for tours of the uss yorktown	yes adn any other informatio0n you may have			tell me about uss yorktown charleston SC would you like to see reviews of the uss yorktown tour yes do you need information for group or individual ticket prices for tours of the uss yorktown yes adn any other informatio0n you may have
	57	F0887	Find sites for finding a job in Connecticut.	tell me about ct jobs	are you looking for ct jobs in your area	yes i m searching for ct jobs	are you looking for jobs in the state of conneticut	yes i need some websites for jobs	do you want to know more about jobs in connecticut	yes	tell me about ct jobs are you looking for ct jobs in your area yes i m searching for ct jobs are you looking for jobs in the state of conneticut yes i need some websites for jobs do you want to know more about jobs in connecticut yes
	57	F0888	Take me to the homepage for the Connecticut Department of Labor.	tell me about ct jobs	is there any specific web page on your mind	yes i want the homepage of the conneticut department of labor	do you want to know more about jobs in connecticut	yes but specifically the webpage for department of labor in connecticut	do you want to know who is hiring here	yes i would like a job in connecticut	tell me about ct jobs is there any specific web page on your mind yes i want the homepage of the conneticut department of labor do you want to know more about jobs in connecticut yes but specifically the webpage for department of labor in connecticut do you want to know who is hiring here yes i would like a job in connecticut
	57	F0889	What kinds of jobs are most common in the state of Connecticut?	tell me about ct jobs	are you interested in the common jobs in connecticut	yes id like to know the most common jobs in connecticut	are you looking for ct jobs in your area	yes i want to find out what kinds of regular jobs there are in conneticut	are you looking for jobs in the state of conneticut	yes the most common jobs available	tell me about ct jobs are you interested in the common jobs in connecticut yes id like to know the most common jobs in connecticut are you looking for ct jobs in your area yes i want to find out what kinds of regular jobs there are in conneticut are you looking for jobs in the state of conneticut yes the most common jobs available
	58	F0891	Find the homepage of the Pittsburgh Penguins	Find information about penguins.	are you looking for a specific web page	yes					Find information about penguins. are you looking for a specific web page yes
	58	F0892	Find Pittsburgh Penguins merchandise such as hockey jerseys.	Find information about penguins.	would you like to buy some stuff related pittsburgh penguins	yes i would like to see their options and designs	are you interested in a specific type of penguin	yes i would like to find merchandise available for the pittsburgh penguins hockey team			Find information about penguins. would you like to buy some stuff related pittsburgh penguins yes i would like to see their options and designs are you interested in a specific type of penguin yes i would like to find merchandise available for the pittsburgh penguins hockey team
	58	F0893	Find information about penguins.	Find information about penguins.	would you like to buy a book about this topic	yes a book about penguins	are you interested in where penguins live	yes and other general information	are you looking for some photos	yes and other information as well	Find information about penguins. would you like to buy a book about this topic yes a book about penguins are you interested in where penguins live yes and other general information are you looking for some photos yes and other information as well
	58	F0894	Find penguin photos.	Find information about penguins.	are you looking for any specific information about the birds	yes i need photos of them	are you looking for some photos	yes am looking for penguin photos			Find information about penguins. are you looking for any specific information about the birds yes i need photos of them are you looking for some photos yes am looking for penguin photos
	58	F0895	"Find pictures of the penguins from the animated movie, ""Madagascar""."	Find information about penguins.	are you looking for some photos	yes images of the animated movie would be helpful					Find information about penguins. are you looking for some photos yes images of the animated movie would be helpful
	59	F0896	Find information about building a wooden fence.	how to build a fence?	are you interested in the costs of building a fence	yes as well as other information about that	are you looking for fencebuilding materials	yes and i need to know how to build a wooden fence	are you looking for instructions to build a fence	yes a wooden fence	how to build a fence? are you interested in the costs of building a fence yes as well as other information about that are you looking for fencebuilding materials yes and i need to know how to build a wooden fence are you looking for instructions to build a fence yes a wooden fence
	59	F0897	Find information about building chain-link fences.	how to build a fence?	are you interested in the costs of building a fence	yes specifically chainlink fences	are you looking for fencebuilding materials	yes and steps on how to erect a chainlink fence	are you looking for instructions to build a fence	yes	how to build a fence? are you interested in the costs of building a fence yes specifically chainlink fences are you looking for fencebuilding materials yes and steps on how to erect a chainlink fence are you looking for instructions to build a fence yes
	59	F0898	What materials are best for building fences?	how to build a fence?	are you looking for fencebuilding materials	yes	are you looking for instructions to build a fence	yes instructions to build a fence			how to build a fence? are you looking for fencebuilding materials yes are you looking for instructions to build a fence yes instructions to build a fence
	59	F0899	Where can I buy materials for building a fence?	how to build a fence?	are you looking for fencebuilding materials	yes	are you looking for places to buy fencebuilding materials	yes	are you using this around the yard	yes i need to find the closest place to purchase the buiding materials	how to build a fence? are you looking for fencebuilding materials yes are you looking for places to buy fencebuilding materials yes are you using this around the yard yes i need to find the closest place to purchase the buiding materials
	60	F0901	Find information about Bellevue, Washington.	Tell me about Bellevue.	are you referring to bellevue washington	yes i am referring to bellvue washington	do you want to know more about companies headquartered in bellevue washington	yes and any other information relevant to bellevue washington	are you referring to bellevue iowa	yes i am	Tell me about Bellevue. are you referring to bellevue washington yes i am referring to bellvue washington do you want to know more about companies headquartered in bellevue washington yes and any other information relevant to bellevue washington are you referring to bellevue iowa yes i am
	60	F0902	Find information about Bellevue, Nebraska.	Tell me about Bellevue.	do you need information about bellevue nebraska	yes i do	do you want to know about the nearest town named bellevue	yes id like more information about that town	are you referring to bellevue nebraska	yes i am	Tell me about Bellevue. do you need information about bellevue nebraska yes i do do you want to know about the nearest town named bellevue yes id like more information about that town are you referring to bellevue nebraska yes i am
	60	F0903	Find information about Bellevue Hospital Center in New York, NY.	Tell me about Bellevue.	are you looking for a hospital in new york ny	yes information on bellevue hospital new york ny					Tell me about Bellevue. are you looking for a hospital in new york ny yes information on bellevue hospital new york ny
	60	F0904	Find the homepage of Bellevue University.	Tell me about Bellevue.	are you looking for the college	yes	are you looking for the university the bellevue	yes but the homepage			Tell me about Bellevue. are you looking for the college yes are you looking for the university the bellevue yes but the homepage
	60	F0905	Find the homepage of Bellevue College, Washington.	Tell me about Bellevue.	are you referring to bellevue washington	yes the college					Tell me about Bellevue. are you referring to bellevue washington yes the college
	60	F0906	Find the homepage of Bellevue Hospital Center in New York, NY.	Tell me about Bellevue.	are you looking for a hospital in new york ny	yes bellevue hospital center in new york ny please					Tell me about Bellevue. are you looking for a hospital in new york ny yes bellevue hospital center in new york ny please
	61	F0907	Find information about computer worms, viruses, and spyware.	I’m looking for information on worm	are you interested in knowing more about a computer worm	yes give me this information	are you looking for information about computer viruses	yes im looking for more on computer viruses			I’m looking for information on worm are you interested in knowing more about a computer worm yes give me this information are you looking for information about computer viruses yes im looking for more on computer viruses
	61	F0908	Find information about worms in nature.	I’m looking for information on worm	do you want to know facts about the creature worm	yes the creature worm in nature	do you want to know where worms come from	yes i want to know where worms come from	are you looking for information on the life cycle of worms	yes i am looking into worms in nature	I’m looking for information on worm do you want to know facts about the creature worm yes the creature worm in nature do you want to know where worms come from yes i want to know where worms come from are you looking for information on the life cycle of worms yes i am looking into worms in nature
	61	F0909	Find information about the Conficker worm.	I’m looking for information on worm	do you want to know facts about the creature worm	yes	would you like to know what a conficker is	yes	do you want to find out about the animal worm or a why a person is called a worm	yes i want only information on the animal worm	I’m looking for information on worm do you want to know facts about the creature worm yes would you like to know what a conficker is yes do you want to find out about the animal worm or a why a person is called a worm yes i want only information on the animal worm
	62	F0910	Find the homepage for supporters of the U.S. Border Patrol in Texas.	Tell me about texas border patrol.	are you looking for a specific web page	yes i am looking for the homepage for supporters of us border patrol in texas	do you want a phone number to call	yes and the homepage for the supporters of the us border patrol in texas			Tell me about texas border patrol. are you looking for a specific web page yes i am looking for the homepage for supporters of us border patrol in texas do you want a phone number to call yes and the homepage for the supporters of the us border patrol in texas
	62	F0911	Find information on the mission of the U.S. Border Patrol in Texas.	Tell me about texas border patrol.	are you interested in what their job duties are	yes but from a big picture standpoint of their overall job description	are you trying to find out if they can use deadly force	yes and what their mission is	do you want a phone number to call	yes i want a number to border control	Tell me about texas border patrol. are you interested in what their job duties are yes but from a big picture standpoint of their overall job description are you trying to find out if they can use deadly force yes and what their mission is do you want a phone number to call yes i want a number to border control
	62	F0912	How do I get a job with the U.S. Border Patrol in Texas?	Tell me about texas border patrol.	do you want to know how to become one	yes i would like to know how to get a job with the texas border patrol	do you want to know information about the patrol	yes i want to get a job at texas border patrol			Tell me about texas border patrol. do you want to know how to become one yes i would like to know how to get a job with the texas border patrol do you want to know information about the patrol yes i want to get a job at texas border patrol
	63	F0913	Find information about Flushing, a neighborhood in New York City.	Find information about flushing.	are you referring to flushing new york	yes					Find information about flushing. are you referring to flushing new york yes
	63	F0914	Find information about causes of excessive facial flushing.	Find information about flushing.	do you want to know why your face is flushing	yes					Find information about flushing. do you want to know why your face is flushing yes
	63	F0915	Why do people blush? What is blushing?	Find information about flushing.	would you like to know about blushing	yes i would like to know what is blushing	arey you conerned about someones face becoming red	yes	do you want to know why your face is flushing	yes	Find information about flushing. would you like to know about blushing yes i would like to know what is blushing arey you conerned about someones face becoming red yes do you want to know why your face is flushing yes
	63	F0916	Find a street map of Flushing, NY.	Find information about flushing.	are you referring to flushing new york	yes exactly					Find information about flushing. are you referring to flushing new york yes exactly
	64	F0917	What do moths and butterflies eat?	I'd like to learn about moths	are you wondering what moths eat	yes i want to know about the diet of both moths and butterflies					I'd like to learn about moths are you wondering what moths eat yes i want to know about the diet of both moths and butterflies
	64	F0918	Find pictures of moths.	I'd like to learn about moths	do you need to see a picture of moth	yes					I'd like to learn about moths do you need to see a picture of moth yes
	64	F0919	How can I identify different types of moths?	I'd like to learn about moths	are you interested in moth biology	yes i am for identification purposes	do you need to identify a moth	yes i want to learn how to identify different types of moths	are you looking for luna moths	yes how can i identify different types	I'd like to learn about moths are you interested in moth biology yes i am for identification purposes do you need to identify a moth yes i want to learn how to identify different types of moths are you looking for luna moths yes how can i identify different types
	64	F0921	How do I control clothes moths in my home?	I'd like to learn about moths	are you looking to fix a moth infestation	yes					I'd like to learn about moths are you looking to fix a moth infestation yes
	65	F0922	Find background information about the Korean language.	Tell me about Korean language.	are you interested in the history of the korean language	yes i would like to learn the history of the korean language	are you looking for books on the korean language	yes	are you trying to learn the korean language	yes i want background information	Tell me about Korean language. are you interested in the history of the korean language yes i would like to learn the history of the korean language are you looking for books on the korean language yes are you trying to learn the korean language yes i want background information
	65	F0924	Find resources on learning and teaching Korean.	Tell me about Korean language.	are you looking for books on the korean language	yes	are you trying to learn the korean language	yes			Tell me about Korean language. are you looking for books on the korean language yes are you trying to learn the korean language yes
	65	F0925	Find a history of Hangul, the Korean writing system.	Tell me about Korean language.	are you interested in korean language classes	yes i am	are you looking for information about hangul	yes i want to read about its history	are you interested in the history of the korean language	yes specifically the korean writing system hangui	Tell me about Korean language. are you interested in korean language classes yes i am are you looking for information about hangul yes i want to read about its history are you interested in the history of the korean language yes specifically the korean writing system hangui
	65	F0926	Find a Korean/English bilingual dictionary.	Tell me about Korean language.	are you looking for a dictionary	yes i want to find a koreanenglish bilingual dictionary	are you looking for books on the korean language	yes a dictionary on korean and english			Tell me about Korean language. are you looking for a dictionary yes i want to find a koreanenglish bilingual dictionary are you looking for books on the korean language yes a dictionary on korean and english
	66	F0928	Find a site where I can fill out my Federal income tax return online.	I need information on income tax return online	are you looking for a specific web site	yes i want to do income tax online	would you like information on filing income taxes	yes	would you like to know more about hr block	yes tell me if they allow you to fill out my federal income tax return online	I need information on income tax return online are you looking for a specific web site yes i want to do income tax online would you like information on filing income taxes yes would you like to know more about hr block yes tell me if they allow you to fill out my federal income tax return online
	66	F0929	Find information about electronically filing (e-filing) my Federal income tax return.	I need information on income tax return online	would you like to file your income tax return online	yes	are you wanting to find income tax forms online	yes and information on how to do it	do you need to apply for a federal tax return online	yes	I need information on income tax return online would you like to file your income tax return online yes are you wanting to find income tax forms online yes and information on how to do it do you need to apply for a federal tax return online yes
	66	F0930	Where can I find information online about filing my income taxes?	I need information on income tax return online	are you looking for a specific web site	yes file income tax online	would you like information on filing income taxes	yes please	would you like to file your income tax return online	yes i want to know how to file online	I need information on income tax return online are you looking for a specific web site yes file income tax online would you like information on filing income taxes yes please would you like to file your income tax return online yes i want to know how to file online
	67	F0931	How are VLDL levels determined?	I'm looking for information on VLDL levels	would you like information about cholesterol reports	yes i would like to know how vldl levels are determined	are you interested in ways to reduce vldl levels	yes what are natural ways to reduce cholesterol levels	do you want to learn how to calculate your vldl levels	yes	I'm looking for information on VLDL levels would you like information about cholesterol reports yes i would like to know how vldl levels are determined are you interested in ways to reduce vldl levels yes what are natural ways to reduce cholesterol levels do you want to learn how to calculate your vldl levels yes
	67	F0932	What are good and bad levels of VLDL in a cholesterol test?	I'm looking for information on VLDL levels	would you like information about cholesterol reports	yes specifically i need to know about good and bad vldl levels	would you like to know more about ldl	yes specifically what levels of vldl are good or bad	would you like to see charts about vldl levels	yes	I'm looking for information on VLDL levels would you like information about cholesterol reports yes specifically i need to know about good and bad vldl levels would you like to know more about ldl yes specifically what levels of vldl are good or bad would you like to see charts about vldl levels yes
	67	F0933	What is the difference between LDL, HDL, and VLDL?	I'm looking for information on VLDL levels	would you like to know more about ldl	yes specifically how is it different from hdl and vldl	are you interested in information about the difference between vldl and hdl levels	yes			I'm looking for information on VLDL levels would you like to know more about ldl yes specifically how is it different from hdl and vldl are you interested in information about the difference between vldl and hdl levels yes
	68	F0934	Find information about PVC pipes and fittings.	Find me information about PVC	would you like to know what pvc is made of	yes and the types of fittings available	would you like to learn more about pvc pipes and fittings	yes	are you interested in pvc pipe	yes and how to fit them	Find me information about PVC would you like to know what pvc is made of yes and the types of fittings available would you like to learn more about pvc pipes and fittings yes are you interested in pvc pipe yes and how to fit them
	68	F0935	What is the material PVC?	Find me information about PVC	would you like to know what pvc is made of	yes	are you interested in how pvc is made	yes i want to know what pvc is made of	are you interested in pvc pipe	yes what material is it made of	Find me information about PVC would you like to know what pvc is made of yes are you interested in how pvc is made yes i want to know what pvc is made of are you interested in pvc pipe yes what material is it made of
	68	F0936	Find information about premature ventricular contractions.	Find me information about PVC	may i provide you medical definition of premature ventricular contractions	yes	would you like to know about premature ventricular contractions medical treatments	yes and general info on it too	would you like to know what pvc is made of	yes	Find me information about PVC may i provide you medical definition of premature ventricular contractions yes would you like to know about premature ventricular contractions medical treatments yes and general info on it too would you like to know what pvc is made of yes
	68	F0937	How are premature ventricular contractions treated?	Find me information about PVC	would you like to know about premature ventricular contractions medical treatments	yes					Find me information about PVC would you like to know about premature ventricular contractions medical treatments yes
	69	F0938	Find sewing sites for beginners.	Find sewing instructions for me	would you like to learn basics for sewing	yes please	would you like to know some basic tips for sewing	yes			Find sewing instructions for me would you like to learn basics for sewing yes please would you like to know some basic tips for sewing yes
	69	F0939	Find instructions for using a sewing machine.	Find sewing instructions for me	would you like a book about sewing	yes	would you like instructions on how to use a sewing machine	yes			Find sewing instructions for me would you like a book about sewing yes would you like instructions on how to use a sewing machine yes
	69	F0940	Find downloadable sewing patterns.	Find sewing instructions for me	are you looking for sewing patterns	yes i am interested in learning about the different types of patterns for sewing	can you read sewing patterns	yes and i need to see which ones are available online			Find sewing instructions for me are you looking for sewing patterns yes i am interested in learning about the different types of patterns for sewing can you read sewing patterns yes and i need to see which ones are available online
	69	F0941	Find helpful sewing tips for beginners.	Find sewing instructions for me	would you like to learn basics for sewing	yes i want to find helping sewing tips for beginners	would you like to know some basic tips for sewing	yes beginner tips			Find sewing instructions for me would you like to learn basics for sewing yes i want to find helping sewing tips for beginners would you like to know some basic tips for sewing yes beginner tips
	69	F0942	Find materials for teaching sewing to children.	Find sewing instructions for me	are you interested to teach sewing to children	yes i would like to have materials for teaching sewing to children	would you like to learn basics for sewing	yes specifically geared towards children	would you like a book about sewing	yes to teach children	Find sewing instructions for me are you interested to teach sewing to children yes i would like to have materials for teaching sewing to children would you like to learn basics for sewing yes specifically geared towards children would you like a book about sewing yes to teach children
	7	F0943	What restrictions are there for checked baggage during air travel?	Give me air travel information.	would you like to know more about checked baggages rules	yes i would like information on the restrictions on airline checked baggage	would you like to know more about carryon luggage rules	yes i would like a list of restrictions for carryon luggage			Give me air travel information. would you like to know more about checked baggages rules yes i would like information on the restrictions on airline checked baggage would you like to know more about carryon luggage rules yes i would like a list of restrictions for carryon luggage
	7	F0944	What are the rules for liquids in carry-on luggage?	Give me air travel information.	would you like more info on tsa guidelines	yes	would you like to know more about carryon luggage rules	yes what are the rules for liquids			Give me air travel information. would you like more info on tsa guidelines yes would you like to know more about carryon luggage rules yes what are the rules for liquids
	7	F0945	Find the website at the Transportation Security Administration (TSA) that offers air travel tips.	Give me air travel information.	would you like to know more about checked baggages rules	yes if they are good travel tips					Give me air travel information. would you like to know more about checked baggages rules yes if they are good travel tips
	70	F0946	"Find the text of Hamlet's famous ""To be or not to be"" soliloquy."	to be or not to be that is the question	are you interested in shakespeares plays	yes i would like to text from the to be or not to be soliloquy in hamlet	do you want to know the meaning of the quote	yes	do you want to know where the quote came from	yes	to be or not to be that is the question are you interested in shakespeares plays yes i would like to text from the to be or not to be soliloquy in hamlet do you want to know the meaning of the quote yes do you want to know where the quote came from yes
	70	F0947	Find famous quotes from Shakespeare's plays.	to be or not to be that is the question	are you interested in shakespeares plays	yes can you tell me some famous quotes from his plays	do you want to know where the quote came from	yes i want some background of all shakespeare quotes	are you interested in the quote from hamlet	yesthat can work	to be or not to be that is the question are you interested in shakespeares plays yes can you tell me some famous quotes from his plays do you want to know where the quote came from yes i want some background of all shakespeare quotes are you interested in the quote from hamlet yesthat can work
	70	F0948	"Find a critical analysis of Hamlet's ""To be or not to be"" soliloquy."	to be or not to be that is the question	are you interested in the quote from hamlet	yes i am interested in finding an analysis of this quote	are you referring to shakespear	yes hamlets soliloquy			to be or not to be that is the question are you interested in the quote from hamlet yes i am interested in finding an analysis of this quote are you referring to shakespear yes hamlets soliloquy
	71	F0949	Find information about buying real estate in India.	Find information about living in India.	are you interested in the cost of living in india	yes and real estate					Find information about living in India. are you interested in the cost of living in india yes and real estate
	71	F0950	Find information about how people live in India.	Find information about living in India.	would you like more information about the challenges of living in india	yes	would you like to know more about indian culture and history	yes	would you like to see a comparison of living in india versus living in the usa	yes	Find information about living in India. would you like more information about the challenges of living in india yes would you like to know more about indian culture and history yes would you like to see a comparison of living in india versus living in the usa yes
	71	F0951	Find information for visitors and immigrants about living in India.	Find information about living in India.	would you like more information about the challenges of living in india	yes	would you like to know more about indian culture and history	yes	are you interested in the best place to live in india	sure especially if it accomodates for noncitizens	Find information about living in India. would you like more information about the challenges of living in india yes would you like to know more about indian culture and history yes are you interested in the best place to live in india sure especially if it accomodates for noncitizens
	71	F0952	Find history about life and culture in India.	Find information about living in India.	would you like to know more about indian culture and history	yes from the country of india	would you like to learn about expats living in india	yes along with life and culture in india			Find information about living in India. would you like to know more about indian culture and history yes from the country of india would you like to learn about expats living in india yes along with life and culture in india
	72	F0953	Find information about the Sun, the star in our Solar System.	Find information about the sun.	do you want to know how far the sun is away from different planets	yes and other information on the sun	are you interested in the suns life cycle	yes i am interested in everything about the sun	are you interested in the suns size	yes any informationa about the sun	Find information about the sun. do you want to know how far the sun is away from different planets yes and other information on the sun are you interested in the suns life cycle yes i am interested in everything about the sun are you interested in the suns size yes any informationa about the sun
	72	F0954	Find the homepage for the U.K. newspaper, The Sun.	Find information about the sun.	are you looking for the news paper the sun	yes the uk newspaper					Find information about the sun. are you looking for the news paper the sun yes the uk newspaper
	72	F0955	Find the homepage for the Baltimore Sun newspaper.	Find information about the sun.	are you looking for the news paper the sun	yes id like the homepage for the baltimore sun					Find information about the sun. are you looking for the news paper the sun yes id like the homepage for the baltimore sun
	73	F0957	Find biographical information about Neil Young.	Tell me about Neil Young.	are you interested in neil youngs history	yes	do you want his biography	yes i need biographical information			Tell me about Neil Young. are you interested in neil youngs history yes do you want his biography yes i need biographical information
	73	F0958	Find lyrics or sheet music for Neil Young's songs.	Tell me about Neil Young.	i can show you his songs lyrics would that be okay	yes either lyrics or sheet music					Tell me about Neil Young. i can show you his songs lyrics would that be okay yes either lyrics or sheet music
	73	F0959	Find a list of Neil Young tour dates.	Tell me about Neil Young.	are you looking for neil young tour dates	yes i am trying to find a list of tour dates					Tell me about Neil Young. are you looking for neil young tour dates yes i am trying to find a list of tour dates
	74	F0960	Find information on kiwi fruit.	Tell me about kiwi	would you like to know how to grow kiwi fruit	yes i am looking for general information on kiwi fruit	would you like to know what the kiwi fruit tastes like	yes please tell me what the flavor is like	are you looking for information on the fruit kiwi	yes i do	Tell me about kiwi would you like to know how to grow kiwi fruit yes i am looking for general information on kiwi fruit would you like to know what the kiwi fruit tastes like yes please tell me what the flavor is like are you looking for information on the fruit kiwi yes i do
	74	F0961	Find information on kiwi birds.	Tell me about kiwi	are you interested in the biology of the kiwi bird	yes i would like more information about them	are you looking for information on the kiwi bird	yes			Tell me about kiwi are you interested in the biology of the kiwi bird yes i would like more information about them are you looking for information on the kiwi bird yes
	74	F0962	Can I grow a kiwi fruit tree?	Tell me about kiwi	would you like to know how to grow kiwi fruit	yes	are you looking for information on the fruit kiwi	yes primarily on how to grow a kiwi fruit tree			Tell me about kiwi would you like to know how to grow kiwi fruit yes are you looking for information on the fruit kiwi yes primarily on how to grow a kiwi fruit tree
	75	F0963	Find information about tornadoes, what causes them, and where they occur.	Find information about tornadoes	are you interested in how tornadoes are formed	yes i want to know how tornadoes are formed	are you interested in tornado disasters	yes but indirectly	are you wondering how to spot a tornado	yes along with where they happen and how they are formed	Find information about tornadoes are you interested in how tornadoes are formed yes i want to know how tornadoes are formed are you interested in tornado disasters yes but indirectly are you wondering how to spot a tornado yes along with where they happen and how they are formed
	75	F0964	Find videos and pictures of tornadoes.	Find information about tornadoes	are there any specific media type on your mind shall i play a video of tornadoes	yes	are you interested in tornado disasters	yes			Find information about tornadoes are there any specific media type on your mind shall i play a video of tornadoes yes are you interested in tornado disasters yes
	75	F0965	What were the deadliest tornadoes in history?	Find information about tornadoes	are you interested in tornado disasters	yes i want to know which tornadoes were the deadliest					Find information about tornadoes are you interested in tornado disasters yes i want to know which tornadoes were the deadliest
	75	F0966	Find information about forecasting tornadoes.	Find information about tornadoes	are there any specific media type on your mind shall i play a video of tornadoes	yes id like information on how they forecast tornadoes	are you looking for information on weather	yes specifically forecasting tornadoes	are you looking for signs to expect	yes	Find information about tornadoes are there any specific media type on your mind shall i play a video of tornadoes yes id like information on how they forecast tornadoes are you looking for information on weather yes specifically forecasting tornadoes are you looking for signs to expect yes
	76	F0967	Find plans for building a raised garden bed.	Find information on raised gardens.	is this in reference to flowers or vegetables	yes	is your request related to raised garden beds	yes i need plans for a raised garden bed	do you want to know how to create a raised garden	yes	Find information on raised gardens. is this in reference to flowers or vegetables yes is your request related to raised garden beds yes i need plans for a raised garden bed do you want to know how to create a raised garden yes
	76	F0968	Find a raised garden bed kit.	Find information on raised gardens.	is your request related to raised garden beds	yes	do you need information in different types that can be made	yes i want to find some kits			Find information on raised gardens. is your request related to raised garden beds yes do you need information in different types that can be made yes i want to find some kits
	76	F0969	What kind of wood should be used to build a raised garden bed?	Find information on raised gardens.	is your request related to raised garden beds	yes	do you need information on materials needed	yes i need to know the type of wood	do you want to know how to create a raised garden	yes and what materials to use	Find information on raised gardens. is your request related to raised garden beds yes do you need information on materials needed yes i need to know the type of wood do you want to know how to create a raised garden yes and what materials to use
	76	F0970	Find photos of raised garden beds.	Find information on raised gardens.	is this in reference to flowers or vegetables	yes	is your request related to raised garden beds	yes find pictures of it			Find information on raised gardens. is this in reference to flowers or vegetables yes is your request related to raised garden beds yes find pictures of it
	77	F0971	Find dealers that sell or rent Bobcat tractors and construction equipment.	Information about bobcat	would you like to know of any bobcats for sale	yes i would					Information about bobcat would you like to know of any bobcats for sale yes i would
	77	F0972	Find information about wild bobcats.	Information about bobcat	would you like to know the countries in which bobcats are found	yes give me all the information you have on bobcats	would you like to know the habitat of the bobcat	yes i need information on wild bobcats	are you interested in american bobcats	yes please tell me more	Information about bobcat would you like to know the countries in which bobcats are found yes give me all the information you have on bobcats would you like to know the habitat of the bobcat yes i need information on wild bobcats are you interested in american bobcats yes please tell me more
	77	F0973	Find attachments for bobcat tractors.	Information about bobcat	are you looking for a specific tractor model	yes the bobcat model					Information about bobcat are you looking for a specific tractor model yes the bobcat model
	77	F0974	Find the homepage of the Bobcat company.	Information about bobcat	are you looking for a specific web site	yes the official website of the bobcat company					Information about bobcat are you looking for a specific web site yes the official website of the bobcat company
	78	F0975	"Find ""reasonable"" dieting advice, that is not fads or medications but reasonable methods for weight loss."	I'm looking for information on dieting	would you like a list of area doctors that can give professional advice on dieting	yes	are you looking for dieting that involves no medications	yes i would like information about dieting that requires no medications			I'm looking for information on dieting would you like a list of area doctors that can give professional advice on dieting yes are you looking for dieting that involves no medications yes i would like information about dieting that requires no medications
	78	F0976	Find tips and charts for counting calories while dieting.	I'm looking for information on dieting	will the dieting be in combination with exercise or weight training	yes but i also need charts and tips for calorie counting while im on a diet	would you like to know more about dieting products for weight loss	yes	are you looking for dieting tips	yes i want tips on counting calories	I'm looking for information on dieting will the dieting be in combination with exercise or weight training yes but i also need charts and tips for calorie counting while im on a diet would you like to know more about dieting products for weight loss yes are you looking for dieting tips yes i want tips on counting calories
	78	F0978	Find herbal diet supplements and appetite suppressants.	I'm looking for information on dieting	would you like to know more about dieting products for weight loss	yes specificially herbal in nature	are you looking for dieting tips	yes i am interested in learning more about different dieting tips to loose weight	are you searching for dieting pills	yes specifically herbal ones	I'm looking for information on dieting would you like to know more about dieting products for weight loss yes specificially herbal in nature are you looking for dieting tips yes i am interested in learning more about different dieting tips to loose weight are you searching for dieting pills yes specifically herbal ones
	78	F0979	Find recommendations for dieting and exercising.	I'm looking for information on dieting	will the dieting be in combination with exercise or weight training	yes it will be in combination with exercise	would you like a list of area doctors that can give professional advice on dieting	yes that would be beneficial	are you looking for dieting that involves no medications	yes and i am looking for other dieting methods	I'm looking for information on dieting will the dieting be in combination with exercise or weight training yes it will be in combination with exercise would you like a list of area doctors that can give professional advice on dieting yes that would be beneficial are you looking for dieting that involves no medications yes and i am looking for other dieting methods
	78	F0980	Find information on low-carbohydrate diets.	I'm looking for information on dieting	are you looking for dieting tips	yes specifically lowcarb diets					I'm looking for information on dieting are you looking for dieting tips yes specifically lowcarb diets
	79	F0981	Find the homepage for the NASA Voyager mission.	tell me about Voyager	are you interested in where the voyager has been	yes and anything else about the mission from the homepage	are you referring to the space mission or anything else	yes the nasa voyager mission	do you want to know more about the nasa voyager program	yes im looking for the homepage	tell me about Voyager are you interested in where the voyager has been yes and anything else about the mission from the homepage are you referring to the space mission or anything else yes the nasa voyager mission do you want to know more about the nasa voyager program yes im looking for the homepage
	79	F0982	Find information about the NASA Voyager spacecraft and missions.	tell me about Voyager	are you interested in the history of the voyager	yes the nasa voyager	would you like to know where the voyager is today	yes	are you interested in where the voyager has been	yes id like information about nasa voyager missions	tell me about Voyager are you interested in the history of the voyager yes the nasa voyager would you like to know where the voyager is today yes are you interested in where the voyager has been yes id like information about nasa voyager missions
	79	F0983	"Find information about the television series, ""Star Trek: Voyager"""	tell me about Voyager	do you want to know more about star trek voyager	yes id like more information on the show					tell me about Voyager do you want to know more about star trek voyager yes id like more information on the show
	79	F0984	Find the homepage of the Voyager Learning Programs.	tell me about Voyager	are you looking for a specific web page	yes the homepage for the voyager learning programs					tell me about Voyager are you looking for a specific web page yes the homepage for the voyager learning programs
	8	F0985	What companies can give an appraisal of my home's value?	I want to know about appraisals.	would you like to find appraisers near you	yes	are you looking for appraisal companies near you	yes	do you need a home appraisal	yes i need a home appraisal	I want to know about appraisals. would you like to find appraisers near you yes are you looking for appraisal companies near you yes do you need a home appraisal yes i need a home appraisal
	8	F0986	I'm looking for companies that appraise jewelry.	I want to know about appraisals.	are you looking for a type of appraiser	yes jewelry	would you like to find appraisers near you	yes	do you need an antique apprasied	yes i need jewelry appraised	I want to know about appraisals. are you looking for a type of appraiser yes jewelry would you like to find appraisers near you yes do you need an antique apprasied yes i need jewelry appraised
	8	F0988	I'm looking for web sites that do antique appraisals.	I want to know about appraisals.	are you looking for a type of appraiser	yes antiques	do you need an antique apprasied	yes			I want to know about appraisals. are you looking for a type of appraiser yes antiques do you need an antique apprasied yes
	80	F0989	Find reviews of computer keyboards.	I'm looking for keyboard reviews	do you just want to rated keyboards	yes show me reviews and ratings	would you like information on this years keyboards	yes but please focus on reviews	are you interested in electronic keyboard reviews	yes	I'm looking for keyboard reviews do you just want to rated keyboards yes show me reviews and ratings would you like information on this years keyboards yes but please focus on reviews are you interested in electronic keyboard reviews yes
	80	F0990	Find reviews of electronic keyboards and digital pianos.	I'm looking for keyboard reviews	are you interested in digital pianos	yes i am	would you like information on this years keyboards	yes reviews please	are you interested in electronic keyboard reviews	yes i want to read reviews on keyboards and electronic pianos	I'm looking for keyboard reviews are you interested in digital pianos yes i am would you like information on this years keyboards yes reviews please are you interested in electronic keyboard reviews yes i want to read reviews on keyboards and electronic pianos
	80	F0991	What computer keyboards are best for gaming?	I'm looking for keyboard reviews	do you just want to rated keyboards	yes top rated keyboards for gaming	are you interested in electronic keyboard reviews	yes the best ones	would you like to know reviews for the best electronic keyboard	yes i would specifically like to see reviews on the best computer keyboards for gaming	I'm looking for keyboard reviews do you just want to rated keyboards yes top rated keyboards for gaming are you interested in electronic keyboard reviews yes the best ones would you like to know reviews for the best electronic keyboard yes i would specifically like to see reviews on the best computer keyboards for gaming
	81	F0992	Find information about Afghanistan's history, government, religion, and culture.	Tell me about Afganistan.	are you looking for a map of afghanistan	yes and any other informatio about their history culture government and religion	would you like historical information about afghanistan	yes	would you like to know where afghanistan is located	yes but also tell me about its history and general information	Tell me about Afganistan. are you looking for a map of afghanistan yes and any other informatio about their history culture government and religion would you like historical information about afghanistan yes would you like to know where afghanistan is located yes but also tell me about its history and general information
	81	F0993	Find information about the war in Afghanistan.	Tell me about Afganistan.	would you like historical information about afghanistan	yes specifically information about the war in afghanistan	do you want to know about the wars fought in afghanistan	yes	do you want to know the history of afganistan	yes i would like to know the history behind the war in afganistan	Tell me about Afganistan. would you like historical information about afghanistan yes specifically information about the war in afghanistan do you want to know about the wars fought in afghanistan yes do you want to know the history of afganistan yes i would like to know the history behind the war in afganistan
	81	F0994	Find maps of Afghanistan.	Tell me about Afganistan.	are you looking for a map of afghanistan	yes i am	would you like to know where afghanistan is located	yes and a map	would you like to know where afghanistan is on the map	yes i am interested in maps of afghanistan	Tell me about Afganistan. are you looking for a map of afghanistan yes i am would you like to know where afghanistan is located yes and a map would you like to know where afghanistan is on the map yes i am interested in maps of afghanistan
	82	F0995	Find information about joints in the human body.	I'd like to learn about joints	would you like to know the various diseases of the joints	yes as well as other facts about joints in the body	are you interested in human body joints classifications	yes	are you looking for information on the purpose of joints	yes id like to know more about joints in the human body	I'd like to learn about joints would you like to know the various diseases of the joints yes as well as other facts about joints in the body are you interested in human body joints classifications yes are you looking for information on the purpose of joints yes id like to know more about joints in the human body
	82	F0997	Find information about joint pain and how to treat it.	I'd like to learn about joints	would you like to know about home remedies for joint pain	yes	do you have joint pain	yes can you tell me more about it and what is the treatment			I'd like to learn about joints would you like to know about home remedies for joint pain yes do you have joint pain yes can you tell me more about it and what is the treatment
	83	F0998	Find information about human memory.	tell me about memory	would you like to know how to increase your memory	yes and any other general information about memory that you have	are you wondering if your memory is reliable	yes i am interested in learning about the reliability of memory	dio you want to know how memory is formed	yes	tell me about memory would you like to know how to increase your memory yes and any other general information about memory that you have are you wondering if your memory is reliable yes i am interested in learning about the reliability of memory dio you want to know how memory is formed yes
	83	F0999	Find information on various types of computer memory, and how they are different.	tell me about memory	are you interested in the type of memories	yes					tell me about memory are you interested in the type of memories yes
	84	F1001	Find maps of the continental plates.	what are continental plates	are yoiu looking for information on plate tectonics	yes but i only need maps of the continental plates	are you looking for a map of continental plates	yes	are you looking for continental plate boundaries	yes as long as i can see them on a map	what are continental plates are yoiu looking for information on plate tectonics yes but i only need maps of the continental plates are you looking for a map of continental plates yes are you looking for continental plate boundaries yes as long as i can see them on a map
	84	F1002	Find pages that give information on and evidence for continental drift.	what are continental plates	are yoiu looking for information on plate tectonics	yes	are you looking for a map of continental plates	yes a map of continental plates would be helpful	are you referencing earthquake activity	yes	what are continental plates are yoiu looking for information on plate tectonics yes are you looking for a map of continental plates yes a map of continental plates would be helpful are you referencing earthquake activity yes
	84	F1003	Find background information on plate tectonics and the lithosphere.	what are continental plates	are yoiu looking for information on plate tectonics	yes information on continental plate tectonics and the lithosphere	are you looking for a map of continental plates	yes i would like to see a map of the plates as part of the background information	are you looking for information on plate tectonics and the lithosphere	yes i would like informatioin on plate tectonics and the lithosphere	what are continental plates are yoiu looking for information on plate tectonics yes information on continental plate tectonics and the lithosphere are you looking for a map of continental plates yes i would like to see a map of the plates as part of the background information are you looking for information on plate tectonics and the lithosphere yes i would like informatioin on plate tectonics and the lithosphere
	85	F1004	Find the Milwaukee Journal Sentinel web site.	Find information from the milwaukee journal sentinel.	would you like the read the most recent article	yes	are you looking for a specific web site	yes the milwaukee journal sentinal web site			Find information from the milwaukee journal sentinel. would you like the read the most recent article yes are you looking for a specific web site yes the milwaukee journal sentinal web site
	85	F1005	Find the sports section of the Milwaukee Journal Sentinel.	Find information from the milwaukee journal sentinel.	are you looking for a specific web site	yes					Find information from the milwaukee journal sentinel. are you looking for a specific web site yes
	85	F1006	Find archives of articles from the Milwaukee Journal Sentinel.	Find information from the milwaukee journal sentinel.	do you want an app for the sentinel	yes that would be helpful					Find information from the milwaukee journal sentinel. do you want an app for the sentinel yes that would be helpful
	85	F1007	Find obituaries and archived obituaries from the Milwaukee Journal Sentinel.	Find information from the milwaukee journal sentinel.	would you like the read the most recent article	yes					Find information from the milwaukee journal sentinel. would you like the read the most recent article yes
	86	F1008	Find BART train schedules and fares.	tell me about bart sf	do you need to purchase a bart ticket	right now i just want their schedule and fare prices	are you looking for bart travel schedules	yes	are you looking for a specific web site	yes the bart one that has train schedules and fares	tell me about bart sf do you need to purchase a bart ticket right now i just want their schedule and fare prices are you looking for bart travel schedules yes are you looking for a specific web site yes the bart one that has train schedules and fares
	86	F1009	Find maps of the BART system.	tell me about bart sf	are you interested in bart sf the company	yes i would like to find maps of the bart sf system	do you need information on how to ride the bart	yes	are you looking for a map of the bart system	yes	tell me about bart sf are you interested in bart sf the company yes i would like to find maps of the bart sf system do you need information on how to ride the bart yes are you looking for a map of the bart system yes
	86	F1010	Find a site that automatically plans trips on the BART system.	tell me about bart sf	are you interested in bart sf the company	yes but a site that does it	do you need information on how to ride the bart	yes i need details on how to travel around on bart	do you need to purchase a bart ticket	right now i want to plan a trip on bart	tell me about bart sf are you interested in bart sf the company yes but a site that does it do you need information on how to ride the bart yes i need details on how to travel around on bart do you need to purchase a bart ticket right now i want to plan a trip on bart
	87	F1011	Find information on the history and development of music.	who invented music	do you want to know what kind of music was the first	yes as well as how music developed from that point onward	do you wish to know how music videos started	yes and more information on the history of music	would you like to know about inventions related to music	yes and other history	who invented music do you want to know what kind of music was the first yes as well as how music developed from that point onward do you wish to know how music videos started yes and more information on the history of music would you like to know about inventions related to music yes and other history
	87	F1012	Find a history of classical music.	who invented music	is there any specific music genre you are interested in	yes classical musics history is what i which to learn about	are you looking for the history of classical music	yes that is precisely what i am looking for			who invented music is there any specific music genre you are interested in yes classical musics history is what i which to learn about are you looking for the history of classical music yes that is precisely what i am looking for
	87	F1014	Who invented the radio?	who invented music	would you like to know about inventions related to music	yes specifically the radio					who invented music would you like to know about inventions related to music yes specifically the radio
	88	F1015	What kinds of injuries or conditions can cause forearm pain?	Where can I find information about forearm pain?	are you having forearm pain	yes and im wondering what is causing it	there are some interesting articles on preventing forearm pain are you interested	yes i also need to know what could be the cause	are you interested in the anatomy of forearms	yes but only pertaining to injury	Where can I find information about forearm pain? are you having forearm pain yes and im wondering what is causing it there are some interesting articles on preventing forearm pain are you interested yes i also need to know what could be the cause are you interested in the anatomy of forearms yes but only pertaining to injury
	88	F1016	Find pages or sites that describe the anatomy of the forearm.	Where can I find information about forearm pain?	are you having forearm pain	yes and i want to see which part may be hurting	do you have forearm pain from typing	yes and i would like any information on the the forearms anatomy	are you interested in the anatomy of forearms	yes	Where can I find information about forearm pain? are you having forearm pain yes and i want to see which part may be hurting do you have forearm pain from typing yes and i would like any information on the the forearms anatomy are you interested in the anatomy of forearms yes
	88	F1017	What are some exercises recommended for forearm pain?	Where can I find information about forearm pain?	do you have forearm pain when extending your arm	yes	does your forearm hurt from sports	yes what exercises can i do to ease the pain	are you looking for a specific method to cure your forearm pain	yes id like to know some excercises that would be recommended for forearm pain	Where can I find information about forearm pain? do you have forearm pain when extending your arm yes does your forearm hurt from sports yes what exercises can i do to ease the pain are you looking for a specific method to cure your forearm pain yes id like to know some excercises that would be recommended for forearm pain
	88	F1018	Are there good home remedies for elbow pain?	Where can I find information about forearm pain?	does your forearm hurt from sports	yes it does	are you looking for any specific web pages	yes for home remidies for elbow pain	are you looking for treatments to forearm pain	yes i am looking for home remedies for forearm pain	Where can I find information about forearm pain? does your forearm hurt from sports yes it does are you looking for any specific web pages yes for home remidies for elbow pain are you looking for treatments to forearm pain yes i am looking for home remedies for forearm pain
	88	F1019	Find information about tendinitis in the forearms.	Where can I find information about forearm pain?	do you have forearm pain when extending your arm	yes i do have forearm pain when i extend my arm	does your forearm hurt from twisting	yes what information on forearm tendinitis can you give me	there are some interesting articles on preventing forearm pain are you interested	yes and i want to read about tendinitis in the forearm	Where can I find information about forearm pain? do you have forearm pain when extending your arm yes i do have forearm pain when i extend my arm does your forearm hurt from twisting yes what information on forearm tendinitis can you give me there are some interesting articles on preventing forearm pain are you interested yes and i want to read about tendinitis in the forearm
	88	F1020	Find information about supports and braces for the forearm to prevent injury or lessen pain.	Where can I find information about forearm pain?	are you having forearm pain	yes what forearm supports and braces can ease the pain	are you looking for a specific method to cure your forearm pain	yes supports and braces for the pain	are you looking for any specific web pages	yes about supports and braces for the forearm	Where can I find information about forearm pain? are you having forearm pain yes what forearm supports and braces can ease the pain are you looking for a specific method to cure your forearm pain yes supports and braces for the pain are you looking for any specific web pages yes about supports and braces for the forearm
	89	F1021	Find basic background information on obsessive-compulsive disorder (OCD).	Give me information on OCD.	would you like to know more about ocd	yes	do you want to know more about the different types of ocd	yes i need to know about differet types of ocd	are you looking for a definition of ocd	yes	Give me information on OCD. would you like to know more about ocd yes do you want to know more about the different types of ocd yes i need to know about differet types of ocd are you looking for a definition of ocd yes
	89	F1022	What are the symptoms of obsessive-compulsive disorder?	Give me information on OCD.	would you like to know more about ocd	yes what are the symptoms of ocd	do you want to know the symptoms of ocd	yes i do			Give me information on OCD. would you like to know more about ocd yes what are the symptoms of ocd do you want to know the symptoms of ocd yes i do
	89	F1023	What medications are used for treating OCD?	Give me information on OCD.	are you interested in ocd medications	yes	are you looking for treatment for ocd	yes specifically the medications used to treat it			Give me information on OCD. are you interested in ocd medications yes are you looking for treatment for ocd yes specifically the medications used to treat it
	89	F1024	Find personal stories about living with OCD.	Give me information on OCD.	would you like to know more about ocd	yes i would like to know more about living with ocd	do you want to know more about the different types of ocd	yes as long as it is personal stories	are you looking for documentaries of people who live with ocd	yes i would like to see documentaries of people living with ocd	Give me information on OCD. would you like to know more about ocd yes i would like to know more about living with ocd do you want to know more about the different types of ocd yes as long as it is personal stories are you looking for documentaries of people who live with ocd yes i would like to see documentaries of people living with ocd
	89	F1025	Find information about OCD in children and how to identify it.	Give me information on OCD.	are you interested in ocd in children	yes i would like some info on it and how to tell if a child has it	would you like to know more about ocd	yes how to indentify ocd in children	are you looking for a definition of ocd	yes i need a definition of ocd	Give me information on OCD. are you interested in ocd in children yes i would like some info on it and how to tell if a child has it would you like to know more about ocd yes how to indentify ocd in children are you looking for a definition of ocd yes i need a definition of ocd
	89	F1026	Find strategies for parents of children with OCD.	Give me information on OCD.	are you interested in ocd in children	yes need strategies for the parents	are you looking for specific information related to parents of children with ocd	yes i want to know how to deal with ocd as a parent	are you looking for treatment for ocd	yes i am very interested in learning more about treatment options for ocd in children	Give me information on OCD. are you interested in ocd in children yes need strategies for the parents are you looking for specific information related to parents of children with ocd yes i want to know how to deal with ocd as a parent are you looking for treatment for ocd yes i am very interested in learning more about treatment options for ocd in children
	9	F1027	I'm looking for online sites that sell car parts.	I am looking for sources of used car parts.	would you like to know maore about getting the best used car parts	yes i need an online site that sells used car parts	are you looking for a specific web site	yes i need a website that sells car parts	are you looking for a specific web site	yes i need sites that sell used car parts	I am looking for sources of used car parts. would you like to know maore about getting the best used car parts yes i need an online site that sells used car parts are you looking for a specific web site yes i need a website that sells car parts are you looking for a specific web site yes i need sites that sell used car parts
	9	F1028	I'm looking for the car-part.com web site.	I am looking for sources of used car parts.	are you interested in a specific part	yes i just need the site though	do you want to sell used car parts	yes i need a website to buy used car parts	are you looking for a specific web site	yes i am interested in the website carpartcom	I am looking for sources of used car parts. are you interested in a specific part yes i just need the site though do you want to sell used car parts yes i need a website to buy used car parts are you looking for a specific web site yes i am interested in the website carpartcom
	9	F1029	I want to find a salvage or junk yard.	I am looking for sources of used car parts.	would you like to pick parts yourself from a salvage yard	yes	are you looking for the nearest junck yard	yes that would help	do you want to obtain used car parts	yes	I am looking for sources of used car parts. would you like to pick parts yourself from a salvage yard yes are you looking for the nearest junck yard yes that would help do you want to obtain used car parts yes
	9	F1030	I'm looking for parts for commercial vehicles such as heavy trucks and semis.	I am looking for sources of used car parts.	would you like to know maore about getting the best used car parts	yes	are you interested in heavy trucks part	yes i am looking for used parts for heavy trucks and semis	are you looking for used car parts for a particular model of car	yes for heavy trucks and semis	I am looking for sources of used car parts. would you like to know maore about getting the best used car parts yes are you interested in heavy trucks part yes i am looking for used parts for heavy trucks and semis are you looking for used car parts for a particular model of car yes for heavy trucks and semis
	9	F1031	I want to find online sources for NAPA parts.	I am looking for sources of used car parts.	would you like to know maore about getting the best used car parts	yes for napa	are you looking for a specific web site	yes i am looking for napa autoparts online	are you looking for a specific web site	yes websites that sell napa parts	I am looking for sources of used car parts. would you like to know maore about getting the best used car parts yes for napa are you looking for a specific web site yes i am looking for napa autoparts online are you looking for a specific web site yes websites that sell napa parts
	90	F1032	Find information about the MGB sports car.	tell me about mgb	are you looking for more information about mgb	yes	are you looking for pictures of the mgb	yes and information	are you looking for what mgb stands for	yes	tell me about mgb are you looking for more information about mgb yes are you looking for pictures of the mgb yes and information are you looking for what mgb stands for yes
	90	F1033	Find sites for MGB car owners and enthusiasts.	tell me about mgb	are you interested in the gt or the roadster	yes but i want forums for sharing					tell me about mgb are you interested in the gt or the roadster yes but i want forums for sharing
	90	F1034	Find information on mini gastric bypass surgery.	tell me about mgb	are you looking for mini gastric bypass surgery	yes	are you looking for more information about mgb	yes			tell me about mgb are you looking for mini gastric bypass surgery yes are you looking for more information about mgb yes
	91	F1035	Find summaries of episodes from the show ER.	Tell me about er television show.	are you interested in summaries of episodes of er tv show	yes i would like to see summaries of the episodes of er the tv show					Tell me about er television show. are you interested in summaries of episodes of er tv show yes i would like to see summaries of the episodes of er the tv show
	91	F1036	Find episodes of ER I can download or watch online.	Tell me about er television show.	do you want to watch er tv show	yes i would also like to download them	are you looking for a website to watch er tv show online	yes episodes to download would work also	are you looking for ways to watch er	yes i want episodes of er i can download or watch online	Tell me about er television show. do you want to watch er tv show yes i would also like to download them are you looking for a website to watch er tv show online yes episodes to download would work also are you looking for ways to watch er yes i want episodes of er i can download or watch online
	91	F1037	Find music that featured on the show ER.	Tell me about er television show.	are you looking for the featured music on the er tv show	yes i am thank you					Tell me about er television show. are you looking for the featured music on the er tv show yes i am thank you
	92	F1038	"Find information about the Pink Floyd album, ""The Wall"""	Find information about the wall	are you looking for a specific web site	yes					Find information about the wall are you looking for a specific web site yes
	92	F1039	"Where can I buy Pink Floyd's album, ""The Wall""?"	Find information about the wall	are you interested in downloading the album the wall	yes id like to buy it	are you looking for a specific web site	yes how about the one with the best prices			Find information about the wall are you interested in downloading the album the wall yes id like to buy it are you looking for a specific web site yes how about the one with the best prices
	92	F1040	Find information about the Vietnam Veterans Memorial in Washington, DC.	Find information about the wall	are you referring to the vietnam veterans memorial wall	yes i am interested in the vietnam veterans and would like to learn more about the history on the memorial wall					Find information about the wall are you referring to the vietnam veterans memorial wall yes i am interested in the vietnam veterans and would like to learn more about the history on the memorial wall
	92	F1041	Find sites devoted to the Vietnam Veterans Memorial, such as virtual tours and databases of names inscribed on the wall.	Find information about the wall	are you referring to the vietnam veterans memorial wall	yes i need to know which sites offer virtual tours and a list of names on the wall	are you looking for a specific web site	yes ones that focus primarily on the vietnam veterans memorials virtual tours and databases of the walls inscribed names			Find information about the wall are you referring to the vietnam veterans memorial wall yes i need to know which sites offer virtual tours and a list of names on the wall are you looking for a specific web site yes ones that focus primarily on the vietnam veterans memorials virtual tours and databases of the walls inscribed names
	92	F1042	"Find information about the movie ""Pink Floyd The Wall""."	Find information about the wall	are you looking for a specific movie	yes am looking for the movie pink floyd the wall					Find information about the wall are you looking for a specific movie yes am looking for the movie pink floyd the wall
	93	F1043	Find the homepage of Raffles Hotel in Singapore.	Information about raffles	would you like to book a hotel i singapore	yes specifically raffles hotel	are you interested in raffles hotels and resorts	yes specifically the one in singapore			Information about raffles would you like to book a hotel i singapore yes specifically raffles hotel are you interested in raffles hotels and resorts yes specifically the one in singapore
	93	F1044	Find biographical information about Sir Stamford Raffles.	Information about raffles	would you like to know more about sir stamford raffles	yes i want this information					Information about raffles would you like to know more about sir stamford raffles yes i want this information
	93	F1045	Find information on organizing a raffle, for example for a charity or school.	Information about raffles	are you planning to organize a raffle for a specific event	yes for a school or charity					Information about raffles are you planning to organize a raffle for a specific event yes for a school or charity
	93	F1046	Find the homepage of the Raffles hotel in Dubai.	Information about raffles	are you interested in raffles hotels and resorts	yes i want the homepage					Information about raffles are you interested in raffles hotels and resorts yes i want the homepage
	93	F1047	Find information about car raffles.	Information about raffles	are you trying to look up the results of a raffle in your area	yes if they involve cars	are you interested in raffles in which one can enter and win	yes for cars	are you looking for raffle tickets in your area to purchase	yes car raffles specifically	Information about raffles are you trying to look up the results of a raffle in your area yes if they involve cars are you interested in raffles in which one can enter and win yes for cars are you looking for raffle tickets in your area to purchase yes car raffles specifically
	94	F1048	Find information on the Nissan Titan truck.	Give me information about Titan.	are you interested in a specific titan	yes the nissan titan pickup truck	would you like to see the a specific titan	yes the nissan titan truck	are you interested in a specific web page	yes the web page for the nissan titan truck	Give me information about Titan. are you interested in a specific titan yes the nissan titan pickup truck would you like to see the a specific titan yes the nissan titan truck are you interested in a specific web page yes the web page for the nissan titan truck
	94	F1049	Find the homepage for Titan watches.	Give me information about Titan.	are you referring to the watch brand	yes im looking for the brands homepage	are you interested in a specific web page	yes i am interested in the homepage for the titan watches			Give me information about Titan. are you referring to the watch brand yes im looking for the brands homepage are you interested in a specific web page yes i am interested in the homepage for the titan watches
	94	F1050	Find the homepage for Titan motorcycles.	Give me information about Titan.	are you interested in a specific titan	yes titan motorcycles	would you like to see the a specific titan	yes i want to see titan motorcycles	are you interested in a specific web page	yes the hompage for titan motorcycles	Give me information about Titan. are you interested in a specific titan yes titan motorcycles would you like to see the a specific titan yes i want to see titan motorcycles are you interested in a specific web page yes the hompage for titan motorcycles
	94	F1051	Find information about Saturn's moon, Titan.	Give me information about Titan.	are you interested in a specific titan	yes i am specifically interested in saturns moon	are you referring to titan the moon of saturn	yes find information about it please			Give me information about Titan. are you interested in a specific titan yes i am specifically interested in saturns moon are you referring to titan the moon of saturn yes find information about it please
	94	F1052	Find the homepage of the Tennessee Titans.	Give me information about Titan.	are you interested in a specific web page	yes the homepage for the tennesse titans					Give me information about Titan. are you interested in a specific web page yes the homepage for the tennesse titans
	96	F1053	Find recipes for rice, for example fried rice or rice pudding.	tell me about rice?	are you looking for a specific recipe	yes i am looking for rice recipes	are you looking for recipes that include rice	yes i want recipes for rice	do you need instructions for cooking rice	yes i am looking for rice recipes	tell me about rice? are you looking for a specific recipe yes i am looking for rice recipes are you looking for recipes that include rice yes i want recipes for rice do you need instructions for cooking rice yes i am looking for rice recipes
	96	F1054	Find the homepage of Rice University.	tell me about rice?	are you interested in a specific web page	yes the home page of rice university	are you looking for rice university	yes i am looking for rice universitys homepage			tell me about rice? are you interested in a specific web page yes the home page of rice university are you looking for rice university yes i am looking for rice universitys homepage
	96	F1055	Find biographical information about former Secretary of State Condoleeza Rice.	tell me about rice?	are you interested in a specific web page	yes her biographty	are you referring to a person named rice	yes condoleeza rice			tell me about rice? are you interested in a specific web page yes her biographty are you referring to a person named rice yes condoleeza rice
	96	F1056	What is the nutritional value of white rice?	tell me about rice?	do you want to know the nutritional content of rice	yes i want to know the nutritional value of rice	are you looking for a specific type of rice	yes white rice			tell me about rice? do you want to know the nutritional content of rice yes i want to know the nutritional value of rice are you looking for a specific type of rice yes white rice
	97	F1057	Find pages that give the history of South Africa.	I'm looking for information about South Africa	would you like the history of south africa	yes i am interested in pages that give the history of south africa					I'm looking for information about South Africa would you like the history of south africa yes i am interested in pages that give the history of south africa
	97	F1058	Find maps of South Africa.	I'm looking for information about South Africa	would you like to see some pictures of south africa	yes	do you want to know where south africa is	yes i want maps of south africa	do you want a map of south africa	yes	I'm looking for information about South Africa would you like to see some pictures of south africa yes do you want to know where south africa is yes i want maps of south africa do you want a map of south africa yes
	97	F1059	Find pictures of South Africa.	I'm looking for information about South Africa	would you like to see some pictures of south africa	yes					I'm looking for information about South Africa would you like to see some pictures of south africa yes
	98	F1060	How do I register to take the SAT exam?	Find me information on sat	are you interested in a specific web page	yes i want the registration webpage	do you want to register to take the sat test	yes i want to register	do you need more information about the sat test	yes i need to register	Find me information on sat are you interested in a specific web page yes i want the registration webpage do you want to register to take the sat test yes i want to register do you need more information about the sat test yes i need to register
	98	F1061	Find general information about the SATs.	Find me information on sat	do you want to know who grades your sats	yes and any other information about the sat you can give me	are you looking for the nearest sat testing location	yes but i would also like to know general information about the test	do you need sat study materials	yes i would like any information you have	Find me information on sat do you want to know who grades your sats yes and any other information about the sat you can give me are you looking for the nearest sat testing location yes but i would also like to know general information about the test do you need sat study materials yes i would like any information you have
	98	F1062	What are typical and good ranges for SAT scores? What is the average score?	Find me information on sat	do you need any specific information about sat grades	yes i want to know what is a good range for the scores	do you need more information about the sat test	yes what is the average score for the sat test and what are the ranges of the scores			Find me information on sat do you need any specific information about sat grades yes i want to know what is a good range for the scores do you need more information about the sat test yes what is the average score for the sat test and what are the ranges of the scores
	98	F1063	Find information on test preparation materials and courses for the SAT.	Find me information on sat	do you need sat study materials	yes i want info on test prep materials and courses for sat studying	do you need more information about the sat test	yes specifically info on test prep materials and sat prep courses			Find me information on sat do you need sat study materials yes i want info on test prep materials and courses for sat studying do you need more information about the sat test yes specifically info on test prep materials and sat prep courses
	98	F1064	Take me to the homepage of the College Board, authors of the SAT.	Find me information on sat	are you interested in a specific web page	yes i need to go to the college board homepage					Find me information on sat are you interested in a specific web page yes i need to go to the college board homepage
	99	F1065	Find background information about man-made satellites.	Tell me more about satilies	are you interested in learning more about satellite phones or radio	yes what are peoples experiences and reviews with satellite phones					Tell me more about satilies are you interested in learning more about satellite phones or radio yes what are peoples experiences and reviews with satellite phones
	99	F1066	Find satellite maps and geographic images.	Tell me more about satilies	are you referring to satellite imagery on google maps	yes that would suffice					Tell me more about satilies are you referring to satellite imagery on google maps yes that would suffice
	99	F1067	Find providers of satellite television.	Tell me more about satilies	are you inquiring about satellite tv	yes i would like providers that offer satellite tv					Tell me more about satilies are you inquiring about satellite tv yes i would like providers that offer satellite tv
	99	F1069	Find providers of satellite internet service.	Tell me more about satilies	are you inquiring about satellite tv	yes exactly	are you interested in learning more about satellite phones or radio	yes	are you looking for a company which provides internet services	yes i am looking for satellite internet providers	Tell me more about satilies are you inquiring about satellite tv yes exactly are you interested in learning more about satellite phones or radio yes are you looking for a company which provides internet services yes i am looking for satellite internet providers
